Name,Hash,Id,Tag,Rarity,Tier,Type,Source,Category,Element,Ammo,Power,Archetype,Masterwork Type,Masterwork Tier,Owner,Locked,Equipped,Holofoil,Year,Season,Event,Recoil,AA,Impact,Range,Zoom,Blast Radius,Velocity,Persistence,Stability,ROF,Reload,Mag,Handling,Charge Time,Draw Time,Accuracy,Charge Rate,Guard Resistance,Guard Endurance,Swing Speed,Shield Duration,Airborne Effectiveness,Ammo Generation,Heat Generated,Cooling Efficiency,Crafted,Crafted Level,Kill Tracker,Foundry,Loadouts,Notes,Perks 0,Perks 1,Perks 2,Perks 3,Perks 4,Perks 5,Perks 6,Perks 7,Perks 8,Perks 9,Perks 10,Perks 11,Perks 12,Perks 13,Perks 14,Perks 15,Perks 16,Perks 17,Perks 18
21% Delirium,1600633250,"""6917530029202663520""",,Legendary,0,Machine Gun,gambit,Power,Arc,heavy,459,Rapid-Fire Frame,Stability,10,Vault,false,false,false,2,6,,75,70,25,44,16,0,0,0,67,900,37,102,48,0,0,0,0,0,0,0,0,16,45,0,0,false,0,268,,,,Rapid-Fire Frame*,Polygonal Rifling*,Extended Mag*,Overflow*,Killing Tally*,Kill Tracker,Counterbalance Stock*,Masterworked: Stability*,,,,,,,,,,,
A Distant Pull,1769847435,"""6917529979575855288""",,Legendary,0,Sniper Rifle,sonar,KineticSlot,Stasis,special,10,Rapid-Fire Frame,Handling,1,Vault,false,false,false,6,21,,58,72,55,40,35,0,0,0,40,140,56,6,61,0,0,0,0,0,0,0,0,10,39,0,0,false,0,2,,,,Rapid-Fire Frame*,Full Bore*,Steady Rounds*,Triple Tap*,Headstone*,Kill Tracker,Unsated Hunger*,Tier 1: Handling*,,,,,,,,,,,
A Sudden Death,2855157553,"""6917529739823905911""",,Legendary,0,Shotgun,dungeon,Energy,Arc,special,10,Aggressive Frame,Handling,2,Vault,false,false,false,4,15,,74,30,80,34,12,0,0,0,26,55,32,5,11,0,0,0,0,0,0,0,0,2,38,0,0,false,0,0,,,,Aggressive Frame*,Rifled Barrel*,Smoothbore,Appended Mag*,Light Mag,Slideshot*,Surrounded*,Kill Tracker,Tier 2: Handling*,,,,,,,,,,
A Sudden Death,2855157553,"""6917529980839550749""",,Legendary,0,Shotgun,dungeon,Energy,Arc,special,10,Aggressive Frame,Stability,1,Vault,false,false,false,4,15,,74,30,80,34,12,0,0,0,27,55,32,5,9,0,0,0,0,0,0,0,0,2,38,0,0,false,0,0,,,,Aggressive Frame*,Rifled Barrel*,Full Choke,Appended Mag*,Tactical Mag,Surplus*,Surrounded*,Kill Tracker,Tier 1: Stability*,,,,,,,,,,
A Swift Verdict,1626503676,"""6917529739068833846""",,Legendary,0,Sidearm,dungeon,Energy,Void,primary,10,Precision Frame,Range,5,Vault,false,false,false,4,15,,95,90,51,57,12,0,0,0,50,260,25,14,47,0,0,0,0,0,0,0,0,12,32,0,0,false,0,0,,,,Precision Frame*,Control SAS*,Target SAS,Appended Mag*,High-Caliber Rounds,Surplus*,Wellspring*,Kill Tracker,Tier 5: Range*,,,,,,,,,,
Abide the Return,1644160541,"""6917529841410275834""",,Legendary,0,Sword,dreaming,Power,Solar,heavy,10,Adaptive Frame,Impact,3,Vault,false,false,false,2,4,,0,0,59,0,0,0,0,0,0,0,0,74,0,0,0,0,20,40,40,40,0,0,0,0,0,false,0,0,,,,Adaptive Frame*,Enduring Blade*,Jagged Edge,Balanced Guard*,Heavy Guard,Relentless Strikes*,Whirlwind Blade*,Kill Tracker,Tier 3: Impact*,,,,,,,,,,
Abide the Return,250721843,"""6917529961365473479""",,Legendary,0,Sword,dreaming,Power,Solar,heavy,10,Adaptive Frame,Impact,3,Vault,false,false,false,6,23,,0,0,59,0,0,0,0,0,0,0,0,74,0,0,0,0,20,40,40,40,0,0,0,0,0,false,0,0,,,,Adaptive Frame*,Enduring Blade*,Jagged Edge,Balanced Guard*,Swordmaster's Guard,Relentless Strikes*,Incandescent*,Advanced Reflexes*,Kill Tracker,Tier 3: Impact*,,,,,,,,,
Abide the Return,250721843,"""6917529971510807039""",,Legendary,0,Sword,dreaming,Power,Solar,heavy,10,Adaptive Frame,Impact,1,Vault,false,false,false,6,23,,0,0,62,0,0,0,0,0,0,0,0,67,0,0,0,0,20,80,0,40,0,0,0,0,0,false,0,15,,,"AI v2.3 COULD DELETE — same weapon name, hash/version, and intrinsic frame as the proposed retained copy. Selected main-trait pair is duplicated by a stronger retained copy; legal main-trait options are covered by a stronger copy. Retain Abide the Return ID 6917529961365473479. Still review origin-trait selection, barrels, magazines, Masterwork, stats, source, build role, and personal feel before dismantling.",Adaptive Frame*,Honed Edge*,Tempered Edge,Burst Guard*,Enduring Guard,Relentless Strikes*,Incandescent*,Advanced Reflexes*,Kill Tracker,Tier 1: Impact*,,,,,,,,,
Abide the Return,250721843,"""6917529975887372133""",,Legendary,0,Sword,dreaming,Power,Solar,heavy,10,Adaptive Frame,Impact,3,Vault,false,false,false,6,23,,0,0,59,0,0,0,0,0,0,0,0,74,0,0,0,0,20,80,0,40,0,0,0,0,0,false,0,0,,,,Adaptive Frame*,Enduring Blade*,Tempered Edge,Burst Guard*,Enduring Guard,Thresh*,Attrition Orbs*,Advanced Reflexes*,Kill Tracker,Tier 3: Impact*,,,,,,,,,
Abide the Return,1291270049,"""6917530187760624028""",keep,Legendary,5,Sword,dreaming,Power,Solar,heavy,395,Adaptive Frame,Impact,3,Vault,true,false,false,8,28,,0,0,59,0,0,0,0,0,0,0,0,74,0,0,0,0,20,41,43,40,0,0,0,0,0,false,0,0,,,,Adaptive Frame*,Enduring Blade*,Jagged Edge,Balanced Guard*,Enduring Guard,Tireless Blade*,Turnabout,Unrelenting,Whirlwind Blade*,Attrition Orbs,Eager Edge,Advanced Reflexes*,Kill Tracker,Tier 3: Impact*,Triumphant Pulse*,,,,
Abyssal Edge,4221591387,"""6917530087017907046""",,Legendary,0,Sword,,Power,Strand,heavy,10,Wave Sword Frame,Impact,10,Hunter(60),false,false,false,7,26,,0,0,64,0,0,0,0,0,0,0,0,71,0,0,0,0,10,70,60,40,0,0,0,0,0,false,0,0,,,,Wave Sword Frame*,Hungry Edge*,Enduring Blade,Honed Edge,Heavy Guard*,Swordmaster's Guard,Tireless Blade*,Duelist's Trance,Elemental Honing*,Redirection,Willing Vessel*,Runneth Over,Kill Tracker,Masterworked: Impact*,,,,,
Ace of Spades,347366834,"""6917529205115842305""",,Exotic,0,Hand Cannon,,KineticSlot,Kinetic,primary,456,Memento Mori,,10,Vault,false,false,false,2,4,,100,70,84,85,14,0,0,0,50,140,42,13,50,0,0,0,0,0,0,0,0,14,56,0,0,false,0,446,,,,Memento Mori*,Corkscrew Rifling*,High-Caliber Rounds*,Firefly*,Smooth Grip*,Kill Tracker,Ace of Spades Catalyst*,,,,,,,,,,,,
Acosmic,425681240,"""6917530071956743083""",,Legendary,0,Grenade Launcher,events,Power,Void,heavy,10,Rapid-Fire Frame,Handling,3,Vault,true,false,false,7,25,Festival of the Lost,64,36,0,0,13,30,48,0,28,150,56,5,28,0,0,0,0,0,0,0,0,18,50,0,0,false,0,0,nadir,,,Rapid-Fire Frame*,Confined Launch*,Smart Drift Control,Alloy Casing*,Mini Frags,Withering Gaze*,Chain Reaction*,Search Party*,Nadir Focus,Kill Tracker,Tier 3: Handling*,,,,,,,,
Acosmic,425681240,"""6917530071956749427""",,Legendary,0,Grenade Launcher,events,Power,Void,heavy,10,Rapid-Fire Frame,Handling,2,Vault,false,false,false,7,25,Festival of the Lost,64,36,0,0,13,5,63,0,28,150,26,5,27,0,0,0,0,0,0,0,0,18,50,0,0,false,0,0,nadir,,,Rapid-Fire Frame*,Linear Compensator*,Smart Drift Control,Proximity Grenades*,High-Velocity Rounds,Enlightened Action*,Explosive Light*,Search Party*,Nadir Focus,Kill Tracker,Tier 2: Handling*,,,,,,,,
Adamantite,621450049,"""6917530191288973338""",,Legendary,3,Auto Rifle,,KineticSlot,Strand,primary,461,Support Frame,Stability,3,Vault,false,false,false,8,28,,52,64,21,54,16,0,0,0,42,600,66,44,65,0,0,0,0,0,0,0,0,23,54,0,0,false,0,0,,,,Support Frame*,Full Bore*,Smallbore,Alloy Magazine*,Flared Magwell,Pugilist*,Redirection,Desperate Measures*,Aggregate Charge,Heretical Behavior*,Willing Vessel,Kill Tracker,Tier 3: Stability*,,,,,,
Adamantite,3229982889,"""6917530192841995068""",,Legendary,0,Auto Rifle,heresy,KineticSlot,Strand,primary,461,Support Frame,Stability,1,Vault,false,false,false,7,26,,62,64,21,59,16,0,0,0,50,600,66,44,60,0,0,0,0,0,0,0,0,23,54,0,0,false,0,0,,,,Support Frame*,Extended Barrel*,Hammer-Forged Rifling,Accurized Rounds*,Flared Magwell,Subsistence*,Hatchling*,Willing Vessel*,Kill Tracker,Tier 1: Stability*,,,,,,,,,
Adhortative,2993554824,"""6917529972543486349""",,Legendary,0,Pulse Rifle,rivenslair,Energy,Solar,primary,10,Adaptive Frame,Stability,1,Vault,false,false,false,6,23,,61,61,29,46,17,0,0,0,56,390,39,37,57,0,0,0,0,0,0,0,0,10,52,0,0,false,0,0,,,,Adaptive Frame*,Fluted Barrel*,Hammer-Forged Rifling,Armor-Piercing Rounds*,High-Caliber Rounds,Attrition Orbs*,Incandescent*,Nano-Munitions*,Kill Tracker,Tier 1: Stability*,,,,,,,,,
Adhortative,2993554824,"""6917529972589697699""",,Legendary,0,Pulse Rifle,rivenslair,Energy,Solar,primary,10,Adaptive Frame,Stability,2,Vault,false,false,false,6,23,,71,61,29,46,17,0,0,0,72,390,39,37,37,0,0,0,0,0,0,0,0,10,52,0,0,false,0,0,,,,Adaptive Frame*,Chambered Compensator*,Hammer-Forged Rifling,Ricochet Rounds*,Flared Magwell,Feeding Frenzy*,Golden Tricorn*,Nano-Munitions*,Kill Tracker,Tier 2: Stability*,,,,,,,,,
Adhortative,2993554824,"""6917529980827243908""",,Legendary,0,Pulse Rifle,rivenslair,Energy,Solar,primary,10,Adaptive Frame,Range,2,Vault,false,false,false,6,23,,61,61,29,53,17,0,0,0,65,390,39,37,47,0,0,0,0,0,0,0,0,10,52,0,0,false,0,0,,,,Adaptive Frame*,Corkscrew Rifling*,Hammer-Forged Rifling,Ricochet Rounds*,Flared Magwell,Heal Clip*,Headseeker*,Nano-Munitions*,Kill Tracker,Tier 2: Range*,,,,,,,,,
Admetus-D,3776430252,"""6917530087036110826""",,Legendary,0,Scout Rifle,engram,Energy,Void,primary,10,High-Impact Frame,Stability,2,Vault,false,false,false,7,26,,86,37,67,75,21,0,0,0,31,150,35,14,20,0,0,0,0,0,0,0,0,17,50,0,0,false,0,0,hakke,,,High-Impact Frame*,Extended Barrel*,Smallbore,Alloy Magazine*,Armor-Piercing Rounds,Keep Away*,Elemental Honing*,Häkke Breach Armaments*,Kill Tracker,Tier 2: Stability*,,,,,,,,,
Admetus-D,3776430252,"""6917530087302484416""",,Legendary,0,Scout Rifle,engram,Energy,Void,primary,10,High-Impact Frame,Range,1,Vault,false,false,false,7,26,,86,37,67,71,21,0,0,0,39,150,35,14,25,0,0,0,0,0,0,0,0,17,50,0,0,false,0,0,hakke,,,High-Impact Frame*,Chambered Compensator*,Extended Barrel,Armor-Piercing Rounds*,Light Mag,Lone Wolf*,Closing Time*,Häkke Breach Armaments*,Kill Tracker,Tier 1: Range*,,,,,,,,,
Adverse Possession IX,1890332078,"""6917530025697061534""",,Legendary,0,Scout Rifle,engram,Energy,Arc,primary,10,Precision Frame,Range,1,Vault,false,false,false,7,24,,76,61,62,47,20,0,0,0,49,180,40,15,43,0,0,0,0,0,0,0,0,10,51,0,0,false,0,0,cassoid,,,Precision Frame*,Corkscrew Rifling*,Polygonal Rifling,Alloy Magazine*,Flared Magwell,Threat Detector*,Wellspring*,Suros Synergy*,Kill Tracker,Tier 1: Range*,,,,,,,,,
Adverse Possession IX,1890332078,"""6917530064995680536""",,Legendary,0,Scout Rifle,engram,Energy,Arc,primary,10,Precision Frame,Reload Speed,2,Vault,false,false,false,7,24,,76,61,62,56,20,0,0,0,49,180,42,15,43,0,0,0,0,0,0,0,0,10,51,0,0,false,0,0,cassoid,,,Precision Frame*,Corkscrew Rifling*,Fluted Barrel,Accurized Rounds*,Alloy Magazine,Discord*,Frenzy*,Suros Synergy*,Kill Tracker,Tier 2: Reload Speed*,,,,,,,,,
Agape,4124362340,"""6917530185901335781""",,Legendary,1,Hand Cannon,kepler,Energy,Solar,primary,300,Heavy Burst,Handling,2,Vault,false,false,false,8,27,,90,63,92,79,14,0,0,0,38,257,21,14,31,0,0,0,0,0,0,0,0,19,55,0,0,false,0,0,,,,Heavy Burst*,Hammer-Forged Rifling*,Polygonal Rifling,Ricochet Rounds*,Light Mag,Rewind Rounds*,Fragile Focus*,Exhaustive Research*,Kill Tracker,Tier 2: Handling*,,,,,,,,,
Agape,4124362340,"""6917530186043107286""",,Legendary,1,Hand Cannon,kepler,Energy,Solar,primary,325,Heavy Burst,Reload Speed,1,Vault,false,false,false,8,27,,90,63,92,64,14,0,0,0,38,257,2,20,29,0,0,0,0,0,0,0,0,29,55,0,0,false,0,0,,,,Heavy Burst*,Polygonal Rifling*,Smallbore,Extended Mag*,Appended Mag,Pugilist*,Master of Arms*,Exhaustive Research*,Kill Tracker,Tier 1: Reload Speed*,,,,,,,,,
Agape,4124362340,"""6917530186052475218""",,Legendary,1,Hand Cannon,kepler,Energy,Solar,primary,341,Heavy Burst,Reload Speed,2,Vault,false,false,false,8,27,,90,63,92,79,14,0,0,0,18,257,23,14,24,0,0,0,0,0,0,0,0,19,55,0,0,false,0,0,,,"AI v2.3 COULD DELETE — same weapon name, hash/version, and intrinsic frame as the proposed retained copy. Best legal perk combo scores 3.5 below the best copy. Retain Agape ID 6917530188027105778. Still review origin-trait selection, barrels, magazines, Masterwork, stats, source, build role, and personal feel before dismantling.",Heavy Burst*,Full Bore*,Hammer-Forged Rifling,Alloy Magazine*,Armor-Piercing Rounds,Snapshot Sights*,Firefly*,Exhaustive Research*,Kill Tracker,Tier 2: Reload Speed*,,,,,,,,,
Agape,4124362340,"""6917530186063785629""",,Legendary,1,Hand Cannon,kepler,Energy,Solar,primary,345,Heavy Burst,Stability,1,Vault,false,false,false,8,27,,100,63,92,64,14,0,0,0,29,257,1,20,39,0,0,0,0,0,0,0,0,29,55,0,0,false,0,0,,,"AI v2.3 COULD DELETE — same weapon name, hash/version, and intrinsic frame as the proposed retained copy. Selected main-trait pair is duplicated by a stronger retained copy; legal main-trait options are covered by a stronger copy. Retain Agape ID 6917530186089352609. Still review origin-trait selection, barrels, magazines, Masterwork, stats, source, build role, and personal feel before dismantling.",Heavy Burst*,Arrowhead Brake*,Extended Barrel,Extended Mag*,Appended Mag,Pugilist*,Incandescent*,Exhaustive Research*,Kill Tracker,Tier 1: Stability*,,,,,,,,,
Agape,4124362340,"""6917530186063791838""",,Legendary,1,Hand Cannon,kepler,Energy,Solar,primary,336,Heavy Burst,Handling,2,Vault,false,false,false,8,27,,90,63,92,74,14,0,0,0,33,257,21,14,36,0,0,0,0,0,0,0,0,19,55,0,0,false,0,0,,,,Heavy Burst*,Corkscrew Rifling*,Full Bore,High-Caliber Rounds*,Ricochet Rounds,Rewind Rounds*,Precision Instrument*,Exhaustive Research*,Kill Tracker,Tier 2: Handling*,,,,,,,,,
Agape,4124362340,"""6917530186089352609""",,Legendary,2,Hand Cannon,kepler,Energy,Solar,primary,356,Heavy Burst,Handling,2,Vault,false,false,false,8,27,,100,63,92,64,14,0,0,0,28,257,1,20,41,0,0,0,0,0,0,0,0,29,55,0,0,false,0,0,,,,Heavy Burst*,Arrowhead Brake*,Chambered Compensator,Extended Mag*,Light Mag,Pugilist*,Incandescent*,Exhaustive Research*,Kill Tracker,Tier 2: Handling*,,,,,,,,,
Agape,4124362340,"""6917530186390107508""",,Legendary,2,Hand Cannon,kepler,Energy,Solar,primary,393,Heavy Burst,Stability,3,Vault,false,false,false,8,27,,100,63,92,74,14,0,0,0,31,257,21,18,19,0,0,0,0,0,0,0,0,19,55,0,0,false,0,0,,,,Heavy Burst*,Extended Barrel*,Smallbore,Appended Mag*,Ricochet Rounds,Pugilist*,Burning Ambition*,Exhaustive Research*,Kill Tracker,Tier 3: Stability*,,,,,,,,,
Agape,4124362340,"""6917530188027105778""",keep,Legendary,2,Hand Cannon,kepler,Energy,Solar,primary,416,Heavy Burst,Stability,1,Vault,false,false,false,8,27,,90,63,92,69,14,0,0,0,34,257,1,20,34,0,0,0,0,0,0,0,0,29,55,0,0,false,0,0,,,,Heavy Burst*,Corkscrew Rifling*,Polygonal Rifling,Extended Mag*,Alloy Magazine,Outlaw*,Burning Ambition*,Exhaustive Research*,Kill Tracker,Tier 1: Stability*,,,,,,,,,
Age-Old Bond,601592879,"""6917529093002565398""",favorite,Legendary,0,Auto Rifle,lastwish,Energy,Void,primary,10,High-Impact Frame,Handling,3,Vault,true,false,false,2,4,,100,61,31,87,16,0,0,0,30,400,34,31,51,0,0,0,0,0,0,0,0,10,49,0,0,false,0,0,,,,High-Impact Frame*,Arrowhead Brake*,Extended Barrel,Full Bore,Alloy Magazine,High-Caliber Rounds*,Tap the Trigger*,Ambitious Assassin*,Kill Tracker,Tier 3: Handling*,,,,,,,,,
Age-Old Bond,601592879,"""6917529328323326386""",,Legendary,0,Auto Rifle,lastwish,Energy,Void,primary,10,High-Impact Frame,Stability,3,Vault,false,false,false,2,4,,100,61,31,82,16,0,0,0,33,400,14,37,48,0,0,0,0,0,0,0,0,20,49,0,0,false,0,0,,,,High-Impact Frame*,Arrowhead Brake*,Hammer-Forged Rifling,Polygonal Rifling,Extended Mag*,Armor-Piercing Rounds,Dynamic Sway Reduction*,Kill Clip*,Kill Tracker,Tier 3: Stability*,,,,,,,,,
Ager's Scepter,1833195496,"""6917529975875515881""",,Exotic,0,Trace Rifle,,KineticSlot,Stasis,special,461,Ager's Call,,,Vault,false,false,false,4,15,,100,100,6,69,16,0,0,0,99,1000,55,97,62,0,0,0,0,0,0,0,0,15,44,0,0,false,0,1771,,00001:Beta,,Ager's Call*,Arrowhead Brake*,Particle Repeater*,Rega's Refrain*,Hand-Laid Stock*,Kill Tracker,Empty Catalyst Socket*,,,,,,,,,,,,
Alethonym,2350354266,"""6917530064677159142""",,Exotic,0,Grenade Launcher,seasonpass,KineticSlot,Stasis,primary,459,Harvester Spike,,,Vault,false,false,false,7,25,,100,69,0,0,13,100,84,0,35,90,80,1,91,0,0,0,0,0,0,0,0,4,70,0,0,false,0,0,,,,Harvester Spike*,Countermass*,High-Velocity Rounds*,Vestigial Alchemy*,Short-Action Stock*,Kill Tracker,Empty Catalyst Socket*,,,,,,,,,,,,
All or Nothing,3984776322,"""6917530188249048847""",,Legendary,2,Pulse Rifle,renegades,KineticSlot,Strand,primary,422,Dynamic Heat Weapon,Reload Speed,2,Vault,false,false,false,8,28,,56,77,27,33,17,0,0,0,51,540,57,0,37,0,0,0,0,0,0,0,0,17,56,30,52,false,0,0,,,,Dynamic Heat Weapon*,Fluted Barrel*,Smallbore,Accelerated Heatsink*,Overclocked Heatsink,Zen Moment*,Kill Clip*,Air-Cooled Core*,Kill Tracker,Tier 2: Vent Speed*,,,,,,,,,
ALLEN 05,423677697,"""6917530186017909280""",,Legendary,5,Sniper Rifle,monumentoftriumph,KineticSlot,Strand,special,306,Adaptive Frame,Reload Speed,2,Vault,false,false,false,8,28,,62,62,70,54,40,0,0,0,45,90,20,5,47,0,0,0,0,0,0,0,0,14,41,0,0,false,0,0,,,,Adaptive Frame*,Corkscrew Rifling*,Full Bore,Extended Mag*,Steady Rounds,Built to Blast*,Shoot to Loot,Lucky Shot,Firing Line*,Hatchling,Butterfly,Carrion Munitions*,Kill Tracker,Tier 2: Reload Speed*,Triumphant Pulse*,,,,
ALLEN 05,423677697,"""6917530186180137964""",,Legendary,5,Sniper Rifle,monumentoftriumph,KineticSlot,Strand,special,360,Adaptive Frame,Stability,1,Vault,false,false,false,8,28,,72,62,70,55,40,0,0,0,56,90,36,4,33,0,0,0,0,0,0,0,0,11,41,0,0,false,0,0,,,,Adaptive Frame*,Extended Barrel*,Fluted Barrel,Steady Rounds*,Alloy Magazine,Fourth Time's the Charm*,Shoot to Loot,Lucky Shot,Precision Instrument*,Butterfly,To the Pain,Carrion Munitions*,Kill Tracker,Tier 1: Stability*,Triumphant Pulse*,,,,
ALLEN 05,423677697,"""6917530188583588598""",,Legendary,5,Sniper Rifle,monumentoftriumph,KineticSlot,Strand,special,416,Adaptive Frame,Handling,4,Vault,false,false,false,8,28,,62,62,70,48,40,0,0,0,45,90,18,5,62,0,0,0,0,0,0,0,0,14,41,0,0,false,0,0,,,,Adaptive Frame*,Fluted Barrel*,Polygonal Rifling,Extended Mag*,Alloy Magazine,Lone Wolf*,Tear,Outlaw,Precision Instrument*,Butterfly,To the Pain,Carrion Munitions*,Kill Tracker,Tier 4: Handling*,Triumphant Pulse*,,,,
ALLEN 05,423677697,"""6917530188592235651""",,Legendary,5,Sniper Rifle,monumentoftriumph,KineticSlot,Strand,special,416,Adaptive Frame,Reload Speed,1,Vault,false,false,false,8,28,,72,62,70,60,40,0,0,0,50,90,37,4,38,0,0,0,0,0,0,0,0,4,41,0,0,false,0,0,,,,Adaptive Frame*,Chambered Compensator*,Hammer-Forged Rifling,Accurized Rounds*,Alloy Magazine,Lone Wolf*,Built to Blast,Tear,Firing Line*,Moving Target,Butterfly,Carrion Munitions*,Kill Tracker,Tier 1: Reload Speed*,Triumphant Pulse*,,,,
ALLEN 05,423677697,"""6917530188887225626""",,Legendary,5,Sniper Rifle,monumentoftriumph,KineticSlot,Strand,special,428,Adaptive Frame,Handling,1,Vault,false,false,false,8,28,,62,62,70,63,40,0,0,0,36,90,47,5,39,0,0,0,0,0,0,0,0,4,41,0,0,false,0,0,,,,Adaptive Frame*,Full Bore*,Hammer-Forged Rifling,Tactical Mag*,Extended Mag,Fourth Time's the Charm*,Lone Wolf,Shoot to Loot,Precision Instrument*,Moving Target,To the Pain,Carrion Munitions*,Kill Tracker,Tier 1: Handling*,Triumphant Pulse*,,,,
ALLEN 05,423677697,"""6917530193068693315""",,Legendary,5,Sniper Rifle,monumentoftriumph,KineticSlot,Strand,special,481,Adaptive Frame,Handling,1,Warlock(482),false,false,false,8,28,,72,62,70,59,40,0,0,0,45,90,47,7,34,0,0,0,0,0,0,0,0,4,41,0,0,false,0,0,,,,Adaptive Frame*,Extended Barrel*,Full Bore,Tactical Mag*,Alloy Magazine,Lone Wolf*,Shoot to Loot,Lucky Shot,Firing Line*,Precision Instrument,Moving Target,Carrion Munitions*,Kill Tracker,Backup Mag*,Tier 1: Handling*,Triumphant Pulse*,,,
Ammit AR2,2119346509,"""6917529890036663960""",,Legendary,0,Auto Rifle,engram,Energy,Solar,primary,10,Precision Frame,Handling,2,Vault,false,false,false,5,18,,100,44,29,66,15,0,0,0,45,450,38,33,58,0,0,0,0,0,0,0,0,20,48,0,0,false,0,0,omolon,,,Precision Frame*,Arrowhead Brake*,Full Bore,Armor-Piercing Rounds*,Ricochet Rounds,Dynamic Sway Reduction*,Adrenaline Junkie*,Omolon Fluid Dynamics*,Kill Tracker,Tier 2: Handling*,,,,,,,,,
Ammit AR2,2119346509,"""6917529972997381060""",favorite,Legendary,0,Auto Rifle,engram,Energy,Solar,primary,10,Precision Frame,,,Vault,true,false,false,5,18,,71,44,29,66,15,0,0,0,55,450,53,33,51,0,0,0,0,0,0,0,0,20,48,0,0,crafted,14,107,omolon,,,Precision Frame*,Corkscrew Rifling*,Flared Magwell*,Dynamic Sway Reduction*,Incandescent*,Omolon Fluid Dynamics*,Kill Tracker,,,,,,,,,,,,
Apex Predator,1851777734,"""6917529975582178926""",,Legendary,0,Rocket Launcher,lastwish,Power,Solar,heavy,10,Adaptive Frame,Blast Radius,1,Vault,true,false,false,6,21,,61,68,0,0,20,61,54,0,38,20,44,1,44,0,0,0,0,0,0,0,0,3,33,0,0,false,0,0,,,,Adaptive Frame*,Linear Compensator*,Quick Launch,Black Powder*,Implosion Rounds,Danger Zone*,Surrounded*,Explosive Pact*,Kill Tracker,Tier 1: Blast Radius*,,,,,,,,,
Apex Predator,1851777734,"""6917529981900282433""",,Legendary,0,Rocket Launcher,lastwish,Power,Solar,heavy,10,Adaptive Frame,Velocity,10,Titan(10),true,false,false,6,21,,61,73,0,0,20,50,79,0,43,20,54,1,59,0,0,0,0,0,0,0,0,3,33,0,0,false,0,383,,00001:Solar,,Adaptive Frame*,Hard Launch,Quick Launch*,Black Powder,High-Velocity Rounds*,Reconstruction*,Bait and Switch*,Explosive Pact*,Kill Tracker,Targeting Adjuster*,Masterworked: Velocity*,Golden Trace*,,,,,,,
Apostate,2164448701,"""6917529691361646888""",,Legendary,0,Sniper Rifle,moon,Energy,Arc,special,10,Rapid-Fire Frame,Handling,1,Vault,false,false,false,3,8,,79,73,55,36,40,0,0,0,41,140,61,7,76,0,0,0,0,0,0,0,0,2,51,0,0,false,0,0,,,,Rapid-Fire Frame*,Arrowhead Brake*,Full Bore,Appended Mag*,Steady Rounds,Killing Wind*,Wellspring*,Kill Tracker,Tier 1: Handling*,,,,,,,,,,
Apostate,2164448701,"""6917529755677788943""",,Legendary,0,Sniper Rifle,moon,Energy,Arc,special,10,Rapid-Fire Frame,Range,3,Vault,false,false,false,3,8,,49,73,55,39,40,0,0,0,61,140,61,6,70,0,0,0,0,0,0,0,0,9,51,0,0,false,0,31,,,,Rapid-Fire Frame*,Corkscrew Rifling*,Hammer-Forged Rifling,Steady Rounds*,Alloy Magazine,Lead from Gold*,Quickdraw*,Kill Tracker,Tier 3: Range*,,,,,,,,,,
Appetence,4153087276,"""6917529958689515079""",,Legendary,0,Trace Rifle,seasonpass,KineticSlot,Stasis,special,10,Adaptive Frame,Handling,10,Titan(10),true,false,false,6,23,,93,100,6,80,15,0,0,0,80,1000,46,97,75,0,0,0,0,0,0,0,0,9,43,0,0,false,0,227,,,,Adaptive Frame*,Arrowhead Brake,Fluted Barrel*,Particle Repeater,Projection Fuse*,Demolitionist*,Killing Tally*,Dragon's Vengeance*,Kill Tracker,Masterworked: Handling*,,,,,,,,,
Appetence,4153087276,"""6917529961345917776""",,Legendary,0,Trace Rifle,seasonpass,KineticSlot,Stasis,special,10,Adaptive Frame,Handling,1,Vault,false,false,false,6,23,,93,100,6,75,15,0,0,0,80,1000,46,103,56,0,0,0,0,0,0,0,0,9,43,0,0,false,0,0,,,,Adaptive Frame*,Corkscrew Rifling*,Fluted Barrel,Enhanced Battery*,Tactical Battery,Overflow*,Headstone*,Dragon's Vengeance*,Kill Tracker,Tier 1: Handling*,,,,,,,,,
Appetence,4153087276,"""6917529967792337952""",,Legendary,0,Trace Rifle,seasonpass,KineticSlot,Stasis,special,10,Adaptive Frame,Handling,1,Vault,true,false,false,6,23,,93,100,6,90,15,0,0,0,70,1000,56,97,46,0,0,0,0,0,0,0,0,9,43,0,0,false,0,0,,,,Adaptive Frame*,Full Bore*,Tactical Battery*,Demolitionist*,One for All*,Dragon's Vengeance*,Kill Tracker,Tier 1: Handling*,,,,,,,,,,,
Appetence,4153087276,"""6917529972623275352""",,Legendary,0,Trace Rifle,seasonpass,KineticSlot,Stasis,special,10,Adaptive Frame,Range,2,Vault,false,false,false,6,23,,93,100,6,82,15,0,0,0,80,1000,46,97,65,0,0,0,0,0,0,0,0,9,43,0,0,false,0,0,,,,Adaptive Frame*,Fluted Barrel*,Full Bore,Projection Fuse*,Tactical Battery,Clown Cartridge*,One for All*,Dragon's Vengeance*,Kill Tracker,Tier 2: Range*,,,,,,,,,
Arbalest,2130065553,"""6917529202631005364""",,Exotic,0,Linear Fusion Rifle,,KineticSlot,Kinetic,special,10,Compounding Force,,,Vault,false,false,false,2,6,,87,31,41,56,25,0,0,0,55,0,28,5,20,533,0,0,0,0,0,0,0,12,34,0,0,false,0,16,,,,Compounding Force*,Extended Barrel*,Projection Fuse*,Disruption Break*,Composite Stock*,Kill Tracker,Empty Catalyst Socket*,,,,,,,,,,,,
Arcane Embrace,3649985571,"""6917530071959191156""",,Legendary,0,Shotgun,events,Energy,Arc,special,10,Heavy Burst,Reload Speed,1,Vault,false,false,false,7,25,Festival of the Lost,55,40,70,72,12,0,0,0,39,62,50,14,63,0,0,0,0,0,0,0,0,14,42,0,0,false,0,0,,,,Heavy Burst*,Hammer-Forged Rifling*,Smallbore,Extended Mag*,Steady Rounds,Grave Robber*,Surrounded*,Search Party*,Kill Tracker,Tier 1: Reload Speed*,,,,,,,,,
Arcane Embrace,3649985571,"""6917530071961943474""",,Legendary,0,Shotgun,events,Energy,Arc,special,10,Heavy Burst,Handling,1,Vault,false,false,false,7,25,Festival of the Lost,55,40,70,67,12,0,0,0,49,62,79,14,69,0,0,0,0,0,0,0,0,4,42,0,0,false,0,0,,,,Heavy Burst*,Corkscrew Rifling*,Tactical Mag*,Dual Loader*,Swashbuckler*,Search Party*,Kill Tracker,Tier 1: Handling*,,,,,,,,,,,
Arcane Embrace,3649985571,"""6917530071961946851""",,Legendary,0,Shotgun,events,Energy,Arc,special,10,Heavy Burst,Stability,1,Vault,false,false,false,7,25,Festival of the Lost,55,40,70,72,12,0,0,0,45,62,69,12,78,0,0,0,0,0,0,0,0,4,42,0,0,false,0,0,,,,Heavy Burst*,Fluted Barrel*,Hammer-Forged Rifling,Accurized Rounds*,Steady Rounds,Slideshot*,Desperado*,Search Party*,Kill Tracker,Tier 1: Stability*,,,,,,,,,
Arctic Haze,2187337757,"""6917530186316230127""",,Legendary,3,Auto Rifle,europa,Energy,Solar,primary,366,Rapid-Fire Frame,Range,1,Vault,false,false,false,8,28,,72,75,18,25,16,0,0,0,48,720,48,57,52,0,0,0,0,0,0,0,0,10,50,0,0,false,0,0,,,,Rapid-Fire Frame*,Arrowhead Brake*,Full Bore,Appended Mag*,Tactical Mag,Heal Clip*,Dynamic Sway Reduction,Swashbuckler*,Rampage,Winterized Gear*,Kill Tracker,Tier 1: Range*,,,,,,,
Arsenic Bite-4b,720351795,"""6917529195098378154""",favorite,Legendary,0,Combat Bow,engram,Energy,Arc,primary,10,Lightweight Frame,Reload Speed,10,Vault,true,false,false,2,4,,51,81,68,0,18,0,0,0,53,0,70,0,60,0,600,57,0,0,0,0,0,10,70,0,0,false,0,506,veist,,,Lightweight Frame*,Elastic String,High Tension String*,Compact Arrow Shaft,Straight Fletching*,Dragonfly*,Explosive Head*,Kill Tracker,Masterworked: Reload Speed*,Distant Earth*,,,,,,,,,
Arsenic Bite-4b,720351795,"""6917529272896333849""",favorite,Legendary,0,Combat Bow,engram,Energy,Arc,primary,10,Lightweight Frame,Reload Speed,5,Vault,true,false,false,2,4,,51,81,68,0,18,0,0,0,73,0,65,0,75,0,567,32,0,0,0,0,0,10,70,0,0,false,0,0,veist,,,Lightweight Frame*,Agile Bowstring*,Tactile String,Carbon Arrow Shaft*,Natural Fletching,Rampage*,Explosive Head*,Kill Tracker,Tier 5: Reload Speed*,Distant Earth*,,,,,,,,,
Ascendancy,1713388226,"""6917530188603137402""",,Legendary,3,Rocket Launcher,monumentoftriumph,Power,Solar,heavy,420,Precision Frame,Handling,5,Vault,false,false,false,8,28,,70,61,0,0,20,40,41,0,47,15,57,1,46,0,0,0,0,0,0,0,0,3,35,0,0,false,0,0,,,,Precision Frame*,Confined Launch*,Linear Compensator,Alloy Casing*,Implosion Rounds,Reconstruction*,Attrition Orbs,Cluster Bomb*,Incandescent,Vanguard Determination*,Kill Tracker,Tier 5: Handling*,,,,,,,
Ascendancy,1713388226,"""6917530189354668499""",,Legendary,4,Rocket Launcher,monumentoftriumph,Power,Solar,heavy,435,Precision Frame,Handling,4,Vault,false,false,false,8,28,,70,61,0,0,20,46,47,0,33,15,58,1,40,0,0,0,0,0,0,0,0,3,35,0,0,false,0,0,,,,Precision Frame*,Volatile Launch*,Quick Launch,Alloy Casing*,Black Powder,Attrition Orbs*,Field Prep,Chain Reaction*,Cluster Bomb,Vanguard Determination*,Kill Tracker,Tier 4: Handling*,,,,,,,
Ascendancy,1713388226,"""6917530192715447702""",,Legendary,4,Rocket Launcher,monumentoftriumph,Power,Solar,heavy,472,Precision Frame,Velocity,2,Warlock(482),false,false,false,8,28,,100,61,0,0,20,30,53,0,44,15,58,1,52,0,0,0,0,0,0,0,0,3,35,0,0,false,0,13,,,,Precision Frame*,Countermass*,Quick Launch,Alloy Casing*,High-Velocity Rounds,Attrition Orbs*,Slideways,Chain Reaction*,Lasting Impression,Vanguard Determination*,Kill Tracker,Tier 2: Velocity*,,,,,,,
Aurora Dawn,2111625436,"""6917530186306265928""",,Legendary,3,Sword,edgeoffate,Power,Stasis,heavy,363,Wave Sword Frame,Impact,1,Vault,false,false,false,8,27,,0,0,64,0,0,0,0,0,0,0,0,67,0,0,0,0,50,0,90,40,0,0,0,0,0,false,0,0,,,"AI v2.3 COULD DELETE — same weapon name, hash/version, and intrinsic frame as the proposed retained copy. Selected main-trait pair is duplicated by a stronger retained copy. Retain Aurora Dawn ID 6917530189846437889. Still review origin-trait selection, barrels, magazines, Masterwork, stats, source, build role, and personal feel before dismantling.",Wave Sword Frame*,Honed Edge*,Jagged Edge,Tempered Edge,Enduring Guard*,Heavy Guard,Unrelenting*,Proximity Power,One for All*,Elemental Honing,Vanguard Determination*,Kill Tracker,Tier 1: Impact*,,,,,,
Aurora Dawn,2111625436,"""6917530189143317137""",,Legendary,3,Sword,edgeoffate,Power,Stasis,heavy,434,Wave Sword Frame,Impact,1,Vault,false,false,false,8,27,,0,0,62,0,0,0,0,0,0,0,0,71,0,0,0,0,40,70,60,40,0,0,0,0,0,false,0,0,,,,Wave Sword Frame*,Hungry Edge*,Enduring Blade,Jagged Edge,Heavy Guard*,Swordmaster's Guard,Rimestealer*,Flash Counter,One for All*,Binary Orbit,Vanguard Determination*,Kill Tracker,Tier 1: Impact*,,,,,,
Aurora Dawn,2111625436,"""6917530189375466572""",,Legendary,3,Sword,edgeoffate,Power,Stasis,heavy,425,Wave Sword Frame,Impact,4,Vault,false,false,false,8,27,,0,0,64,0,0,0,0,0,0,0,0,73,0,0,0,0,50,40,40,40,0,0,0,0,0,false,0,0,,,"AI v2.3 COULD DELETE — same weapon name, hash/version, and intrinsic frame as the proposed retained copy. Selected main-trait pair is duplicated by a stronger retained copy. Retain Aurora Dawn ID 6917530189846437889. Still review origin-trait selection, barrels, magazines, Masterwork, stats, source, build role, and personal feel before dismantling.",Wave Sword Frame*,Hungry Edge*,Honed Edge,Tempered Edge,Balanced Guard*,Swordmaster's Guard,Unrelenting*,Proximity Power,Cold Steel*,Binary Orbit,Vanguard Determination*,Kill Tracker,Tier 5: Impact*,,,,,,
Aurora Dawn,2111625436,"""6917530189637065757""",,Legendary,3,Sword,edgeoffate,Power,Stasis,heavy,438,Wave Sword Frame,Impact,1,Vault,false,false,false,8,27,,0,0,60,0,0,0,0,0,0,0,0,76,0,0,0,0,50,40,40,40,0,0,0,0,0,false,0,0,,,,Wave Sword Frame*,Enduring Blade*,Jagged Edge,Tempered Edge,Balanced Guard*,Swordmaster's Guard,Unrelenting*,Sharp Harvest,Cold Steel*,Binary Orbit,Vanguard Determination*,Kill Tracker,Tier 1: Impact*,,,,,,
Aurora Dawn,2111625436,"""6917530189846437889""",,Legendary,5,Sword,edgeoffate,Power,Stasis,heavy,458,Wave Sword Frame,Impact,3,Vault,false,false,false,8,27,,0,0,63,0,0,0,0,0,0,0,0,71,0,0,0,0,50,41,43,40,0,0,0,0,0,false,0,0,,,,Wave Sword Frame*,Hungry Edge*,Honed Edge,Jagged Edge,Balanced Guard*,Swordmaster's Guard,Rimestealer*,Flash Counter,Sharp Harvest,One for All*,Binary Orbit,Elemental Honing,Vanguard Determination*,Kill Tracker,Tier 3: Impact*,Achronal Aurora Dawn*,Sparks Everlasting*,,
Aurora Dawn,2111625436,"""6917530191304793288""",,Legendary,5,Sword,edgeoffate,Power,Stasis,heavy,465,Wave Sword Frame,Impact,2,Vault,false,false,false,8,27,,0,0,63,0,0,0,0,0,0,0,0,73,0,0,0,0,50,82,2,40,0,0,0,0,0,false,0,0,,,,Wave Sword Frame*,Hungry Edge*,Jagged Edge,Tempered Edge,Burst Guard*,Heavy Guard,Proximity Power*,Flash Counter,Tireless Blade,Cold Steel*,Whirlwind Blade,Elemental Honing,Vanguard Determination*,Kill Tracker,Tier 2: Impact*,Achronal Aurora Dawn*,Sparks Everlasting*,,
Aurora Dawn,2111625436,"""6917530191318328840""",,Legendary,4,Sword,edgeoffate,Power,Stasis,heavy,467,Wave Sword Frame,Impact,1,Vault,false,false,false,8,27,,0,0,62,0,0,0,0,0,0,0,0,73,0,0,0,0,50,82,2,40,0,0,0,0,0,false,0,0,,,"AI v2.3 COULD DELETE — same weapon name, hash/version, and intrinsic frame as the proposed retained copy. Selected main-trait pair is duplicated by a stronger retained copy. Retain Aurora Dawn ID 6917530189846437889. Still review origin-trait selection, barrels, magazines, Masterwork, stats, source, build role, and personal feel before dismantling.",Wave Sword Frame*,Hungry Edge*,Enduring Blade,Jagged Edge,Burst Guard*,Enduring Guard,Unrelenting*,Sharp Harvest,Cold Steel*,Elemental Honing,Vanguard Determination*,Kill Tracker,Tier 1: Impact*,,,,,,
Aurora Dawn,2111625436,"""6917530191324771029""",,Legendary,5,Sword,edgeoffate,Power,Stasis,heavy,468,Wave Sword Frame,Impact,3,Vault,false,false,false,8,27,,0,0,63,0,0,0,0,0,0,0,0,73,0,0,0,0,50,41,43,40,0,0,0,0,0,false,0,0,,,,Wave Sword Frame*,Hungry Edge*,Honed Edge,Jagged Edge,Balanced Guard*,Burst Guard,Proximity Power*,Tireless Blade,Sharp Harvest,Cold Steel*,Binary Orbit,Elemental Honing,Vanguard Determination*,Kill Tracker,Tier 3: Impact*,Achronal Aurora Dawn*,Sparks Everlasting*,,
Aurora Dawn,2111625436,"""6917530191326322774""",,Legendary,5,Sword,edgeoffate,Power,Stasis,heavy,468,Wave Sword Frame,Impact,1,Vault,false,false,false,8,27,,0,0,62,0,0,0,0,0,0,0,0,71,0,0,0,0,50,41,43,40,0,0,0,0,0,false,0,0,,,,Wave Sword Frame*,Hungry Edge*,Honed Edge,Jagged Edge,Balanced Guard*,Enduring Guard,Unrelenting*,Proximity Power,Rimestealer,One for All*,Vorpal Weapon,Binary Orbit,Vanguard Determination*,Kill Tracker,Tier 1: Impact*,Achronal Aurora Dawn*,Sparks Everlasting*,,
Aurora Dawn,2111625436,"""6917530191326331842""",,Legendary,5,Sword,edgeoffate,Power,Stasis,heavy,469,Wave Sword Frame,Impact,3,Vault,false,false,false,8,27,,0,0,63,0,0,0,0,0,0,0,0,71,0,0,0,0,50,82,2,40,0,0,0,0,0,false,0,0,,,,Wave Sword Frame*,Hungry Edge*,Enduring Blade,Tempered Edge,Burst Guard*,Heavy Guard,Proximity Power*,Rimestealer,Flash Counter,Whirlwind Blade*,Binary Orbit,Elemental Honing,Vanguard Determination*,Kill Tracker,Tier 3: Impact*,Achronal Aurora Dawn*,Sparks Everlasting*,,
Aurvandil FR6,963710795,"""6917529893089234162""",,Legendary,0,Fusion Rifle,engram,KineticSlot,Stasis,special,10,High-Impact Frame,Stability,3,Hunter(60),true,false,false,5,19,,97,63,90,47,15,0,0,0,27,0,18,5,28,967,0,0,0,0,0,0,0,3,19,0,0,false,0,0,omolon,,,High-Impact Frame*,Arrowhead Brake*,Full Bore,Accelerated Coils*,Particle Repeater,Reconstruction*,Golden Tricorn*,Omolon Fluid Dynamics*,Kill Tracker,Tier 3: Stability*,,,,,,,,,
Aurvandil FR6,963710795,"""6917529972567682932""",,Legendary,0,Fusion Rifle,engram,KineticSlot,Stasis,special,10,High-Impact Frame,Stability,1,Vault,false,false,false,5,19,,77,63,100,57,15,0,0,0,25,0,18,5,8,967,0,0,0,0,0,0,0,3,19,0,0,false,0,0,omolon,,,High-Impact Frame*,Extended Barrel*,Fluted Barrel,Liquid Coils*,Particle Repeater,Reconstruction*,One for All*,Omolon Fluid Dynamics*,Kill Tracker,Tier 1: Stability*,,,,,,,,,
Autumn Wind,3110377595,"""6917529887032288536""",,Legendary,0,Pulse Rifle,crucible,KineticSlot,Kinetic,primary,10,Rapid-Fire Frame,Handling,10,Vault,true,false,false,6,20,,63,80,23,39,17,0,0,0,54,540,34,43,35,0,0,0,0,0,0,0,0,15,58,0,0,false,0,36,,,,Rapid-Fire Frame*,Full Bore,Smallbore*,Extended Mag,Appended Mag*,Demolitionist*,Frenzy*,One Quiet Moment*,Kill Tracker,Masterworked: Handling*,,,,,,,,,
Autumn Wind,3110377595,"""6917529972580061602""",,Legendary,0,Pulse Rifle,crucible,KineticSlot,Kinetic,primary,10,Rapid-Fire Frame,Handling,2,Vault,false,false,false,6,20,,63,80,23,32,17,0,0,0,52,540,14,46,42,0,0,0,0,0,0,0,0,25,58,0,0,false,0,0,,,,Rapid-Fire Frame*,Fluted Barrel*,Full Bore,Extended Mag*,Light Mag,Slideways*,Adrenaline Junkie*,One Quiet Moment*,Kill Tracker,Tier 2: Handling*,,,,,,,,,
Avalanche,4220529694,"""6917529967453624659""",,Legendary,0,Machine Gun,events,Power,Solar,heavy,10,Adaptive Frame,Stability,4,Vault,false,false,false,6,23,The Dawning,70,90,41,50,19,0,0,0,64,450,60,57,45,0,0,0,0,0,0,0,0,13,40,0,0,false,0,45,suros,,,Adaptive Frame*,Corkscrew Rifling*,Polygonal Rifling,Extended Mag,Steady Rounds*,Dynamic Sway Reduction*,Cascade Point*,Dawning Surprise*,Suros Synergy,Kill Tracker,Tier 4: Stability*,,,,,,,,
Axial Lacuna,3867373351,"""6917530025492912305""",,Legendary,0,Fusion Rifle,paleheart,Energy,Solar,special,10,Precision Frame,Reload Speed,1,Vault,true,false,false,7,24,,86,65,80,60,16,0,0,0,61,0,31,8,33,800,0,0,0,0,0,0,0,8,30,0,0,false,0,46,,,,Precision Frame*,Chambered Compensator*,Polygonal Rifling,Enhanced Battery*,Liquid Coils,Reconstruction*,Controlled Burst*,Dealer's Choice*,Kill Tracker,Backup Mag*,Tier 1: Reload Speed*,,,,,,,,
Axial Lacuna,3867373351,"""6917530027757892265""",,Legendary,0,Fusion Rifle,paleheart,Energy,Solar,special,10,Precision Frame,Stability,3,Vault,false,false,false,7,24,,86,65,85,60,16,0,0,0,64,0,30,6,33,800,0,0,0,0,0,0,0,8,30,0,0,false,0,0,,,,Precision Frame*,Chambered Compensator*,Hammer-Forged Rifling,Liquid Coils*,Particle Repeater,Threat Detector*,Surrounded*,Dealer's Choice*,Kill Tracker,Tier 3: Stability*,,,,,,,,,
Axial Lacuna,3867373351,"""6917530029617827222""",,Legendary,0,Fusion Rifle,paleheart,Energy,Solar,special,10,Precision Frame,Charge Time,5,Vault,false,false,false,7,24,,76,65,75,60,16,0,0,0,56,0,30,7,53,784,0,0,0,0,0,0,0,8,30,0,0,false,0,0,,,,Precision Frame*,Fluted Barrel*,Hammer-Forged Rifling,Accelerated Coils*,Liquid Coils,Cornered*,Incandescent*,Dealer's Choice*,Kill Tracker,Backup Mag*,Tier 5: Charge Time*,,,,,,,,
Axial Lacuna,3867373351,"""6917530029617827498""",,Legendary,0,Fusion Rifle,paleheart,Energy,Solar,special,10,Precision Frame,Charge Time,1,Vault,false,false,false,7,24,,76,65,80,60,16,0,0,0,56,0,10,8,53,797,0,0,0,0,0,0,0,8,30,0,0,false,0,0,,,"AI v2.3 COULD DELETE — same weapon name, hash/version, and intrinsic frame as the proposed retained copy. Best legal perk combo scores 3.3 below the best copy. Retain Axial Lacuna ID 6917530025492912305. Still review origin-trait selection, barrels, magazines, Masterwork, stats, source, build role, and personal feel before dismantling.",Precision Frame*,Fluted Barrel*,Polygonal Rifling,Ionized Battery*,Liquid Coils,Firmly Planted*,Desperate Measures*,Dealer's Choice*,Kill Tracker,Tier 1: Charge Time*,,,,,,,,,
Bad Juju,2816212794,"""6917529273252794414""",,Exotic,0,Pulse Rifle,dcv,KineticSlot,Kinetic,primary,10,String of Curses,,,Vault,false,false,false,2,7,,85,60,27,40,17,0,0,0,77,450,47,36,56,0,0,0,0,0,0,0,0,35,80,0,0,false,0,0,,,,String of Curses*,Hammer-Forged Rifling*,Steady Rounds*,Hip-Fire Grip*,Short-Action Stock*,Full Auto Trigger System*,Kill Tracker,Empty Catalyst Socket*,,,,,,,,,,,
Basso Ostinato,2573900604,"""6917529884374079348""",,Legendary,0,Shotgun,neomuna,Energy,Void,special,10,Rapid-Fire Frame,Reload Speed,5,Vault,false,false,false,6,20,,70,67,65,36,12,0,0,0,27,140,68,7,40,0,0,0,0,0,0,0,0,3,50,0,0,false,0,0,,,,Rapid-Fire Frame*,Barrel Shroud,Full Choke*,Extended Mag,Accurized Rounds*,Well-Rounded*,Destabilizing Rounds*,Nanotech Tracer Missiles*,Kill Tracker,Tier 5: Reload Speed*,,,,,,,,,
Basso Ostinato,2573900604,"""6917530018813055011""",,Legendary,0,Shotgun,neomuna,Energy,Void,special,10,Rapid-Fire Frame,Handling,1,Vault,false,false,false,6,20,,70,67,65,33,12,0,0,0,34,140,63,8,41,0,0,0,0,0,0,0,0,3,50,0,0,false,0,0,,,,Rapid-Fire Frame*,Smallbore*,Corkscrew Rifling,Appended Mag*,Extended Mag,Envious Assassin*,Adagio*,Nanotech Tracer Missiles*,Kill Tracker,Tier 1: Handling*,,,,,,,,,
Bastion,2415517654,"""6917529895766494643""",,Exotic,0,Fusion Rifle,,KineticSlot,Kinetic,special,464,Saint's Fists,,,Vault,false,false,false,3,9,,75,65,85,35,15,0,0,0,52,0,24,5,32,800,0,0,0,0,0,0,0,3,30,0,0,false,0,0,,,,Saint's Fists*,Hammer-Forged Rifling*,Liquid Coils*,Breakthrough*,Composite Stock*,Kill Tracker,Empty Catalyst Socket*,,,,,,,,,,,,
Battle Scar,2099894368,"""6917529972567683829""",,Legendary,0,Pulse Rifle,engram,KineticSlot,Kinetic,primary,10,Lightweight Frame,Stability,3,Vault,false,false,false,6,20,,65,67,27,33,17,0,0,0,70,450,66,34,61,0,0,0,0,0,0,0,0,15,51,0,0,false,0,0,field-forged,,,Lightweight Frame*,Chambered Compensator*,Fluted Barrel,Tactical Mag*,Steady Rounds,Shot Swap*,Osmosis*,Field-Tested*,Kill Tracker,Tier 3: Stability*,,,,,,,,,
Battle Scar,2099894368,"""6917529997616600405""",,Legendary,0,Pulse Rifle,engram,KineticSlot,Kinetic,primary,10,Lightweight Frame,Range,1,Vault,false,false,false,6,20,,55,67,27,49,17,0,0,0,42,450,56,37,61,0,0,0,0,0,0,0,0,15,51,0,0,false,0,0,field-forged,,,Lightweight Frame*,Full Bore*,Polygonal Rifling,Appended Mag*,Flared Magwell,Keep Away*,Kinetic Tremors*,Field-Tested*,Kill Tracker,Tier 1: Range*,,,,,,,,,
Battle Scar,1525080480,"""6917530186183878369""",,Legendary,5,Pulse Rifle,engram,KineticSlot,Kinetic,primary,359,Lightweight Frame,Stability,1,Vault,false,false,false,8,28,,85,67,27,50,17,0,0,0,53,450,56,31,78,0,0,0,0,0,0,0,0,15,51,0,0,false,0,0,field-forged,,,Lightweight Frame*,Arrowhead Brake*,Chambered Compensator,Accurized Rounds*,Tactical Mag,Shoot to Loot*,Perpetual Motion,Subsistence,All-Star*,Adhesive Ordnance,Headseeker,Veteran's Wisdom*,Field-Tested,Kill Tracker,Tier 1: Stability*,Triumphant Pulse*,,,
Battle Scar,1525080480,"""6917530189358716478""",,Legendary,3,Pulse Rifle,engram,KineticSlot,Kinetic,primary,422,Lightweight Frame,Handling,1,Vault,false,false,false,8,28,,55,67,27,58,17,0,0,0,42,450,56,31,67,0,0,0,0,0,0,0,0,15,51,0,0,false,0,0,field-forged,,,Lightweight Frame*,Full Bore*,Polygonal Rifling,Accurized Rounds*,Tactical Mag,Overflow*,Subsistence,Rangefinder*,Headseeker,Veteran's Wisdom*,Field-Tested,Kill Tracker,Tier 1: Handling*,,,,,,
Bellowing Giant,412265080,"""6917530190047682917""",,Legendary,3,Rocket Launcher,monumentoftriumph,Power,Void,heavy,458,Adaptive Frame,Blast Radius,5,Vault,false,false,false,8,28,,70,63,0,0,20,60,74,0,54,20,60,1,44,0,0,0,0,0,0,0,0,3,48,0,0,false,0,0,,,,Adaptive Frame*,Linear Compensator*,Quick Launch,High-Velocity Rounds*,Impact Casing,Ambitious Assassin*,Impromptu Ammunition,Auto-Loading Holster*,Bipod,Forge's Kin*,Kill Tracker,Tier 5: Blast Radius*,,,,,,,
Beloved,3107853529,"""6917529769126888864""",,Legendary,0,Sniper Rifle,haunted,Energy,Solar,special,10,Adaptive Frame,Stability,1,Vault,false,false,false,5,17,,77,68,70,60,40,0,0,0,52,90,53,4,47,0,0,0,0,0,0,0,0,3,36,0,0,false,0,0,,,,Adaptive Frame*,Hammer-Forged Rifling*,Polygonal Rifling,High-Caliber Rounds,Flared Magwell*,Snapshot Sights*,Moving Target*,To Excess*,Kill Tracker,Tier 1: Stability*,,,,,,,,,
Berenger's Memory,407621213,"""6917529202546122456""",favorite,Legendary,0,Grenade Launcher,contact,Power,Void,heavy,10,Rapid-Fire Frame,Blast Radius,10,Titan(10),true,true,false,3,11,,85,30,0,0,13,30,53,0,44,150,21,5,26,0,0,0,0,0,0,0,0,6,28,0,0,false,0,1360,hakke,,,Rapid-Fire Frame*,Linear Compensator,Smart Drift Control*,Proximity Grenades,Spike Grenades*,Clown Cartridge*,Rampage*,Elemental Capacitor,Kill Tracker,Masterworked: Blast Radius*,,,,,,,,,
Berenger's Memory,407621213,"""6917529206371443007""",favorite,Legendary,0,Grenade Launcher,contact,Power,Void,heavy,10,Rapid-Fire Frame,Reload Speed,1,Vault,false,false,false,3,11,,100,30,0,0,13,20,48,0,44,150,22,5,26,0,0,0,0,0,0,0,0,6,48,0,0,false,0,0,hakke,,,Rapid-Fire Frame*,Countermass*,Hard Launch,Spike Grenades*,Sticky Grenades,Field Prep*,Demolitionist*,Shield Disorient,Kill Tracker,Tier 1: Reload Speed*,,,,,,,,,
Berenger's Memory,407621213,"""6917529270924752734""",,Legendary,0,Grenade Launcher,contact,Power,Void,heavy,10,Rapid-Fire Frame,Velocity,3,Vault,false,false,false,3,11,,100,30,0,0,13,20,51,0,44,150,21,5,26,0,0,0,0,0,0,0,0,6,28,0,0,false,0,0,hakke,,,Rapid-Fire Frame*,Countermass*,Hard Launch,Spike Grenades*,Sticky Grenades,Threat Detector*,Auto-Loading Holster*,Kill Tracker,Tier 3: Velocity*,,,,,,,,,,
Better Devils,4059111041,"""6917530188286527490""",,Legendary,4,Hand Cannon,crucible,KineticSlot,Strand,primary,418,Adaptive Frame,Stability,2,Vault,false,false,false,8,28,,88,78,84,52,14,0,0,0,53,140,40,10,64,0,0,0,0,0,0,0,0,10,50,0,0,false,0,0,fotc,,,Adaptive Frame*,Fluted Barrel*,Full Bore,Accurized Rounds*,Flared Magwell,Rangefinder*,Moving Target,Opening Shot*,Explosive Payload,Roar of Battle*,Nadir Focus,Kill Tracker,Tier 2: Stability*,,,,,,
Bite of the Fox,1403800851,"""6917529886260061372""",,Legendary,0,Sniper Rifle,ironbanner,KineticSlot,Kinetic,special,10,Aggressive Frame,Range,1,Vault,true,false,false,6,20,,98,41,90,71,43,0,0,0,20,72,25,4,35,0,0,0,0,0,0,0,0,4,38,0,0,false,0,0,,,,Aggressive Frame*,Arrowhead Brake*,Extended Barrel,Appended Mag*,Extended Mag,Firmly Planted*,Moving Target*,Skulking Wolf*,Kill Tracker,Tier 1: Range*,,,,,,,,,
Biting Winds,1621657423,"""6917529392619714346""",keep,Legendary,0,Combat Bow,campaign,KineticSlot,Kinetic,primary,10,Precision Frame,Handling,4,Vault,true,false,false,4,12,,63,66,76,0,18,0,0,0,38,0,40,0,58,0,600,73,0,0,0,0,0,10,54,0,0,false,0,0,,,,Precision Frame*,Elastic String*,Natural String,Fiberglass Arrow Shaft*,Helical Fletching,Moving Target*,Swashbuckler*,Kill Tracker,Tier 4: Handling*,,,,,,,,,,
Biting Winds,2485400469,"""6917530186310224396""",,Legendary,3,Combat Bow,europa,KineticSlot,Kinetic,primary,366,Precision Frame,Accuracy,1,Vault,false,false,false,8,28,,63,66,76,0,18,0,0,0,38,0,40,0,59,0,633,84,0,0,0,0,0,10,54,0,0,false,0,0,,,,Precision Frame*,Flexible String*,High Tension String,Fiberglass Arrow Shaft*,Helical Fletching,Pugilist*,Quickdraw,Explosive Head*,All-Star,Winterized Gear*,Kill Tracker,Tier 1: Target Acquisition*,,,,,,,
Bitter/Sweet,2599338625,"""6917530064689262724""",,Legendary,0,Grenade Launcher,revenant,Power,Arc,heavy,10,Adaptive Frame,Velocity,1,Vault,false,false,false,7,25,,58,63,0,0,13,55,51,0,32,120,42,6,39,0,0,0,0,0,0,0,0,11,29,0,0,false,0,0,,,,Adaptive Frame*,Hard Launch*,High-Explosive Ordnance*,Loose Change*,Jolting Feedback*,Dark Ether Reaper*,Kill Tracker,Backup Mag*,Tier 1: Velocity*,,,,,,,,,,
Blasphemer,2782847179,"""6917529348711448235""",keep,Legendary,0,Shotgun,moon,KineticSlot,Kinetic,special,10,Pinpoint Slug Frame,Handling,3,Vault,false,false,false,3,8,,60,61,70,78,12,0,0,0,40,65,43,6,46,0,0,0,0,0,0,0,0,17,48,0,0,false,0,0,,,,Pinpoint Slug Frame*,Arrowhead Brake,Hammer-Forged Rifling*,Assault Mag,Accurized Rounds*,Threat Detector*,Moving Target*,Kill Tracker,Icarus Grip*,Tier 3: Handling*,,,,,,,,,
Blast Battue,2453357042,"""6917530186358198222""",,Legendary,0,Grenade Launcher,seasonpass,Power,Arc,heavy,360,Adaptive Frame,Blast Radius,2,Vault,false,false,false,4,12,,63,63,0,0,13,47,33,0,38,120,40,5,36,0,0,0,0,0,0,0,0,6,48,0,0,false,0,0,,,,Adaptive Frame*,Volatile Launch*,Hard Launch,Proximity Grenades*,High-Velocity Rounds,Killing Wind*,Auto-Loading Holster*,Kill Tracker,Tier 2: Blast Radius*,,,,,,,,,,
Blast Furnace,3843477312,"""6917529092738831813""",,Legendary,0,Pulse Rifle,blackarmory,KineticSlot,Kinetic,primary,10,Aggressive Burst,Range,10,Vault,true,false,false,2,5,,65,42,35,100,24,0,0,0,64,450,66,48,17,0,0,0,0,0,0,0,0,10,55,0,0,false,0,710,,,,Aggressive Burst*,Rasmussen ISA,Satou Precision Lens*,Drop Mag*,Tactical Mag,Quickdraw*,Kill Clip*,Kill Tracker,Backup Mag*,Masterworked: Range*,New Age Black Armory*,,,,,,,,
Blast Furnace,52683113,"""6917530189611377988""",,Legendary,3,Pulse Rifle,brave,KineticSlot,Kinetic,primary,444,Aggressive Burst,Handling,3,Vault,false,false,false,8,28,,75,42,35,79,18,0,0,0,79,450,36,52,22,0,0,0,0,0,0,0,0,15,55,0,0,false,0,0,,,,Aggressive Burst*,Chambered Compensator*,Corkscrew Rifling,Extended Mag,Alloy Magazine*,Zen Moment*,Keep Away,Desperate Measures*,Desperado,Forge's Kin*,Indomitability,Kill Tracker,Backup Mag*,Tier 3: Handling*,,,,,
Blast Furnace,52683113,"""6917530190045829229""",,Legendary,3,Pulse Rifle,brave,KineticSlot,Kinetic,primary,458,Aggressive Burst,Reload Speed,2,Vault,false,false,false,8,28,,75,42,35,79,18,0,0,0,74,450,38,36,19,0,0,0,0,0,0,0,0,15,55,0,0,false,0,0,,,,Aggressive Burst*,Chambered Compensator*,Smallbore,Alloy Magazine*,Flared Magwell,Ancillary Ordinance*,Kinetic Tremors,All-Star*,Desperado,Forge's Kin*,Indomitability,Kill Tracker,Tier 2: Reload Speed*,,,,,,
Blast Furnace,52683113,"""6917530190053955505""",,Legendary,4,Pulse Rifle,brave,KineticSlot,Kinetic,primary,460,Aggressive Burst,Range,5,Vault,false,false,false,8,28,,75,42,35,84,18,0,0,0,75,450,38,44,20,0,0,0,0,0,0,0,0,15,55,0,0,false,0,0,,,,Aggressive Burst*,Chambered Compensator*,Polygonal Rifling,Appended Mag*,Flared Magwell,Bewildering Burst*,Keep Away,Desperate Measures*,Chaos Reshaped,Forge's Kin*,Indomitability,Kill Tracker,Tier 5: Range*,,,,,,
Bold Endings,496728945,"""6917530022767696762""",,Legendary,0,Hand Cannon,paleheart,KineticSlot,Stasis,primary,10,Heavy Burst,Reload Speed,3,Vault,false,false,false,7,24,,94,62,92,68,14,0,0,0,37,257,44,22,26,0,0,0,0,0,0,0,0,14,49,0,0,false,0,0,,,,Heavy Burst*,Chambered Compensator,Hammer-Forged Rifling*,Accurized Rounds,Flared Magwell*,Strategist*,Moving Target*,Dealer's Choice*,Kill Tracker,Backup Mag*,Tier 3: Reload Speed*,,,,,,,,
Bonechiller,4037745684,"""6917529207653021693""",favorite,Legendary,0,Shotgun,europa,Energy,Void,special,10,Pinpoint Slug Frame,Handling,4,Vault,true,false,false,4,12,,60,61,70,66,12,0,0,0,56,70,42,5,40,0,0,0,0,0,0,0,0,2,40,0,0,false,0,0,,,,Pinpoint Slug Frame*,Full Bore,Hammer-Forged Rifling*,Assault Mag*,Appended Mag,Surplus*,Demolitionist*,Kill Tracker,Tier 4: Handling*,,,,,,,,,,
Bonechiller,1529367715,"""6917530186312521594""",,Legendary,3,Shotgun,europa,Energy,Void,special,367,Pinpoint Slug Frame,Range,1,Vault,false,false,false,8,28,,60,61,70,57,12,0,0,0,66,70,42,5,36,0,0,0,0,0,0,0,0,2,40,0,0,false,0,0,,,,Pinpoint Slug Frame*,Polygonal Rifling*,Smallbore,Assault Mag*,Light Mag,Triple Tap*,Threat Detector,Adagio*,Opening Shot,Winterized Gear*,Kill Tracker,Tier 1: Range*,,,,,,,
Borrowed Time,875848769,"""6917529676150176666""",,Legendary,0,Submachine Gun,gambit,Energy,Solar,primary,10,Aggressive Frame,Range,1,Vault,false,false,false,4,14,,92,38,22,43,15,0,0,0,28,720,22,29,47,0,0,0,0,0,0,0,0,12,38,0,0,false,0,0,field-forged,,,Aggressive Frame*,Chambered Compensator*,Full Bore,Armor-Piercing Rounds,High-Caliber Rounds*,Feeding Frenzy*,Wellspring*,Kill Tracker,Tier 1: Range*,,,,,,,,,,
Bottom Dollar,1046651176,"""6917529475029093260""",,Legendary,0,Hand Cannon,gambit,Energy,Void,primary,10,Aggressive Frame,Stability,1,Vault,false,false,false,4,13,,85,66,92,70,14,0,0,0,29,120,25,8,31,0,0,0,0,0,0,0,0,10,59,0,0,false,0,0,,,,Aggressive Frame*,Hammer-Forged Rifling*,Smallbore,Alloy Magazine*,Flared Magwell,Outlaw*,Dragonfly*,Kill Tracker,Tier 1: Stability*,,,,,,,,,,
Boudica-C,1916287826,"""6917529890455179792""",,Legendary,0,Sidearm,engram,KineticSlot,Kinetic,primary,10,Precision Frame,Range,1,Vault,false,false,false,5,18,,100,85,51,69,12,0,0,0,43,260,25,12,43,0,0,0,0,0,0,0,0,22,34,0,0,false,0,0,hakke,,,Precision Frame*,Arrowhead Brake*,Corkscrew Rifling,High-Caliber Rounds*,Ricochet Rounds,Threat Detector*,Swashbuckler*,Häkke Breach Armaments*,Kill Tracker,Tier 1: Range*,,,,,,,,,
Brass Attacks,1291040554,"""6917530187927345158""",,Legendary,3,Sidearm,battlegrounds,Energy,Void,primary,397,Heavy Burst,Reload Speed,2,Vault,false,false,false,8,28,,90,89,56,41,13,0,0,0,43,325,29,28,51,0,0,0,0,0,0,0,0,12,40,0,0,false,0,0,,,,Heavy Burst*,Fluted Barrel*,Full Bore,Appended Mag*,Light Mag,Repulsor Brace*,Slideways,Demoralize*,Destabilizing Rounds,Land Tank*,Kill Tracker,Tier 2: Reload Speed*,,,,,,,
BrayTech Werewolf,528834068,"""6917529885725465763""",,Legendary,0,Auto Rifle,events,KineticSlot,Kinetic,primary,10,Precision Frame,Range,10,Vault,true,false,false,3,8,Festival of the Lost,74,47,29,94,16,0,0,0,41,450,42,34,39,0,0,0,0,0,0,0,0,15,55,0,0,false,0,64,,,,Precision Frame*,Hammer-Forged Rifling*,Armor-Piercing Rounds*,Zen Moment*,Multikill Clip*,Crucible Tracker,Radar Booster*,Masterworked: Range*,,,,,,,,,,,
BrayTech Werewolf,3558681245,"""6917530071959188267""",,Legendary,0,Auto Rifle,events,KineticSlot,Kinetic,primary,10,Precision Frame,Reload Speed,2,Vault,false,false,false,7,25,Festival of the Lost,74,47,29,74,16,0,0,0,46,450,24,40,44,0,0,0,0,0,0,0,0,25,55,0,0,false,0,0,,,,Precision Frame*,Corkscrew Rifling*,Smallbore,Extended Mag*,Ricochet Rounds,Dynamic Sway Reduction*,Kill Clip*,Search Party*,Kill Tracker,Tier 2: Reload Speed*,,,,,,,,,
Breachlight,2328923181,"""6917530027784540766""",,Legendary,0,Sidearm,echoes,KineticSlot,Strand,primary,10,Heavy Burst,Range,2,Vault,false,false,false,7,24,,92,82,56,60,12,0,0,0,47,325,23,24,30,0,0,0,0,0,0,0,0,12,27,0,0,false,0,0,,,,Heavy Burst*,Chambered Compensator*,Fluted Barrel,Accurized Rounds*,Flared Magwell,Perpetual Motion*,Swashbuckler*,Cast No Shadows*,Kill Tracker,Tier 2: Range*,,,,,,,,,
Briar's Contempt,1491665733,"""6917529890531483345""",favorite,Legendary,0,Linear Fusion Rifle,rootofnightmares,Power,Solar,heavy,470,Adaptive Burst,Reload Speed,10,Warlock(482),true,false,false,6,20,,74,67,41,58,23,0,0,0,54,0,15,7,31,533,0,0,0,0,0,0,0,14,39,0,0,false,0,134,,,,Adaptive Burst*,Extended Barrel,Smallbore*,Accelerated Coils,Ionized Battery*,Reconstruction*,Paracausal Affinity*,Harmonic Resonance*,Kill Tracker,Masterworked: Reload Speed*,,,,,,,,,
Briar's Contempt,1491665733,"""6917529890531487888""",,Legendary,0,Linear Fusion Rifle,rootofnightmares,Power,Solar,heavy,10,Adaptive Burst,Reload Speed,2,Vault,true,false,false,6,20,,74,67,44,56,23,0,0,0,52,0,27,6,36,533,0,0,0,0,0,0,0,14,39,0,0,false,0,0,,,,Adaptive Burst*,Corkscrew Rifling*,Full Bore,Liquid Coils*,Particle Repeater,Incandescent*,Adagio*,Harmonic Resonance*,Kill Tracker,Tier 2: Reload Speed*,,,,,,,,,
Bug-Out Bag,2832639510,"""6917529906232476068""",,Legendary,0,Submachine Gun,seasonpass,Energy,Solar,primary,10,Adaptive Frame,Reload Speed,2,Vault,false,false,false,6,21,,98,46,20,38,13,0,0,0,49,900,49,40,42,0,0,0,0,0,0,0,0,12,42,0,0,false,0,0,,,,Adaptive Frame*,Chambered Compensator*,Polygonal Rifling,Alloy Magazine,Appended Mag*,Subsistence*,Swashbuckler*,Kill Tracker,Disaster Plan*,Tier 2: Reload Speed*,,,,,,,,,
BxR-55 Battler,2708806099,"""6917529890180234453""",,Legendary,0,Pulse Rifle,30th,Energy,Solar,primary,10,Legacy PR-55 Frame,Handling,2,Vault,false,false,false,4,15,,70,85,23,65,20,0,0,0,64,450,63,35,78,0,0,0,0,0,0,0,0,21,60,0,0,false,0,0,,,,Legacy PR-55 Frame*,Corkscrew Rifling*,Smallbore,Accurized Rounds*,Light Mag,Killing Wind*,Kill Clip*,Hot Swap*,Kill Tracker,Tier 2: Handling*,,,,,,,,,
CALUS Mini-Tool,2490988246,"""6917529930274938516""",,Legendary,0,Submachine Gun,haunted,Energy,Solar,primary,10,MIDA Synergy,Handling,2,Vault,false,false,false,5,17,,90,49,15,30,14,0,0,0,59,900,11,47,62,0,0,0,0,0,0,0,0,38,70,0,0,false,0,0,,,,MIDA Synergy*,Chambered Compensator*,Extended Barrel,Extended Mag*,Alloy Magazine,Slideways*,Tap the Trigger*,To Excess*,Kill Tracker,Tier 2: Handling*,,,,,,,,,
Canis Major,2066434718,"""6917529548465844963""",,Legendary,0,Grenade Launcher,lost,Power,Solar,heavy,10,Rapid-Fire Frame,Handling,1,Vault,false,false,false,4,15,,69,30,0,0,13,15,47,0,24,150,22,5,16,0,0,0,0,0,0,0,0,6,36,0,0,false,0,0,,,,Rapid-Fire Frame*,Volatile Launch*,Linear Compensator,Proximity Grenades*,High-Velocity Rounds,Killing Wind*,Unrelenting*,Kill Tracker,Tier 1: Handling*,,,,,,,,,,
Caretaker,2508948099,"""6917529883203700118""",favorite,Legendary,0,Sword,seasonpass,Power,Solar,heavy,10,Adaptive Frame,,,Vault,false,false,false,6,20,,0,0,58,0,0,0,0,0,0,0,0,74,0,0,0,0,10,70,60,40,0,0,0,0,0,crafted,11,670,,,,Adaptive Frame*,Enduring Blade*,Heavy Guard*,Flash Counter*,Surrounded*,Noble Deeds*,Kill Tracker,,,,,,,,,,,,
Caretaker,2508948099,"""6917529892398833779""",,Legendary,0,Sword,seasonpass,Power,Solar,heavy,10,Adaptive Frame,Impact,3,Vault,true,false,false,6,20,,0,0,63,0,0,0,0,0,0,0,0,67,0,0,0,0,20,0,90,40,0,0,0,0,0,false,0,1,,,,Adaptive Frame*,Honed Edge*,Jagged Edge,Tempered Edge,Enduring Guard*,Swordmaster's Guard,Tireless Blade*,Incandescent*,Noble Deeds*,Kill Tracker,Tier 3: Impact*,,,,,,,,
Caretaker,2508948099,"""6917530018705543718""",,Legendary,0,Sword,seasonpass,Power,Solar,heavy,10,Adaptive Frame,Impact,3,Vault,false,false,false,6,20,,0,0,63,0,0,0,0,0,0,0,0,67,0,0,0,0,20,80,0,40,0,0,0,0,0,false,0,0,,,,Adaptive Frame*,Honed Edge*,Jagged Edge,Tempered Edge,Burst Guard*,Heavy Guard,Tireless Blade*,Valiant Charge*,Noble Deeds*,Kill Tracker,Tier 3: Impact*,,,,,,,,
Cartesian Coordinate,2481881293,"""6917529399392250487""",favorite,Legendary,0,Fusion Rifle,engram,Energy,Solar,special,10,Rapid-Fire Frame,Range,2,Vault,false,false,false,4,13,,52,60,55,28,16,0,0,0,26,0,46,8,60,533,0,0,0,0,0,0,0,4,49,0,0,false,0,0,,,,Rapid-Fire Frame*,Cleanshot IS*,Red Dot Micro,Enhanced Battery*,Ionized Battery,Feeding Frenzy*,High-Impact Reserves*,Kill Tracker,Tier 2: Range*,,,,,,,,,,
Cartesian Coordinate,3719824177,"""6917530186167790179""",,Legendary,3,Fusion Rifle,engram,Energy,Solar,special,355,Rapid-Fire Frame,Range,3,Vault,false,false,false,8,28,,52,60,55,34,15,0,0,0,26,0,46,8,50,533,0,0,0,0,0,0,0,4,49,0,0,false,0,0,,,,Rapid-Fire Frame*,Hammer-Forged Rifling*,Smallbore,Enhanced Battery*,Liquid Coils,Lead from Gold*,Grave Robber,Reservoir Burst*,Controlled Burst,Veteran's Wisdom*,Field-Tested,Kill Tracker,Tier 3: Range*,,,,,,
Cartesian Coordinate,3719824177,"""6917530186180135977""",,Legendary,3,Fusion Rifle,engram,Energy,Solar,special,358,Rapid-Fire Frame,Charge Time,1,Vault,false,false,false,8,28,,52,60,60,26,15,0,0,0,31,0,46,7,55,530,0,0,0,0,0,0,0,4,49,0,0,false,0,0,,,,Rapid-Fire Frame*,Corkscrew Rifling*,Hammer-Forged Rifling,Liquid Coils*,Particle Repeater,Lead from Gold*,Reconstruction,Successful Warm-Up*,Aggregate Charge,Veteran's Wisdom*,Field-Tested,Kill Tracker,Tier 1: Charge Time*,,,,,,
Cartesian Coordinate,3719824177,"""6917530186182158477""",,Legendary,5,Fusion Rifle,engram,Energy,Solar,special,360,Rapid-Fire Frame,Charge Time,2,Vault,false,false,false,8,28,,62,60,55,21,15,0,0,0,37,0,28,8,46,526,0,0,0,0,0,0,0,4,49,0,0,false,0,0,,,,Rapid-Fire Frame*,Chambered Compensator*,Corkscrew Rifling,Ionized Battery*,Projection Fuse,Lead from Gold*,Collective Demolition,Discord,Incandescent*,Reservoir Burst,Closing Time,Veteran's Wisdom*,Field-Tested,Kill Tracker,Tier 2: Charge Time*,Triumphant Pulse*,,,
Cartesian Coordinate,3719824177,"""6917530188309005871""",,Legendary,5,Fusion Rifle,engram,Energy,Solar,special,405,Rapid-Fire Frame,Charge Time,3,Vault,false,false,false,8,28,,62,60,50,21,15,0,0,0,37,0,48,7,46,523,0,0,0,0,0,0,0,4,59,0,0,false,0,0,,,,Rapid-Fire Frame*,Chambered Compensator*,Fluted Barrel,Accelerated Coils*,Ionized Battery,Envious Arsenal*,Collective Demolition,Discord,Successful Warm-Up*,Closing Time,Vorpal Weapon,Veteran's Wisdom*,Field-Tested,Kill Tracker,Tier 3: Charge Time*,Triumphant Pulse*,,,
Cartesian Coordinate,3719824177,"""6917530188309009396""",,Legendary,4,Fusion Rifle,engram,Energy,Solar,special,405,Rapid-Fire Frame,Stability,4,Vault,false,false,false,8,28,,52,60,50,27,15,0,0,0,36,0,48,7,60,533,0,0,0,0,0,0,0,4,49,0,0,false,0,0,,,"AI v2.3 COULD DELETE — same weapon name, hash/version, and intrinsic frame as the proposed retained copy. Best legal perk combo scores 3.5 below the best copy. Retain Cartesian Coordinate ID 6917530186182158477. Still review origin-trait selection, barrels, magazines, Masterwork, stats, source, build role, and personal feel before dismantling.",Rapid-Fire Frame*,Corkscrew Rifling*,Polygonal Rifling,Accelerated Coils*,Projection Fuse,Grave Robber*,Discord,Successful Warm-Up*,Vorpal Weapon,Veteran's Wisdom*,Field-Tested,Kill Tracker,Tier 4: Stability*,,,,,,
Centrifuse,1912669214,"""6917529902857968954""",,Exotic,0,Auto Rifle,seasonpass,Energy,Arc,primary,418,Overcharge Capacitor,,,Vault,false,false,false,6,21,,90,55,29,47,16,0,0,0,65,450,40,45,82,0,0,0,0,0,0,0,0,25,54,0,0,false,0,307,,,,Overcharge Capacitor*,Corkscrew Rifling*,Appended Mag*,Regenerative Motion*,Hand-Laid Stock*,Kill Tracker,Empty Catalyst Socket*,,,,,,,,,,,,
Cerberus+1,1541131350,"""6917529895769418998""",,Exotic,0,Auto Rifle,,KineticSlot,Kinetic,primary,413,Four-Headed Dog,,10,Vault,false,false,false,2,4,,86,60,33,25,16,0,0,0,20,360,35,31,27,0,0,0,0,0,0,0,0,16,59,0,0,false,0,0,,,,Four-Headed Dog*,Rifled Barrel*,Fluted Barrel*,Full Bore*,Spread Shot Package*,Kill Tracker,Cerberus+1 Catalyst*,,,,,,,,,,,,
Chain of Command,1716620044,"""6917530188605580735""",favorite,Legendary,3,Machine Gun,monumentoftriumph,Power,Stasis,heavy,478,Adaptive Frame,Range,10,Warlock(482),true,true,false,8,28,,74,61,41,56,16,0,0,0,50,450,62,71,74,0,0,0,0,0,0,0,0,10,54,0,0,false,0,839,,"00003:Arc,Gamma,Solar",,Adaptive Frame*,Fluted Barrel*,Polygonal Rifling,High-Caliber Rounds,Flared Magwell*,Adrenaline Junkie,Subsistence*,Adaptive Munitions,Killing Tally*,Vanguard Determination,Wild Card*,Kill Tracker,Backup Mag*,Masterworked: Range*,,,,,
Chattering Bone,568515759,"""6917529099271860251""",favorite,Legendary,0,Pulse Rifle,lastwish,KineticSlot,Kinetic,primary,10,Lightweight Frame,Range,10,Vault,true,false,false,2,4,,57,71,27,53,17,0,0,0,67,450,63,33,75,0,0,0,0,0,0,0,0,10,49,0,0,false,0,201,,,,Lightweight Frame*,Chambered Compensator,Corkscrew Rifling*,Extended Barrel,Alloy Magazine,Ricochet Rounds*,Outlaw*,Rampage*,Kill Tracker,Masterworked: Range*,,,,,,,,,
Chattering Bone,501329015,"""6917529975588120121""",,Legendary,0,Pulse Rifle,pantheon,KineticSlot,Kinetic,primary,10,Lightweight Frame,Stability,4,Vault,false,false,false,6,21,,57,71,27,48,17,0,0,0,51,450,73,36,65,0,0,0,0,0,0,0,0,10,49,0,0,false,0,0,,,,Lightweight Frame*,Full Bore*,Polygonal Rifling,Tactical Mag*,Alloy Magazine,Under Pressure*,Kinetic Tremors*,Explosive Pact*,Kill Tracker,Tier 4: Stability*,,,,,,,,,
Chroma Rush,1119734784,"""6917529399377380321""",favorite,Legendary,0,Auto Rifle,servitor,KineticSlot,Kinetic,primary,10,Rapid-Fire Frame,Range,4,Vault,true,false,false,4,14,,45,80,18,49,16,0,0,0,56,720,47,60,35,0,0,0,0,0,0,0,0,10,54,0,0,false,0,0,,,,Rapid-Fire Frame*,Hammer-Forged Rifling*,Polygonal Rifling,Accurized Rounds*,Flared Magwell,Feeding Frenzy*,Kill Clip*,Kill Tracker,Backup Mag*,Tier 4: Range*,,,,,,,,,
Chroma Rush,1119734784,"""6917529416173964224""",,Legendary,0,Auto Rifle,servitor,KineticSlot,Kinetic,primary,10,Rapid-Fire Frame,Range,1,Vault,false,false,false,4,14,,75,80,18,26,16,0,0,0,56,720,47,57,45,0,0,0,0,0,0,0,0,10,54,0,0,false,0,0,,,,Rapid-Fire Frame*,Arrowhead Brake*,Fluted Barrel,Appended Mag*,Steady Rounds,Subsistence*,Rampage*,Kill Tracker,Tier 1: Range*,,,,,,,,,,
Chroma Rush,771811871,"""6917530186017907963""",,Legendary,3,Auto Rifle,engram,KineticSlot,Kinetic,primary,303,Rapid-Fire Frame,Handling,4,Vault,false,false,false,8,28,,55,80,18,45,16,0,0,0,56,720,47,51,29,0,0,0,0,0,0,0,0,10,54,0,0,false,0,0,,,,Rapid-Fire Frame*,Extended Barrel*,Full Bore,Accurized Rounds*,Alloy Magazine,Killing Wind*,Bewildering Burst,Rampage*,Kinetic Tremors,Splicer Surge*,Kill Tracker,Tier 4: Handling*,,,,,,,
Chroma Rush,771811871,"""6917530186175874947""",,Legendary,3,Auto Rifle,engram,KineticSlot,Kinetic,primary,357,Rapid-Fire Frame,Reload Speed,5,Vault,false,false,false,8,28,,55,80,18,35,16,0,0,0,56,720,32,60,25,0,0,0,0,0,0,0,0,20,54,0,0,false,0,0,,,,Rapid-Fire Frame*,Extended Barrel*,Full Bore,Extended Mag*,Steady Rounds,Dynamic Sway Reduction*,Stopping Power,Kinetic Tremors*,Ancillary Ordinance,Splicer Surge*,Kill Tracker,Tier 5: Reload Speed*,,,,,,,
Chroma Rush,771811871,"""6917530192906203482""",,Legendary,5,Auto Rifle,engram,KineticSlot,Kinetic,primary,478,Rapid-Fire Frame,Handling,4,Vault,false,false,false,8,28,,55,80,18,36,16,0,0,0,56,720,47,51,30,0,0,0,0,0,0,0,0,10,54,0,0,false,0,0,,,,Rapid-Fire Frame*,Extended Barrel*,Full Bore,Alloy Magazine*,Flared Magwell,Subsistence*,Dynamic Sway Reduction,Stopping Power,Target Lock*,Kinetic Tremors,All-Star,Splicer Surge*,Kill Tracker,Tier 4: Handling*,Triumphant Pulse*,,,,
Chroma Rush,771811871,"""6917530192908287182""",,Legendary,4,Auto Rifle,engram,KineticSlot,Kinetic,primary,478,Rapid-Fire Frame,Handling,1,Vault,false,false,false,8,28,,45,80,18,40,16,0,0,0,47,720,29,60,32,0,0,0,0,0,0,0,0,20,54,0,0,false,0,0,,,,Rapid-Fire Frame*,Full Bore*,Smallbore,Extended Mag*,Steady Rounds,Dynamic Sway Reduction*,Stopping Power,Rampage*,Kill Clip,Splicer Surge*,Kill Tracker,Tier 1: Handling*,,,,,,,
Chrysura Melo,1750388538,"""6917530187832418618""",,Legendary,3,Auto Rifle,,Energy,Arc,primary,402,Support Frame,Range,1,Vault,false,false,false,8,28,,86,63,21,56,16,0,0,0,44,600,57,47,75,0,0,0,0,0,0,0,0,10,48,0,0,false,0,0,,,,Support Frame*,Arrowhead Brake*,Hammer-Forged Rifling,Accurized Rounds*,Flared Magwell,Ensemble*,Jolting Feedback,Circle of Life*,Voltshot,Ignoble Deeds*,Kill Tracker,Tier 1: Range*,,,,,,,
Chrysura Melo,1750388538,"""6917530187832420173""",,Legendary,3,Auto Rifle,,Energy,Arc,primary,402,Support Frame,Range,1,Vault,false,false,false,8,28,,56,63,21,71,16,0,0,0,34,600,57,47,60,0,0,0,0,0,0,0,0,10,48,0,0,false,0,0,,,,Support Frame*,Full Bore*,Smallbore,Accurized Rounds*,Extended Mag,Ensemble*,Impulse Amplifier,Voltshot*,Frenzy,Ignoble Deeds*,Kill Tracker,Tier 1: Range*,,,,,,,
Chrysura Melo,1750388538,"""6917530187955112681""",,Legendary,3,Auto Rifle,,Energy,Arc,primary,409,Support Frame,Range,5,Vault,false,false,false,8,28,,56,63,21,55,16,0,0,0,49,600,37,57,70,0,0,0,0,0,0,0,0,20,48,0,0,false,0,0,,,,Support Frame*,Corkscrew Rifling*,Full Bore,Extended Mag*,Flared Magwell,Ensemble*,Jolting Feedback,Supercharged Magazine*,Rolling Storm,Ignoble Deeds*,Kill Tracker,Tier 5: Range*,,,,,,,
Circular Logic,2187717691,"""6917529873675929189""",,Legendary,0,Machine Gun,neomuna,Power,Strand,heavy,10,Adaptive Frame,Range,3,Vault,true,false,false,6,20,,80,59,41,55,16,0,0,0,40,450,50,53,58,0,0,0,0,0,0,0,0,11,51,0,0,false,0,305,,,,Adaptive Frame*,Arrowhead Brake,Smallbore*,Extended Mag,Armor-Piercing Rounds*,Keep Away*,Target Lock*,Nanotech Tracer Missiles*,Kill Tracker,Tier 3: Range*,,,,,,,,,
Circular Logic,2187717691,"""6917529889519900939""",,Legendary,0,Machine Gun,neomuna,Power,Strand,heavy,10,Adaptive Frame,Reload Speed,10,Vault,true,false,false,6,20,,100,59,41,45,16,0,0,0,33,450,60,53,68,0,0,0,0,0,0,0,0,11,51,0,0,false,0,1370,,00001:Solar,,Adaptive Frame*,Arrowhead Brake*,Hammer-Forged Rifling,High-Caliber Rounds*,Flared Magwell,Envious Assassin*,Golden Tricorn*,Nanotech Tracer Missiles*,Kill Tracker,Masterworked: Reload Speed*,,,,,,,,,
Cloudstrike,2603483885,"""6917529967482996504""",,Exotic,0,Sniper Rifle,europa,Energy,Arc,special,10,Mortal Polarity,,,Vault,false,false,false,4,12,,68,68,55,60,50,0,0,0,64,140,40,7,61,0,0,0,0,0,0,0,0,7,70,0,0,false,0,0,,,,Mortal Polarity*,Fluted Barrel*,Alloy Magazine*,Stormbringer*,Hand-Laid Stock*,Kill Tracker,Empty Catalyst Socket*,,,,,,,,,,,,
Code Duello,2496242052,"""6917529287847851121""",,Legendary,0,Rocket Launcher,battlegrounds,Power,Solar,heavy,10,High-Impact Frame,Reload Speed,10,Vault,true,false,false,4,13,,52,62,0,0,20,95,57,0,63,15,55,1,69,0,0,0,0,0,0,0,0,3,42,0,0,false,0,1990,,"00003:Gambit,PvP,Vanish-Warmind",,High-Impact Frame*,Volatile Launch,Linear Compensator*,High-Velocity Rounds*,Implosion Rounds,Auto-Loading Holster*,Cluster Bomb*,Kill Tracker,Masterworked: Reload Speed*,,,,,,,,,,
Code Duello,2496242052,"""6917529288889979242""",,Legendary,0,Rocket Launcher,battlegrounds,Power,Solar,heavy,10,High-Impact Frame,Velocity,5,Vault,true,false,false,4,13,,82,62,0,0,20,90,47,0,58,15,65,1,79,0,0,0,0,0,0,0,0,3,42,0,0,false,0,0,,,,High-Impact Frame*,Countermass*,Linear Compensator,Alloy Casing*,Black Powder,Impulse Amplifier*,Chain Reaction*,Kill Tracker,Tier 5: Velocity*,,,,,,,,,,
Code Duello,2496242052,"""6917529321517256617""",favorite,Legendary,0,Rocket Launcher,battlegrounds,Power,Solar,heavy,10,High-Impact Frame,Blast Radius,10,Vault,true,false,false,4,13,,52,62,0,0,20,100,52,0,68,15,35,1,84,0,0,0,0,0,0,0,0,3,42,0,0,false,0,317,,,,High-Impact Frame*,Hard Launch,Quick Launch*,Black Powder,Impact Casing*,Auto-Loading Holster*,Lasting Impression*,Kill Tracker,Masterworked: Blast Radius*,,,,,,,,,,
Cold Comfort,839786290,"""6917529904965298596""",,Legendary,0,Rocket Launcher,dungeon,Power,Stasis,heavy,10,Aggressive Frame,Velocity,1,Vault,false,false,false,6,21,,73,39,0,0,20,35,65,0,18,25,92,1,18,0,0,0,0,0,0,0,0,10,45,0,0,false,0,0,,,,Aggressive Frame*,Volatile Launch*,Linear Compensator,Alloy Casing*,Impact Casing,Envious Assassin*,Chill Clip*,Restoration Ritual*,Kill Tracker,Tier 1: Velocity*,,,,,,,,,
Cold Denial,1216130969,"""6917529206014517210""",,Legendary,0,Pulse Rifle,seasonpass,KineticSlot,Kinetic,primary,10,High-Impact Frame,Range,1,Vault,true,false,false,3,11,,73,32,33,63,14,0,0,0,59,340,34,28,39,0,0,0,0,0,0,0,0,10,46,0,0,false,0,0,,,,High-Impact Frame*,Chambered Compensator,Fluted Barrel*,Alloy Magazine,Ricochet Rounds*,Killing Wind*,Multikill Clip*,Sympathetic Arsenal,Kill Tracker,Tier 1: Range*,,,,,,,,,
Cold Denial,1216130969,"""6917529206020241984""",favorite,Legendary,0,Pulse Rifle,seasonpass,KineticSlot,Kinetic,primary,10,High-Impact Frame,Handling,5,Vault,true,false,false,3,11,,100,32,33,62,14,0,0,0,44,340,34,28,39,0,0,0,0,0,0,0,0,10,46,0,0,false,0,0,,,,High-Impact Frame*,Arrowhead Brake*,Fluted Barrel,High-Caliber Rounds*,Flared Magwell,Feeding Frenzy*,Headseeker,Swashbuckler*,Kill Tracker,Tier 5: Handling*,,,,,,,,,
Coldheart,1345867571,"""6917529340198155606""",,Exotic,0,Trace Rifle,,Energy,Arc,special,10,Cold Fusion,,10,Vault,false,false,false,1,1,,100,100,6,70,16,0,0,0,70,1000,30,101,25,0,0,0,0,0,0,0,0,14,60,0,0,false,0,0,omolon,,,Cold Fusion*,Extended Barrel*,Enhanced Battery*,Longest Winter*,Hand-Laid Stock*,Kill Tracker,,,,,,,,,,,,,
Combined Action,1331824604,"""6917529967489698214""",,Legendary,0,Hand Cannon,engram,Energy,Arc,primary,10,Aggressive Frame,Stability,1,Vault,false,false,false,6,21,,94,61,92,71,14,0,0,0,34,120,32,7,23,0,0,0,0,0,0,0,0,16,53,0,0,false,0,0,field-forged,,,Aggressive Frame*,Arrowhead Brake,Smallbore*,Accurized Rounds*,Extended Mag,Tunnel Vision*,Kill Clip*,Field-Tested*,Kill Tracker,Tier 1: Stability*,,,,,,,,,
Combined Action,1331824604,"""6917529975889709332""",,Legendary,0,Hand Cannon,engram,Energy,Arc,primary,10,Aggressive Frame,Reload Speed,1,Vault,false,false,false,6,21,,94,61,92,59,14,0,0,0,31,120,33,9,28,0,0,0,0,0,0,0,0,16,53,0,0,false,0,0,field-forged,,,Aggressive Frame*,Corkscrew Rifling*,Polygonal Rifling,Appended Mag*,Alloy Magazine,Eddy Current*,Voltshot*,Field-Tested*,Kill Tracker,Tier 1: Reload Speed*,,,,,,,,,
Combined Action,1331824604,"""6917530021130544255""",,Legendary,0,Hand Cannon,engram,Energy,Arc,primary,10,Aggressive Frame,Reload Speed,1,Vault,false,false,false,6,21,,100,61,92,59,14,0,0,0,41,120,33,7,13,0,0,0,0,0,0,0,0,23,53,0,0,false,0,0,field-forged,,"AI v2.3 COULD DELETE — same weapon name, hash/version, and intrinsic frame as the proposed retained copy. Best legal perk combo scores 3.0 below the best copy. Retain Combined Action ID 6917530022765497533. Still review origin-trait selection, barrels, magazines, Masterwork, stats, source, build role, and personal feel before dismantling.",Aggressive Frame*,Extended Barrel*,Fluted Barrel,Steady Rounds*,Alloy Magazine,Eddy Current*,Offhand Strike*,Field-Tested*,Kill Tracker,Tier 1: Reload Speed*,,,,,,,,,
Combined Action,1331824604,"""6917530022765497533""",,Legendary,0,Hand Cannon,engram,Energy,Arc,primary,10,Aggressive Frame,Stability,2,Vault,false,false,false,6,21,,100,61,92,64,14,0,0,0,33,120,42,8,13,0,0,0,0,0,0,0,0,16,53,0,0,false,0,0,field-forged,,,Aggressive Frame*,Extended Barrel*,Smallbore,Tactical Mag*,Flared Magwell,Tunnel Vision*,Voltshot*,Field-Tested*,Kill Tracker,Radar Tuner*,Tier 2: Stability*,,,,,,,,
Combined Action,1331824604,"""6917530025283242304""",,Legendary,0,Hand Cannon,engram,Energy,Arc,primary,10,Aggressive Frame,Reload Speed,1,Vault,false,false,false,6,21,,94,61,92,69,14,0,0,0,31,120,33,7,28,0,0,0,0,0,0,0,0,16,53,0,0,false,0,0,field-forged,,,Aggressive Frame*,Corkscrew Rifling*,Polygonal Rifling,Accurized Rounds*,Tactical Mag,Perfect Float*,Kill Clip*,Field-Tested*,Kill Tracker,Tier 1: Reload Speed*,,,,,,,,,
Combined Action,1331824604,"""6917530025295827797""",,Legendary,0,Hand Cannon,engram,Energy,Arc,primary,10,Aggressive Frame,Range,4,Vault,false,false,false,6,21,,100,61,92,68,14,0,0,0,26,120,12,10,13,0,0,0,0,0,0,0,0,26,53,0,0,false,0,0,field-forged,,,Aggressive Frame*,Extended Barrel*,Full Bore,Extended Mag*,Flared Magwell,Eddy Current*,Timed Payload*,Field-Tested*,Kill Tracker,Tier 4: Range*,,,,,,,,,
Combined Action,1331824604,"""6917530192841996351""",,Legendary,0,Hand Cannon,engram,Energy,Arc,primary,461,Aggressive Frame,Stability,3,Vault,true,false,false,6,21,,94,61,92,64,14,0,0,0,34,120,32,7,18,0,0,0,0,0,0,0,0,23,53,0,0,false,0,0,field-forged,,,Aggressive Frame*,Full Bore*,Steady Rounds*,Eddy Current*,Voltshot*,Field-Tested*,Kill Tracker,Tier 3: Stability*,,,,,,,,,,,
Come to Pass,927567426,"""6917529883203693500""",,Legendary,0,Auto Rifle,wellspring,Energy,Arc,primary,10,High-Impact Frame,Stability,1,Vault,true,false,false,5,16,,100,54,31,88,16,0,0,0,27,400,34,31,41,0,0,0,0,0,0,0,0,9,54,0,0,false,0,0,,,,High-Impact Frame*,Arrowhead Brake*,Chambered Compensator,Accurized Rounds*,Tactical Mag,Triple Tap*,One for All*,Psychohack*,Kill Tracker,Tier 1: Stability*,,,,,,,,,
Compass Rose,2591111628,"""6917529415716417048""",,Legendary,0,Shotgun,events,Energy,Solar,special,10,Precision Frame,Stability,3,Vault,false,false,false,4,14,Solstice,75,73,70,62,12,0,0,0,59,65,58,6,45,0,0,0,0,0,0,0,0,2,45,0,0,false,0,0,,,,Precision Frame*,Barrel Shroud*,Corkscrew Rifling,Tactical Mag*,Steady Rounds,Dual Loader*,Trench Barrel*,Kill Tracker,Tier 3: Stability*,,,,,,,,,,
Compass Rose,2591111628,"""6917529415716421258""",,Legendary,0,Shotgun,events,Energy,Solar,special,10,Precision Frame,Handling,1,Vault,false,false,false,4,14,Solstice,90,73,70,72,12,0,0,0,56,70,48,5,21,0,0,0,0,0,0,0,0,2,45,0,0,false,0,0,,,,Precision Frame*,Rifled Barrel*,Barrel Shroud,Assault Mag*,Light Mag,Surplus*,Wellspring*,Kill Tracker,Counterbalance Stock*,Tier 1: Handling*,,,,,,,,,
Contingency Plan,577528837,"""6917529841289010310""",,Legendary,0,Scout Rifle,engram,Energy,Arc,primary,10,Rapid-Fire Frame,Range,1,Vault,true,false,false,4,15,,83,66,45,21,20,0,0,0,60,260,26,20,30,0,0,0,0,0,0,0,0,17,50,0,0,false,0,0,veist,,,Rapid-Fire Frame*,Arrowhead Brake*,Hammer-Forged Rifling,Steady Rounds*,Alloy Magazine,Tunnel Vision*,Kill Clip*,Kill Tracker,Backup Mag*,Tier 1: Range*,,,,,,,,,
Contingency Plan,577528837,"""6917529891118973315""",,Legendary,0,Scout Rifle,engram,Energy,Arc,primary,10,Rapid-Fire Frame,Range,1,Vault,false,false,false,4,15,,63,66,45,26,20,0,0,0,60,260,41,17,15,0,0,0,0,0,0,0,0,10,50,0,0,false,0,0,veist,,,Rapid-Fire Frame*,Chambered Compensator*,Smallbore,Extended Mag,Flared Magwell*,Surplus*,Frenzy*,Kill Tracker,Tier 1: Range*,,,,,,,,,,
Contingency Plan,577528837,"""6917529906212893194""",,Legendary,0,Scout Rifle,engram,Energy,Arc,primary,10,Rapid-Fire Frame,Range,4,Vault,false,false,false,4,15,,53,66,45,29,20,0,0,0,55,260,36,18,35,0,0,0,0,0,0,0,0,10,50,0,0,false,0,0,veist,,,Rapid-Fire Frame*,Fluted Barrel*,Polygonal Rifling,Tactical Mag*,Alloy Magazine,Outlaw*,One for All*,Kill Tracker,Tier 4: Range*,,,,,,,,,,
Controlling Vision,423343404,"""6917530025263188208""",,Legendary,0,Sidearm,engram,KineticSlot,Kinetic,primary,10,Adaptive Frame,Handling,4,Vault,false,false,false,7,24,,80,75,49,40,12,0,0,0,65,300,33,16,57,0,0,0,0,0,0,0,0,12,50,0,0,false,0,0,field-forged,,,Adaptive Frame*,Corkscrew Rifling*,Hammer-Forged Rifling,Armor-Piercing Rounds*,Ricochet Rounds,Surplus*,Under Pressure*,Field-Tested*,Kill Tracker,Tier 4: Handling*,,,,,,,,,
Controlling Vision,423343404,"""6917530065014741588""",,Legendary,0,Sidearm,engram,KineticSlot,Kinetic,primary,10,Adaptive Frame,Handling,1,Vault,false,false,false,7,24,,90,75,49,30,12,0,0,0,70,300,33,16,44,0,0,0,0,0,0,0,0,12,50,0,0,false,0,0,field-forged,,,Adaptive Frame*,Chambered Compensator*,Extended Barrel,Alloy Magazine*,Light Mag,Surplus*,Surrounded*,Field-Tested*,Kill Tracker,Tier 1: Handling*,,,,,,,,,
Convened Recurve,3667861447,"""6917530186412723638""",,Legendary,3,Combat Bow,monumentoftriumph,Energy,Void,primary,394,High-Impact Longbow,Handling,2,Vault,false,false,false,8,28,,60,43,92,0,18,0,0,0,39,0,30,0,41,0,834,57,0,0,0,0,0,17,41,0,0,false,0,0,,,,High-Impact Longbow*,High Tension String*,Natural String,Carbon Arrow Shaft*,Compact Arrow Shaft,Successful Warm-Up*,Withering Gaze,Aggregate Charge*,Snapshot Sights,Vanguard Determination*,Kill Tracker,Tier 2: Handling*,,,,,,,
Convened Recurve,3667861447,"""6917530187991838323""",,Legendary,3,Combat Bow,monumentoftriumph,Energy,Void,primary,400,High-Impact Longbow,Accuracy,2,Vault,false,false,false,8,28,,60,43,92,0,18,0,0,0,54,0,30,0,39,0,800,49,0,0,0,0,0,17,41,0,0,false,0,0,,,,High-Impact Longbow*,Tactile String*,Polymer String,Carbon Arrow Shaft*,Straight Fletching,Dimensional Shift*,Moving Target,Demoralize*,Snapshot Sights,Vanguard Determination*,Kill Tracker,Tier 2: Target Acquisition*,,,,,,,
Convened Recurve,3667861447,"""6917530188008408897""",,Legendary,3,Combat Bow,monumentoftriumph,Energy,Void,primary,401,High-Impact Longbow,Stability,2,Vault,false,false,false,8,28,,60,43,92,0,18,0,0,0,36,0,40,0,54,0,733,32,0,0,0,0,0,17,41,0,0,false,0,0,,,,High-Impact Longbow*,Elastic String*,High Tension String,Compact Arrow Shaft*,Natural Fletching,Repulsor Brace*,Withering Gaze,Aggregate Charge*,Adagio,Vanguard Determination*,Kill Tracker,Tier 2: Stability*,,,,,,,
Convened Recurve,3667861447,"""6917530189377894274""",,Legendary,4,Combat Bow,monumentoftriumph,Energy,Void,primary,439,High-Impact Longbow,Handling,4,Vault,false,false,false,8,28,,60,43,92,0,18,0,0,0,42,0,30,0,43,0,834,58,0,0,0,0,0,17,41,0,0,false,0,0,,,,High-Impact Longbow*,High Tension String*,Polymer String,Carbon Arrow Shaft*,Natural Fletching,Withering Gaze*,Moving Target,Adagio*,Snapshot Sights,Vanguard Determination*,Kill Tracker,Tier 4: Handling*,,,,,,,
Convened Recurve,3667861447,"""6917530189386566091""",,Legendary,3,Combat Bow,monumentoftriumph,Energy,Void,primary,426,High-Impact Longbow,Reload Speed,4,Vault,false,false,false,8,28,,60,43,92,0,18,0,0,0,39,0,44,0,64,0,800,42,0,0,0,0,0,17,41,0,0,false,0,0,,,,High-Impact Longbow*,Agile Bowstring*,Natural String,Compact Arrow Shaft*,Straight Fletching,Withering Gaze*,Built to Blast,Adagio*,Snapshot Sights,Vanguard Determination*,Kill Tracker,Tier 4: Reload Speed*,,,,,,,
Convened Recurve,3667861447,"""6917530189633676664""",,Legendary,5,Combat Bow,monumentoftriumph,Energy,Void,primary,451,High-Impact Longbow,Accuracy,1,Vault,false,false,false,8,28,,60,43,92,0,18,0,0,0,45,0,30,0,55,0,800,49,0,0,0,0,0,17,41,0,0,false,0,0,,,,High-Impact Longbow*,Agile Bowstring*,High Tension String,Helical Fletching*,Straight Fletching,Successful Warm-Up*,Repulsor Brace,Moving Target,Butterfly*,Aggregate Charge,Adagio,Vanguard Determination*,Kill Tracker,Tier 1: Target Acquisition*,Triumphant Pulse*,,,,
Convened Recurve,3667861447,"""6917530189641022643""",,Legendary,2,Combat Bow,monumentoftriumph,Energy,Void,primary,438,High-Impact Longbow,Draw Time,1,Vault,false,false,false,8,28,,60,43,92,0,18,0,0,0,59,0,30,0,44,0,797,42,0,0,0,0,0,17,41,0,0,false,0,0,,,,High-Impact Longbow*,Natural String*,Polymer String,Natural Fletching*,Straight Fletching,Moving Target*,Snapshot Sights*,Vanguard Determination*,Kill Tracker,Tier 1: Draw Time*,,,,,,,,,
Convened Recurve,3667861447,"""6917530189846432489""",,Legendary,5,Combat Bow,monumentoftriumph,Energy,Void,primary,458,High-Impact Longbow,Stability,1,Vault,false,false,false,8,28,,60,43,92,0,18,0,0,0,58,0,30,0,39,0,800,48,0,0,0,0,0,17,41,0,0,false,0,0,,,,High-Impact Longbow*,Tactile String*,Elastic String,Carbon Arrow Shaft*,Helical Fletching,Successful Warm-Up*,Dimensional Shift,Repulsor Brace,Aggregate Charge*,Adagio,Snapshot Sights,Vanguard Determination*,Kill Tracker,Tier 1: Stability*,Triumphant Pulse*,,,,
Convened Recurve,3667861447,"""6917530191282771567""",,Legendary,3,Combat Bow,monumentoftriumph,Energy,Void,primary,462,High-Impact Longbow,Draw Time,1,Vault,false,false,false,8,28,,60,43,92,0,18,0,0,0,34,0,40,0,59,0,763,37,0,0,0,0,0,17,41,0,0,false,0,0,,,,High-Impact Longbow*,Flexible String*,Polymer String,Compact Arrow Shaft*,Straight Fletching,Successful Warm-Up*,Dimensional Shift,Demoralize*,Snapshot Sights,Vanguard Determination*,Kill Tracker,Tier 1: Draw Time*,,,,,,,
Convened Recurve,3667861447,"""6917530191298343377""",,Legendary,3,Combat Bow,monumentoftriumph,Energy,Void,primary,450,High-Impact Longbow,Reload Speed,3,Vault,false,false,false,8,28,,60,43,92,0,18,0,0,0,34,0,33,0,54,0,800,57,0,0,0,0,0,17,41,0,0,false,0,0,,,,High-Impact Longbow*,Agile Bowstring*,Polymer String,Fiberglass Arrow Shaft*,Natural Fletching,Successful Warm-Up*,Built to Blast,Butterfly*,Aggregate Charge,Vanguard Determination*,Kill Tracker,Tier 3: Reload Speed*,,,,,,,
Convened Recurve,3667861447,"""6917530191313794999""",,Legendary,3,Combat Bow,monumentoftriumph,Energy,Void,primary,453,High-Impact Longbow,Handling,2,Vault,false,false,false,8,28,,60,43,92,0,18,0,0,0,49,0,30,0,46,0,800,47,0,0,0,0,0,17,41,0,0,false,0,0,,,,High-Impact Longbow*,Natural String*,Polymer String,Carbon Arrow Shaft*,Fiberglass Arrow Shaft,Dimensional Shift*,Withering Gaze,Destabilizing Rounds*,Snapshot Sights,Vanguard Determination*,Kill Tracker,Tier 2: Handling*,,,,,,,
Convened Recurve,3667861447,"""6917530191316852304""",,Legendary,2,Combat Bow,monumentoftriumph,Energy,Void,primary,454,High-Impact Longbow,Reload Speed,2,Vault,false,false,false,8,28,,60,43,92,0,18,0,0,0,59,0,32,0,39,0,800,42,0,0,0,0,0,17,41,0,0,false,0,0,,,"AI v2.3 COULD DELETE — same weapon name, hash/version, and intrinsic frame as the proposed retained copy. All legal main-trait combinations are covered by the retained copy. Stat utility difference +4.9; stat-option quality +1.2. Retain Convened Recurve ID 6917530191298343377. Still review origin-trait selection, barrels, magazines, Masterwork, stats, source, build role, and personal feel before dismantling.",High-Impact Longbow*,Tactile String*,Natural String,Natural Fletching*,Straight Fletching,Built to Blast*,Butterfly*,Vanguard Determination*,Kill Tracker,Tier 2: Reload Speed*,,,,,,,,,
Convened Recurve,3667861447,"""6917530192863623744""",,Legendary,3,Combat Bow,monumentoftriumph,Energy,Void,primary,476,High-Impact Longbow,Reload Speed,2,Vault,false,false,false,8,28,,60,43,92,0,18,0,0,0,34,0,32,0,54,0,800,57,0,0,0,0,0,17,41,0,0,false,0,0,,,,High-Impact Longbow*,Agile Bowstring*,Tactile String,Fiberglass Arrow Shaft*,Straight Fletching,Dimensional Shift*,Moving Target,Butterfly*,Demoralize,Vanguard Determination*,Kill Tracker,Tier 2: Reload Speed*,,,,,,,
Convened Recurve,3667861447,"""6917530193066931884""",,Legendary,3,Combat Bow,monumentoftriumph,Energy,Void,primary,469,High-Impact Longbow,Stability,4,Vault,false,false,false,8,28,,60,43,92,0,18,0,0,0,38,0,30,0,44,0,800,62,0,0,0,0,0,17,41,0,0,false,0,0,,,,High-Impact Longbow*,Natural String*,Polymer String,Fiberglass Arrow Shaft*,Straight Fletching,Successful Warm-Up*,Built to Blast,Destabilizing Rounds*,Adagio,Vanguard Determination*,Kill Tracker,Tier 4: Stability*,,,,,,,
Coriolis Force,3512349612,"""6917529386767452672""",,Legendary,0,Fusion Rifle,campaign,Energy,Void,special,10,Aggressive Frame,Reload Speed,2,Vault,false,false,false,4,12,,60,45,100,33,15,0,0,0,47,0,36,6,21,667,0,0,0,0,0,0,0,4,34,0,0,false,0,0,,,,Aggressive Frame*,Chambered Compensator*,Smallbore,Liquid Coils*,Particle Repeater,Ambitious Assassin*,Unrelenting*,Kill Tracker,Tier 2: Reload Speed*,,,,,,,,,,
Coronach-22,355382946,"""6917529957151027691""",,Legendary,0,Auto Rifle,engram,Energy,Solar,primary,10,Adaptive Frame,Handling,2,Vault,false,false,false,6,20,,100,59,21,47,16,0,0,0,38,600,41,44,60,0,0,0,0,0,0,0,0,19,51,0,0,false,0,0,suros,,,Adaptive Frame*,Arrowhead Brake*,Chambered Compensator,Armor-Piercing Rounds*,Ricochet Rounds,Zen Moment*,Incandescent*,Suros Synergy*,Kill Tracker,Tier 2: Handling*,,,,,,,,,
Crimson,3437746471,"""6917529398338389730""",,Exotic,0,Hand Cannon,,KineticSlot,Kinetic,primary,455,Banned Weapon,Range,10,Vault,false,false,false,1,2,,55,75,92,92,14,0,0,0,97,415,60,8,35,0,0,0,0,0,0,0,0,15,100,0,0,false,0,1,,,,Banned Weapon*,Smallbore*,Accurized Rounds*,Cruel Remedy*,Heavy Grip*,Kill Tracker,Crimson Catalyst*,,,,,,,,,,,,
Crux Termination IV,1719687748,"""6917530022302079381""",,Legendary,0,Rocket Launcher,engram,Power,Arc,heavy,10,Aggressive Frame,Handling,1,Vault,false,false,false,6,23,,80,31,0,0,20,20,87,0,3,25,57,1,18,0,0,0,0,0,0,0,0,5,45,0,0,false,0,0,cassoid,,,Aggressive Frame*,Hard Launch*,Smart Drift Control,Black Powder*,Implosion Rounds,Permeability*,Explosive Light*,Wild Card*,Kill Tracker,Tier 1: Handling*,,,,,,,,,
Crux Termination IV,1719687748,"""6917530029198579021""",,Legendary,0,Rocket Launcher,engram,Power,Arc,heavy,10,Aggressive Frame,Handling,3,Titan(10),false,false,false,6,23,,80,31,0,0,20,20,92,0,23,25,67,1,35,0,0,0,0,0,0,0,0,5,45,0,0,false,0,0,cassoid,,,Aggressive Frame*,Quick Launch*,Smart Drift Control,High-Velocity Rounds*,Implosion Rounds,Reconstruction*,Demolitionist*,Wild Card*,Kill Tracker,Tier 3: Handling*,,,,,,,,,
Crux Termination IV,1719687748,"""6917530065012102373""",,Legendary,0,Rocket Launcher,engram,Power,Arc,heavy,10,Aggressive Frame,Reload Speed,1,Hunter(60),false,false,false,6,23,,80,36,0,0,20,20,87,0,3,25,58,1,17,0,0,0,0,0,0,0,0,5,45,0,0,false,0,0,cassoid,,,Aggressive Frame*,Hard Launch*,Smart Drift Control,Black Powder*,High-Velocity Rounds,Envious Assassin*,Tracking Module*,Wild Card*,Kill Tracker,Targeting Adjuster*,Tier 1: Reload Speed*,,,,,,,,
Cry Mutiny,768696858,"""6917530188596899879""",,Legendary,3,Grenade Launcher,monumentoftriumph,Power,Solar,heavy,422,Adaptive Frame,Handling,1,Vault,false,false,false,8,28,,58,62,0,0,13,40,18,0,57,120,45,6,43,0,0,0,0,0,0,0,0,12,48,0,0,false,0,0,,,,Adaptive Frame*,Confined Launch*,Countermass,Proximity Grenades*,High-Explosive Ordnance,Reverberation*,Danger Zone,Adrenaline Junkie*,Aggregate Charge,Vanguard Determination*,Right Hook,Kill Tracker,Tier 1: Handling*,,,,,,
Cry Mutiny,768696858,"""6917530188600933496""",,Legendary,3,Grenade Launcher,monumentoftriumph,Power,Solar,heavy,420,Adaptive Frame,Blast Radius,3,Vault,false,false,false,8,28,,58,62,0,0,13,63,18,0,47,120,75,6,42,0,0,0,0,0,0,0,0,12,48,0,0,false,0,0,,,,Adaptive Frame*,Confined Launch*,Countermass,Alloy Casing*,Augmented Drum,Incandescent*,Demolitionist,Swashbuckler*,Mega Kill Clip,Vanguard Determination*,Right Hook,Kill Tracker,Tier 3: Blast Radius*,,,,,,
Cry Mutiny,768696858,"""6917530188607732017""",,Legendary,3,Grenade Launcher,monumentoftriumph,Power,Solar,heavy,425,Adaptive Frame,Reload Speed,3,Vault,false,false,false,8,28,,58,62,0,0,13,25,43,0,32,120,48,6,42,0,0,0,0,0,0,0,0,12,48,0,0,false,0,0,,,,Adaptive Frame*,Hard Launch*,Linear Compensator,Proximity Grenades*,Alloy Casing,Blast Distributor*,Danger Zone,Surrounded*,Mega Kill Clip,Vanguard Determination*,Right Hook,Kill Tracker,Tier 3: Reload Speed*,,,,,,
Cry Mutiny,768696858,"""6917530192715450410""",,Legendary,4,Grenade Launcher,monumentoftriumph,Power,Solar,heavy,472,Adaptive Frame,Velocity,1,Vault,false,false,false,8,28,,58,62,0,0,13,48,25,0,42,120,45,6,37,0,0,0,0,0,0,0,0,12,48,0,0,false,0,0,,,,Adaptive Frame*,Volatile Launch*,Smart Drift Control,Proximity Grenades*,High-Velocity Rounds,Demolitionist*,Blast Distributor,Swashbuckler*,Aggregate Charge,Vanguard Determination*,Right Hook,Kill Tracker,Tier 1: Velocity*,,,,,,
Cryosthesia 77K,603721696,"""6917529385098759534""",,Exotic,0,Sidearm,,KineticSlot,Stasis,primary,10,LN2 Burst,,,Vault,false,false,false,4,14,,92,93,51,72,12,0,0,0,61,260,46,12,47,533,0,0,0,0,0,0,0,28,50,0,0,false,0,47,,,,LN2 Burst*,Polygonal Rifling*,Particle Repeater*,Liquid Cooling*,Polymer Grip*,Kill Tracker,Empty Catalyst Socket*,,,,,,,,,,,,
Cull's Shadow,2200470033,"""6917530187790022551""",,Exotic,1,Fusion Rifle,exoticquest,KineticSlot,Kinetic,special,468,Soulburn,,10,Hunter(60),false,false,false,8,28,,44,35,55,8,12,0,0,0,26,0,71,6,80,533,0,0,0,0,0,0,0,8,53,0,0,false,0,0,,,,Soulburn*,Blades of Unmaking*,Fluted Barrel*,High-Caliber Rounds*,Soulforge*,Short-Action Stock*,Kill Tracker,Soulfire Succor*,,,,,,,,,,,
Cynosure,2827141087,"""6917530188282420020""",,Legendary,3,Rocket Launcher,monumentoftriumph,Power,Strand,heavy,404,Adaptive Frame,Handling,1,Vault,false,false,false,8,28,,72,63,0,0,20,55,59,0,59,20,39,1,37,0,0,0,0,0,0,0,0,10,47,0,0,false,0,0,suros,,,Adaptive Frame*,Volatile Launch*,Countermass,Implosion Rounds*,Impact Casing,Reconstruction*,Tracking Module,Aggregate Charge*,Hatchling,Vanguard Determination*,Suros Synergy,Kill Tracker,Tier 1: Handling*,,,,,,
Cynosure,2827141087,"""6917530188284194934""",,Legendary,3,Rocket Launcher,monumentoftriumph,Power,Strand,heavy,404,Adaptive Frame,Reload Speed,1,Vault,false,false,false,8,28,,100,63,0,0,20,50,64,0,54,20,50,1,51,0,0,0,0,0,0,0,0,10,47,0,0,false,0,0,suros,,,Adaptive Frame*,Countermass*,Smart Drift Control,High-Velocity Rounds*,Implosion Rounds,Slice*,Field Prep,Explosive Light*,Lasting Impression,Vanguard Determination*,Suros Synergy,Kill Tracker,Tier 1: Reload Speed*,,,,,,
Cynosure,2827141087,"""6917530189104801730""",,Legendary,3,Rocket Launcher,monumentoftriumph,Power,Strand,heavy,432,Adaptive Frame,Velocity,2,Vault,true,false,false,8,28,,100,63,0,0,20,100,56,0,44,20,69,1,51,0,0,0,0,0,0,0,0,10,47,0,0,false,0,0,suros,,,Adaptive Frame*,Countermass*,Hard Launch,Alloy Casing*,High-Velocity Rounds,Tracking Module*,Slice,Lasting Impression*,Chain Reaction,Vanguard Determination*,Suros Synergy,Kill Tracker,Tier 2: Velocity*,,,,,,
Cynosure,2827141087,"""6917530189394812536""",,Legendary,3,Rocket Launcher,monumentoftriumph,Power,Strand,heavy,426,Adaptive Frame,Reload Speed,1,Vault,false,false,false,8,28,,72,63,0,0,20,50,69,0,24,20,40,1,41,0,0,0,0,0,0,0,0,10,47,0,0,false,0,0,suros,,,Adaptive Frame*,Hard Launch*,Smart Drift Control,Black Powder*,High-Velocity Rounds,Slice*,Demolitionist,Explosive Light*,Hatchling,Vanguard Determination*,Suros Synergy,Kill Tracker,Tier 1: Reload Speed*,,,,,,
Cynosure,2827141087,"""6917530189629453262""",,Legendary,3,Rocket Launcher,monumentoftriumph,Power,Strand,heavy,449,Adaptive Frame,Handling,1,Vault,false,false,false,8,28,,72,63,0,0,20,60,44,0,49,20,69,1,42,0,0,0,0,0,0,0,0,10,57,0,0,false,0,0,suros,,,Adaptive Frame*,Confined Launch*,Hard Launch,Alloy Casing*,Impact Casing,Envious Arsenal*,Tracking Module,Explosive Light*,Chain Reaction,Vanguard Determination*,Suros Synergy,Kill Tracker,Tier 1: Handling*,,,,,,
Cynosure,2827141087,"""6917530189629455063""",,Legendary,3,Rocket Launcher,monumentoftriumph,Power,Strand,heavy,449,Adaptive Frame,Reload Speed,4,Vault,false,false,false,8,28,,72,63,0,0,20,60,44,0,49,20,73,1,41,0,0,0,0,0,0,0,0,10,47,0,0,false,0,0,suros,,,Adaptive Frame*,Confined Launch*,Quick Launch,Alloy Casing*,Implosion Rounds,Overflow*,Demolitionist,Chain Reaction*,Hatchling,Vanguard Determination*,Suros Synergy,Kill Tracker,Tier 4: Reload Speed*,,,,,,
Cynosure,2827141087,"""6917530189850762676""",,Legendary,5,Rocket Launcher,monumentoftriumph,Power,Strand,heavy,458,Adaptive Frame,Handling,1,Vault,false,false,false,8,28,,72,63,0,0,20,47,50,0,35,20,24,1,37,0,0,0,0,0,0,0,0,10,57,0,0,false,0,0,suros,,,Adaptive Frame*,Volatile Launch*,Smart Drift Control,Black Powder*,Implosion Rounds,Envious Arsenal*,Overflow,Demolitionist,Bipod*,Chain Reaction,Bait and Switch,Vanguard Determination*,Suros Synergy,Kill Tracker,Tier 1: Handling*,Triumphant Pulse*,,,
Cynosure,2827141087,"""6917530191293703907""",,Legendary,3,Rocket Launcher,monumentoftriumph,Power,Strand,heavy,462,Adaptive Frame,Blast Radius,2,Vault,false,false,false,8,28,,72,63,0,0,20,67,49,0,34,20,69,1,36,0,0,0,0,0,0,0,0,10,47,0,0,false,0,0,suros,,,Adaptive Frame*,Volatile Launch*,Linear Compensator,Alloy Casing*,Black Powder,Overflow*,Demolitionist,Explosive Light*,Aggregate Charge,Vanguard Determination*,Suros Synergy,Kill Tracker,Tier 2: Blast Radius*,,,,,,
Cynosure,2827141087,"""6917530191293710873""",,Legendary,3,Rocket Launcher,monumentoftriumph,Power,Strand,heavy,462,Adaptive Frame,Blast Radius,3,Vault,false,false,false,8,28,,100,63,0,0,20,58,54,0,44,20,39,1,51,0,0,0,0,0,0,0,0,10,47,0,0,false,0,0,suros,,,Adaptive Frame*,Countermass*,Smart Drift Control,Black Powder*,High-Velocity Rounds,Reconstruction*,Slice,Aggregate Charge*,Chain Reaction,Vanguard Determination*,Suros Synergy,Kill Tracker,Tier 3: Blast Radius*,,,,,,
Cynosure,2827141087,"""6917530192884615772""",,Legendary,2,Rocket Launcher,monumentoftriumph,Power,Strand,heavy,464,Adaptive Frame,Blast Radius,2,Vault,false,false,false,8,28,,72,63,0,0,20,67,59,0,44,20,49,1,36,0,0,0,0,0,0,0,0,10,47,0,0,false,0,0,suros,,,Adaptive Frame*,Volatile Launch*,Linear Compensator,High-Velocity Rounds*,Implosion Rounds,Reconstruction*,Chain Reaction*,Vanguard Determination*,Suros Synergy,Kill Tracker,Tier 2: Blast Radius*,,,,,,,,
D.A.R.C.I.,3141979346,"""6917529895788160478""",,Exotic,0,Sniper Rifle,,Power,Arc,heavy,10,Personal Assistant,Stability,10,Vault,false,false,false,1,1,,100,60,55,40,40,0,0,0,95,140,40,7,80,0,0,0,0,0,0,0,0,90,60,0,0,false,0,0,,,,Personal Assistant*,Extended Barrel*,Extended Mag*,Target Acquired*,Short-Action Stock*,Kill Tracker,D.A.R.C.I. Catalyst*,,,,,,,,,,,,
D.F.A.,739029153,"""6917530188905247486""",,Legendary,2,Hand Cannon,monumentoftriumph,KineticSlot,Kinetic,primary,417,Adaptive Frame,Stability,1,Vault,false,false,false,8,28,,88,77,84,50,14,0,0,0,65,140,57,10,47,0,0,0,0,0,0,0,0,18,58,0,0,false,0,0,,,,Adaptive Frame*,Corkscrew Rifling*,Hammer-Forged Rifling,Tactical Mag*,Alloy Magazine,Keep Away*,Attrition Orbs*,Problem Solver*,Vanguard Determination,Kill Tracker,Tier 1: Stability*,,,,,,,,
Darkest Before,2481758391,"""6917529692976360184""",,Legendary,0,Pulse Rifle,dungeon,Energy,Arc,primary,10,Rapid-Fire Frame,Reload Speed,2,Vault,true,false,false,4,15,,64,75,23,49,17,0,0,0,48,540,37,36,27,0,0,0,0,0,0,0,0,10,50,0,0,false,0,0,,,,Rapid-Fire Frame*,Hammer-Forged Rifling*,Smallbore,High-Caliber Rounds*,Ricochet Rounds,Subsistence*,One for All*,Kill Tracker,Tier 2: Reload Speed*,,,,,,,,,,
Dead Man Walking XX7463,3751622019,"""6917529092699056698""",,Legendary,0,Sidearm,blackarmory,Energy,Solar,primary,10,Rapid-Fire Frame,Range,5,Vault,false,false,false,2,5,,98,61,35,36,12,0,0,0,61,450,34,16,64,0,0,0,0,0,0,0,0,12,64,0,0,false,0,0,suros,,,Rapid-Fire Frame*,QuickDot SAS*,Shortspec SAS,Accurized Rounds*,Alloy Magazine,Moving Target*,Kill Clip*,Kill Tracker,Tier 5: Range*,Refurbished Black Armory*,,,,,,,,,
Dead Man's Tale,3654674561,"""6917529391817141359""",,Exotic,0,Scout Rifle,exoticquest,KineticSlot,Kinetic,primary,10,Cranial Spike,,,Vault,false,false,false,4,13,,89,60,100,72,18,0,0,0,37,120,50,14,65,0,0,0,0,0,0,0,0,17,55,0,0,false,0,0,tex-mechanica,,,Cranial Spike*,Smallbore*,Armor-Piercing Rounds*,Fourth Time's the Charm*,Short-Action Stock*,Kill Tracker,Empty Catalyst Socket*,,,,,,,,,,,,
DEADHORSE 04,822872238,"""6917530187760624619""",,Legendary,5,Submachine Gun,monumentoftriumph,KineticSlot,Stasis,primary,397,Adaptive Frame,Handling,2,Vault,false,false,false,8,28,,94,48,20,54,14,0,0,0,45,900,32,41,49,0,0,0,0,0,0,0,0,33,43,0,0,false,0,0,,,,Adaptive Frame*,Extended Barrel*,Fluted Barrel,Extended Mag*,Flared Magwell,Rangefinder*,Rimestealer,Lone Wolf,Crystalline Corpsebloom*,Redirection,Surrounded,Carrion Munitions*,Kill Tracker,Tier 2: Handling*,Triumphant Pulse*,,,,
DEADHORSE 04,822872238,"""6917530188300741779""",,Legendary,5,Submachine Gun,monumentoftriumph,KineticSlot,Stasis,primary,416,Adaptive Frame,Range,1,Vault,false,false,false,8,28,,84,48,20,59,14,0,0,0,42,900,61,38,52,0,0,0,0,0,0,0,0,23,43,0,0,false,0,0,,,,Adaptive Frame*,Full Bore*,Hammer-Forged Rifling,Tactical Mag*,Steady Rounds,Grave Robber*,Impromptu Ammunition,Enlightened Action,Target Lock*,Pugilist,Collective Pugilism,Carrion Munitions*,Kill Tracker,Tier 1: Range*,Triumphant Pulse*,,,,
DEADHORSE 04,822872238,"""6917530188304414427""",,Legendary,5,Submachine Gun,monumentoftriumph,KineticSlot,Stasis,primary,416,Adaptive Frame,Handling,1,Vault,false,false,false,8,28,,94,48,20,66,14,0,0,0,45,900,55,36,43,0,0,0,0,0,0,0,0,23,43,0,0,false,0,0,,,,Adaptive Frame*,Extended Barrel*,Polygonal Rifling,Accurized Rounds*,Tactical Mag,Ambitious Assassin*,Rimestealer,Enlightened Action,Target Lock*,Pugilist,One for All,Carrion Munitions*,Kill Tracker,Tier 1: Handling*,Triumphant Pulse*,,,,
DEADHORSE 04,822872238,"""6917530188590377776""",,Legendary,3,Submachine Gun,monumentoftriumph,KineticSlot,Stasis,primary,416,Adaptive Frame,Handling,1,Vault,false,false,false,8,28,,94,48,20,53,14,0,0,0,50,900,60,38,47,0,0,0,0,0,0,0,0,23,43,0,0,false,0,0,,,,Adaptive Frame*,Extended Barrel*,Fluted Barrel,Tactical Mag*,Steady Rounds,Rangefinder*,Lone Wolf,One for All*,Redirection,Carrion Munitions*,Kill Tracker,Tier 1: Handling*,,,,,,,
Deadpan Delivery,1296429091,"""6917529957849530605""",,Legendary,0,Shotgun,seasonpass,Energy,Arc,special,10,Aggressive Frame,Handling,1,Vault,false,false,false,6,22,,65,31,80,29,12,0,0,0,23,55,30,5,12,0,0,0,0,0,0,0,0,2,28,0,0,false,0,0,nadir,,,Aggressive Frame*,Rifled Barrel*,Corkscrew Rifling,Appended Mag*,Steady Rounds,Slickdraw*,Trench Barrel*,Vanguard's Vindication*,Nadir Focus,Kill Tracker,Tier 1: Handling*,,,,,,,,
Deafening Whisper,981718087,"""6917529218624533106""",keep,Legendary,0,Grenade Launcher,wrathborn,Energy,Void,special,10,Wave Frame,Reload Speed,1,Vault,false,false,false,4,12,,81,63,0,0,13,55,79,0,43,72,81,1,72,0,0,0,0,0,0,0,0,2,48,0,0,false,0,0,,,,Wave Frame*,Linear Compensator*,Smart Drift Control,High-Velocity Rounds*,Implosion Rounds,Lead from Gold*,Rampage*,Kill Tracker,Tier 1: Reload Speed*,,,,,,,,,,
Deafening Whisper,981718087,"""6917529386281670652""",keep,Legendary,0,Grenade Launcher,wrathborn,Energy,Void,special,10,Wave Frame,Handling,10,Vault,true,false,false,4,12,,81,63,0,0,13,50,84,0,38,72,80,1,97,0,0,0,0,0,0,0,0,2,48,0,0,false,0,580,,,,Wave Frame*,Quick Launch*,Smart Drift Control,High-Velocity Rounds*,Implosion Rounds,Lead from Gold*,Auto-Loading Holster*,Kill Tracker,Masterworked: Handling*,,,,,,,,,,
Death Adder,2130249527,"""6917530187827173185""",,Legendary,3,Submachine Gun,dungeon,Energy,Solar,primary,400,Lightweight Frame,Reload Speed,1,Vault,false,false,false,8,28,,95,55,15,34,13,0,0,0,40,900,7,47,65,0,0,0,0,0,0,0,0,22,63,0,0,false,0,0,veist,,,Lightweight Frame*,Corkscrew Rifling*,Hammer-Forged Rifling,Extended Mag*,Flared Magwell,Hip-Fire Grip*,Dynamic Sway Reduction,Dragonfly*,Burning Ambition,Veist Stinger*,Kill Tracker,Tier 1: Reload Speed*,,,,,,,
Death Adder,2130249527,"""6917530189140162143""",,Legendary,3,Submachine Gun,dungeon,Energy,Solar,primary,420,Lightweight Frame,Reload Speed,4,Vault,false,false,false,8,28,,100,55,15,29,13,0,0,0,50,900,40,44,55,0,0,0,0,0,0,0,0,12,63,0,0,false,0,0,veist,,,Lightweight Frame*,Chambered Compensator*,Polygonal Rifling,Tactical Mag*,Extended Mag,Feeding Frenzy*,Subsistence,Burning Ambition*,Binary Orbit,Veist Stinger*,Kill Tracker,Tier 4: Reload Speed*,,,,,,,
Death Adder,2130249527,"""6917530192894093712""",,Legendary,3,Submachine Gun,dungeon,Energy,Solar,primary,468,Lightweight Frame,Handling,2,Vault,false,false,false,8,28,,95,55,15,39,13,0,0,0,35,900,26,42,67,0,0,0,0,0,0,0,0,12,63,0,0,false,0,0,veist,,,Lightweight Frame*,Hammer-Forged Rifling*,Polygonal Rifling,Alloy Magazine*,Flared Magwell,Heal Clip*,Dynamic Sway Reduction,Rangefinder*,Moving Target,Veist Stinger*,Kill Tracker,Tier 2: Handling*,,,,,,,
Death's Razor,3371413056,"""6917529873664362809""",,Legendary,0,Sword,engram,Power,Void,heavy,10,Vortex Frame,Impact,3,Vault,false,false,false,6,20,,0,0,59,0,0,0,0,0,0,0,0,76,0,0,0,0,20,40,100,40,0,0,0,0,0,false,0,0,,,,Vortex Frame*,Enduring Blade*,Tempered Edge,Infinite Guard*,Thresh*,Destabilizing Rounds*,To Excess*,Kill Tracker,Tier 3: Impact*,,,,,,,,,,
Deathbringer,2232171099,"""6917529391763695114""",,Exotic,0,Rocket Launcher,exoticquest,Power,Void,heavy,10,Dark Deliverance,,10,Vault,false,false,false,3,8,,58,72,0,0,20,100,35,0,53,15,63,1,66,0,0,0,0,0,0,0,0,3,36,0,0,false,0,762,,,,Dark Deliverance*,Volatile Launch*,Alloy Casing*,Dark Descent*,Composite Stock*,Kill Tracker,Deathbringer Catalyst*,,,,,,,,,,,,
DECATUR 02,1850748385,"""6917530186325120685""",,Legendary,3,Auto Rifle,monumentoftriumph,KineticSlot,Stasis,primary,369,Support Frame,Reload Speed,2,Vault,false,false,false,8,28,,60,62,21,52,16,0,0,0,50,600,72,47,63,0,0,0,0,0,0,0,0,14,54,0,0,false,0,71,,,,Support Frame*,Hammer-Forged Rifling*,Smallbore,Tactical Mag*,Steady Rounds,Crystalline Corpsebloom*,Vorpal Weapon,Rimestealer*,Master of Arms,Carrion Munitions*,Kill Tracker,Tier 2: Reload Speed*,,,,,,,
DECATUR 02,1850748385,"""6917530186325121096""",,Legendary,5,Auto Rifle,monumentoftriumph,KineticSlot,Stasis,primary,369,Support Frame,Handling,1,Vault,false,false,false,8,28,,90,62,21,42,16,0,0,0,45,600,42,52,76,0,0,0,0,0,0,0,0,24,54,0,0,false,0,0,,,,Support Frame*,Arrowhead Brake*,Smallbore,Extended Mag*,Flared Magwell,Physic*,Crystalline Corpsebloom,Lead From Light,Redirection*,Master of Arms,Meganeura,Carrion Munitions*,Kill Tracker,Tier 1: Handling*,Triumphant Pulse*,,,,
DECATUR 02,1850748385,"""6917530188304412664""",,Legendary,5,Auto Rifle,monumentoftriumph,KineticSlot,Stasis,primary,416,Support Frame,Stability,4,Vault,false,false,false,8,28,,70,62,21,54,16,0,0,0,60,600,60,44,59,0,0,0,0,0,0,0,0,14,54,0,0,false,0,0,,,,Support Frame*,Chambered Compensator*,Hammer-Forged Rifling,Accurized Rounds*,Alloy Magazine,Attrition Orbs*,Enlightened Action,Vorpal Weapon,Redirection*,Reciprocity,Meganeura,Carrion Munitions*,Kill Tracker,Tier 4: Stability*,Triumphant Pulse*,,,,
Ded Gramarye IV,499245245,"""6917530019392867633""",,Legendary,0,Shotgun,engram,Energy,Arc,special,10,Lightweight Frame,Range,10,Vault,false,false,false,7,24,,60,47,65,61,12,0,0,0,36,80,54,6,66,0,0,0,0,0,0,0,0,3,19,0,0,crafted,1,0,cassoid,,,Lightweight Frame*,Rifled Barrel,Full Choke*,Extended Mag,Accurized Rounds*,Surplus*,Chain Reaction*,Wild Card*,Kill Tracker,,,,,,,,,,
Ded Gramarye IV,499245245,"""6917530022164087661""",,Legendary,0,Shotgun,engram,Energy,Arc,special,10,Lightweight Frame,Handling,4,Vault,false,false,false,7,24,,60,47,65,48,12,0,0,0,43,80,34,7,70,0,0,0,0,0,0,0,0,13,19,0,0,false,0,0,cassoid,,,Lightweight Frame*,Smallbore*,Barrel Shroud,Extended Mag*,Accurized Rounds,Slickdraw*,Chain Reaction*,Wild Card*,Kill Tracker,Tier 4: Handling*,,,,,,,,,
Ded Gramarye IV,499245245,"""6917530022192993953""",,Legendary,0,Shotgun,engram,Energy,Arc,special,10,Lightweight Frame,Range,1,Vault,false,false,false,7,24,,60,47,65,52,12,0,0,0,51,90,54,6,51,0,0,0,0,0,0,0,0,3,19,0,0,false,0,0,cassoid,,,Lightweight Frame*,Rifled Barrel*,Corkscrew Rifling,Assault Mag*,Accurized Rounds,Threat Detector*,Surrounded*,Wild Card*,Kill Tracker,Tier 1: Range*,,,,,,,,,
Ded Gramarye IV,499245245,"""6917530022271147025""",,Legendary,0,Shotgun,engram,Energy,Arc,special,10,Lightweight Frame,Range,4,Vault,false,false,false,7,24,,60,47,65,55,12,0,0,0,41,80,64,7,51,0,0,0,0,0,0,0,0,3,19,0,0,false,0,0,cassoid,,,Lightweight Frame*,Rifled Barrel*,Smoothbore,Tactical Mag*,Steady Rounds,Slickdraw*,Surrounded*,Wild Card*,Kill Tracker,Tier 4: Range*,,,,,,,,,
Ded Gramarye IV,499245245,"""6917530087306072562""",,Legendary,0,Shotgun,engram,Energy,Arc,special,10,Lightweight Frame,Stability,1,Vault,false,false,false,7,24,,60,47,65,51,12,0,0,0,37,80,34,7,51,0,0,0,0,0,0,0,0,13,19,0,0,false,0,0,cassoid,,,Lightweight Frame*,Rifled Barrel*,Barrel Shroud,Extended Mag*,Light Mag,Threat Detector*,Vorpal Weapon*,Wild Card*,Kill Tracker,Tier 1: Stability*,,,,,,,,,
Defiance of Yasmin,3228096719,"""6917530009120755681""",,Legendary,0,Sniper Rifle,kingsfall,KineticSlot,Kinetic,special,412,Adaptive Frame,Stability,3,Hunter(60),false,false,false,5,18,,62,68,70,54,40,0,0,0,64,90,52,6,46,0,0,0,0,0,0,0,0,4,35,0,0,false,0,74,,,,Adaptive Frame*,Chambered Compensator,Polygonal Rifling*,Tactical Mag*,Extended Mag,Shoot to Loot*,Focused Fury*,Runneth Over*,Kill Tracker,Backup Mag*,Tier 3: Stability*,,,,,,,,
Delicate Tomb,374573733,"""6917529811385919394""",,Exotic,0,Fusion Rifle,,Energy,Arc,special,10,Traitor's Vessel,,,Vault,false,false,false,5,18,,95,35,60,29,15,0,0,0,37,0,48,6,86,533,0,0,0,0,0,0,0,6,55,0,0,false,0,39,,,,Traitor's Vessel*,Fluted Barrel*,Liquid Coils*,Tempest Cascade*,Short-Action Stock*,Kill Tracker,Empty Catalyst Socket*,,,,,,,,,,,,
Deterministic Chaos,449318888,"""6917529891266338871""",,Exotic,0,Machine Gun,exoticquest,Power,Void,heavy,10,Vexadecimal,,,Vault,false,false,false,6,20,,80,64,70,49,16,0,0,0,65,360,38,48,49,0,0,0,0,0,0,0,0,19,40,0,0,false,0,112,,,,Vexadecimal*,Polygonal Rifling*,Ricochet Rounds*,Heavy Metal*,Composite Stock*,Kill Tracker,Empty Catalyst Socket*,,,,,,,,,,,,
DIABLERETS 06,1120206506,"""6917530186016043989""",,Legendary,5,Machine Gun,monumentoftriumph,Power,Strand,heavy,305,Rapid-Fire Frame,Handling,2,Vault,false,false,false,8,28,,60,65,25,38,16,0,0,0,29,900,60,88,42,0,0,0,0,0,0,0,0,13,33,0,0,false,0,0,,,,Rapid-Fire Frame*,Extended Barrel*,Full Bore,Appended Mag*,High-Caliber Rounds,Hatchling*,Feeding Frenzy,Rangefinder,Meganeura*,Moving Target,Closing Time,Carrion Munitions*,Kill Tracker,Tier 2: Handling*,Triumphant Pulse*,,,,
DIABLERETS 06,1120206506,"""6917530186017903533""",,Legendary,5,Machine Gun,monumentoftriumph,Power,Strand,heavy,305,Rapid-Fire Frame,Reload Speed,3,Vault,false,false,false,8,28,,50,65,25,42,16,0,0,0,20,900,61,74,45,0,0,0,0,0,0,0,0,13,33,0,0,false,0,0,,,,Rapid-Fire Frame*,Full Bore*,Hammer-Forged Rifling,Alloy Magazine*,Ricochet Rounds,Hatchling*,Subsistence,Built to Blast,Meganeura*,Redirection,Closing Time,Carrion Munitions*,Kill Tracker,Tier 3: Reload Speed*,Triumphant Pulse*,,,,
DIABLERETS 06,1120206506,"""6917530186167789033""",,Legendary,5,Machine Gun,monumentoftriumph,Power,Strand,heavy,357,Rapid-Fire Frame,Reload Speed,1,Vault,false,false,false,8,28,,50,65,25,27,16,0,0,0,35,900,59,74,65,0,0,0,0,0,0,0,0,13,33,0,0,false,0,0,,,,Rapid-Fire Frame*,Fluted Barrel*,Polygonal Rifling,Alloy Magazine*,Armor-Piercing Rounds,Subsistence*,Auto-Loading Holster,Rangefinder,Unrelenting*,Killing Tally,Moving Target,Carrion Munitions*,Kill Tracker,Tier 1: Reload Speed*,Triumphant Pulse*,,,,
DIABLERETS 06,1120206506,"""6917530186312514012""",,Legendary,5,Machine Gun,monumentoftriumph,Power,Strand,heavy,368,Rapid-Fire Frame,Range,3,Vault,false,false,false,8,28,,50,65,25,51,16,0,0,0,31,900,58,74,45,0,0,0,0,0,0,0,0,13,33,0,0,false,0,0,,,,Rapid-Fire Frame*,Full Bore*,Polygonal Rifling,Ricochet Rounds*,Light Mag,Subsistence*,Attrition Orbs,Rangefinder,Meganeura*,Killing Tally,Closing Time,Carrion Munitions*,Kill Tracker,Tier 3: Range*,Triumphant Pulse*,,,,
DIABLERETS 06,1120206506,"""6917530188590376426""",,Legendary,5,Machine Gun,monumentoftriumph,Power,Strand,heavy,416,Rapid-Fire Frame,Reload Speed,5,Vault,false,false,false,8,28,,60,65,25,27,16,0,0,0,40,900,65,88,45,0,0,0,0,0,0,0,0,13,33,0,0,false,0,0,,,,Rapid-Fire Frame*,Chambered Compensator*,Extended Barrel,Appended Mag*,High-Caliber Rounds,Hatchling*,Subsistence,Feeding Frenzy,Meganeura*,Killing Tally,Moving Target,Carrion Munitions*,Kill Tracker,Tier 5: Reload Speed*,Triumphant Pulse*,,,,
DIABLERETS 06,1120206506,"""6917530189363218661""",,Legendary,4,Machine Gun,monumentoftriumph,Power,Strand,heavy,433,Rapid-Fire Frame,Range,3,Vault,false,false,false,8,28,,80,65,25,30,16,0,0,0,29,900,40,95,61,0,0,0,0,0,0,0,0,23,33,0,0,false,0,0,,,,Rapid-Fire Frame*,Arrowhead Brake*,Corkscrew Rifling,Extended Mag*,Light Mag,Attrition Orbs*,Built to Blast,Meganeura*,Target Lock,Carrion Munitions*,Kill Tracker,Tier 3: Range*,,,,,,,
Different Times,3016891299,"""6917529957414177767""",,Legendary,0,Pulse Rifle,sonar,KineticSlot,Strand,primary,10,Rapid-Fire Frame,Range,1,Vault,false,false,false,6,21,,52,75,23,49,17,0,0,0,39,540,28,34,13,0,0,0,0,0,0,0,0,18,50,0,0,false,0,0,,,,Rapid-Fire Frame*,Full Bore*,Polygonal Rifling,Ricochet Rounds*,Flared Magwell,Subsistence*,Adrenaline Junkie*,Kill Tracker,Unsated Hunger*,Tier 1: Range*,,,,,,,,,
Dimensional Hypotrochoid,1311684613,"""6917529878946756047""",,Legendary,0,Grenade Launcher,campaign,Power,Stasis,heavy,10,Compressed Wave Frame,Reload Speed,4,Vault,false,false,false,6,20,,93,63,0,0,13,50,43,0,50,120,56,5,52,0,0,0,0,0,0,0,0,11,32,0,0,false,0,0,,,,Compressed Wave Frame*,Countermass*,Hard Launch,High-Velocity Rounds*,Implosion Rounds,Envious Assassin*,Chain Reaction*,Nanotech Tracer Missiles*,Kill Tracker,Tier 4: Reload Speed*,,,,,,,,,
Dimensional Hypotrochoid,1311684613,"""6917529902912155633""",,Legendary,0,Grenade Launcher,campaign,Power,Stasis,heavy,10,Compressed Wave Frame,Handling,1,Vault,false,false,false,6,20,,63,63,0,0,13,45,58,0,30,120,52,5,43,0,0,0,0,0,0,0,0,11,32,0,0,false,0,0,,,,Compressed Wave Frame*,Hard Launch*,Smart Drift Control,High-Velocity Rounds*,Implosion Rounds,Envious Assassin*,Thresh*,Nanotech Tracer Missiles*,Kill Tracker,Tier 1: Handling*,,,,,,,,,
Dire Promise,2742838701,"""6917529321463998921""",favorite,Legendary,0,Hand Cannon,engram,KineticSlot,Kinetic,primary,10,Adaptive Frame,Handling,1,Vault,false,false,false,3,10,,84,88,84,42,14,0,0,0,57,140,49,13,68,0,0,0,0,0,0,0,0,10,60,0,0,false,0,0,field-forged,,,Adaptive Frame*,SteadyHand HCS*,TrueSight HCS,Appended Mag*,Flared Magwell,Opening Shot*,Rangefinder*,Kill Tracker,Tier 1: Handling*,,,,,,,,,,
Disparity,1751893422,"""6917530064654200003""",,Legendary,0,Pulse Rifle,rasputin,KineticSlot,Stasis,primary,10,Aggressive Burst,Stability,1,Vault,false,false,false,5,19,,67,45,35,65,19,0,0,0,75,450,38,40,30,0,0,0,0,0,0,0,0,20,53,0,0,false,0,0,hakke,,,Aggressive Burst*,Polygonal Rifling*,Smallbore,Tactical Mag*,Steady Rounds,Pugilist*,Desperado*,Ambush*,Häkke Breach Armaments,Kill Tracker,Tier 1: Stability*,,,,,,,,
Doom of Chelchis,1937552980,"""6917529890945600505""",,Legendary,0,Scout Rifle,kingsfall,Energy,Void,primary,10,Precision Frame,Stability,2,Vault,true,false,false,5,18,,76,64,62,59,20,0,0,0,42,180,44,18,39,0,0,0,0,0,0,0,0,17,54,0,0,false,0,0,,,,Precision Frame*,Hammer-Forged Rifling*,Smallbore,Appended Mag*,Alloy Magazine,Vorpal Weapon*,Eye of the Storm*,Runneth Over*,Kill Tracker,Tier 2: Stability*,,,,,,,,,
Doom of Chelchis,1937552980,"""6917530009110574586""",,Legendary,0,Scout Rifle,kingsfall,Energy,Void,primary,10,Precision Frame,Stability,3,Vault,false,false,false,5,18,,86,64,62,59,20,0,0,0,43,180,24,19,29,0,0,0,0,0,0,0,0,27,54,0,0,false,0,0,,,,Precision Frame*,Extended Barrel*,Hammer-Forged Rifling,Extended Mag*,Alloy Magazine,Adaptive Munitions*,Focused Fury*,Runneth Over*,Kill Tracker,Tier 3: Stability*,,,,,,,,,
Doomed Petitioner,1501688142,"""6917529967455830088""",,Legendary,0,Linear Fusion Rifle,rivenslair,Power,Void,heavy,10,Adaptive Burst,Reload Speed,1,Vault,false,false,false,6,23,,71,64,44,50,25,0,0,0,51,0,25,5,30,533,0,0,0,0,0,0,0,11,34,0,0,false,0,0,,,,Adaptive Burst*,Corkscrew Rifling*,Liquid Coils*,Reconstruction*,Golden Tricorn*,Dragon's Vengeance*,Kill Tracker,Tier 1: Reload Speed*,,,,,,,,,,,
Dragon's Breath,17096506,"""6917529967792335752""",,Exotic,0,Rocket Launcher,seasonpass,Power,Solar,heavy,410,Composite Propellant,,,Vault,false,false,false,6,23,,55,70,0,0,20,100,67,0,27,15,37,1,92,0,0,0,0,0,0,0,0,10,50,0,0,false,0,264,,,,Composite Propellant*,Volatile Launch*,Black Powder*,High Octane*,Short-Action Stock*,Kill Tracker,Empty Catalyst Socket*,,,,,,,,,,,,
Dragoncult Sickle,2525261820,"""6917530189683858214""",,Legendary,5,Sword,dungeon,Power,Strand,heavy,455,Caster Frame,Impact,1,Vault,false,false,false,8,28,,0,0,58,0,0,0,0,0,0,0,0,74,0,0,0,0,50,41,43,40,0,0,0,0,0,false,0,0,,,,Caster Frame*,Enduring Blade*,Jagged Edge,Tempered Edge,Balanced Guard*,Enduring Guard,Impromptu Ammunition*,Hatchling,Tireless Blade,Sword Logic*,Attrition Orbs,Whirlwind Blade,Sundering*,Kill Tracker,Tier 1: Impact*,Triumphant Pulse*,,,
Duality,3460576091,"""6917529218599636861""",,Exotic,0,Shotgun,,Energy,Solar,special,10,Compression Chamber,,,Vault,false,false,false,4,12,,78,65,80,75,12,0,0,0,50,65,1,6,80,0,0,0,0,0,0,0,0,6,70,0,0,false,0,6,,,,Compression Chamber*,Corkscrew Rifling*,Alloy Magazine*,On Black Wings*,Short-Action Stock*,Kill Tracker,Empty Catalyst Socket*,,,,,,,,,,,,
Duty Bound,260532765,"""6917530187991841375""",,Legendary,4,Auto Rifle,strikes,KineticSlot,Kinetic,primary,413,Adaptive Frame,Stability,5,Vault,false,false,false,8,28,,60,73,21,46,18,0,0,0,49,600,49,41,78,0,0,0,0,0,0,0,0,18,58,0,0,false,0,0,,,,Adaptive Frame*,Fluted Barrel*,Accurized Rounds*,Enlightened Action*,Rampage*,Problem Solver*,Vanguard Determination,Kill Tracker,Tier 5: Stability*,,,,,,,,,,
Edge Transit,568611923,"""6917530009092336682""",,Legendary,0,Grenade Launcher,brave,Power,Void,heavy,10,Adaptive Frame,Velocity,5,Titan(10),false,false,false,6,23,,70,62,0,0,13,60,27,0,47,120,69,6,42,0,0,0,0,0,0,0,0,6,38,0,0,false,0,0,,,,Adaptive Frame*,Confined Launch*,Hard Launch,Alloy Casing*,Mini Frags,Chain Reaction*,Destabilizing Rounds*,Indomitability*,Kill Tracker,Tier 5: Velocity*,,,,,,,,,
Edge Transit,568611923,"""6917530014441732841""",,Legendary,0,Grenade Launcher,brave,Power,Void,heavy,10,Adaptive Frame,Handling,5,Vault,false,false,false,6,23,,70,62,0,0,13,70,27,0,57,120,39,6,47,0,0,0,0,0,0,0,0,6,38,0,0,false,0,153,,,,Adaptive Frame*,Confined Launch*,Quick Launch,High-Explosive Ordnance*,Sticky Grenades,Cascade Point*,Explosive Light*,Indomitability*,Kill Tracker,Backup Mag*,Tier 5: Handling*,,,,,,,,
Eighty-Six,2344383760,"""6917530189637063259""",,Legendary,4,Sword,monumentoftriumph,Power,Strand,heavy,450,Vortex Frame,Impact,2,Vault,false,false,false,8,28,,0,0,61,0,0,0,0,0,0,0,0,70,0,0,0,0,20,0,94,40,0,0,0,0,0,false,0,0,,,,Vortex Frame*,Hungry Edge*,Jagged Edge,Tempered Edge,Enduring Guard*,Heavy Guard,Slice*,Relentless Strikes,Hatchling*,Chain Reaction,Bray Legacy*,Kill Tracker,Tier 2: Impact*,,,,,,
Eleatic Principle,105306149,"""6917529950102137021""",,Legendary,0,Machine Gun,seasonpass,Power,Arc,heavy,10,Rapid-Fire Frame,Stability,2,Vault,false,false,false,6,22,,60,67,25,31,16,0,0,0,51,900,64,75,65,0,0,0,0,0,0,0,0,19,43,0,0,false,0,171,,,,Rapid-Fire Frame*,Fluted Barrel*,Full Bore,Alloy Magazine,Ricochet Rounds*,Zen Moment*,Target Lock*,Head Rush*,Kill Tracker,Tier 2: Stability*,,,,,,,,,
Eleatic Principle,105306149,"""6917530018705547950""",,Legendary,0,Machine Gun,seasonpass,Power,Arc,heavy,10,Rapid-Fire Frame,Reload Speed,3,Vault,true,false,false,6,22,,90,67,25,26,16,0,0,0,34,900,67,89,60,0,0,0,0,0,0,0,0,19,43,0,0,false,0,4,,,,Rapid-Fire Frame*,Arrowhead Brake*,Chambered Compensator,Appended Mag*,High-Caliber Rounds,Well-Rounded*,Target Lock*,Head Rush*,Kill Tracker,Tier 3: Reload Speed*,,,,,,,,,
Eleatic Principle,105306149,"""6917530025212072566""",,Legendary,0,Machine Gun,seasonpass,Power,Arc,heavy,10,Rapid-Fire Frame,,,Vault,false,false,false,6,22,,60,67,25,26,16,0,0,0,44,900,64,109,50,0,0,0,0,0,0,0,0,19,43,0,0,crafted,1,0,,,,Rapid-Fire Frame*,Polygonal Rifling*,Appended Mag*,Zen Moment*,Tap the Trigger*,Head Rush*,Kill Tracker,Backup Mag*,,,,,,,,,,,
Elsie's Rifle,3851176026,"""6917530014438526296""",favorite,Legendary,0,Pulse Rifle,brave,Energy,Void,primary,10,High-Impact Frame,Handling,10,Vault,false,false,true,6,23,,73,40,33,80,17,0,0,0,55,340,60,30,47,0,0,0,0,0,0,0,0,24,52,0,0,false,0,0,,,,High-Impact Frame*,Full Bore*,Ricochet Rounds*,Rewind Rounds*,Adrenaline Junkie*,Indomitability*,Kill Tracker,Masterworked: Handling*,BRAVE Elsie's Rifle*,,,,,,,,,,
Elsie's Rifle,2372514509,"""6917530018762788972""",favorite,Legendary,0,Pulse Rifle,brave,Energy,Void,primary,481,High-Impact Frame,Handling,10,Warlock(482),false,false,false,6,23,,73,40,33,70,17,0,0,0,55,340,60,39,52,0,0,0,0,0,0,0,0,24,52,0,0,crafted,13,159,,,,High-Impact Frame*,Hammer-Forged Rifling*,Polygonal Rifling,Alloy Magazine*,Appended Mag,Keep Away*,Desperado*,Indomitability*,Kill Tracker,Backup Mag*,,,,,,,,,
Embraced Identity,2821677368,"""6917530022281425840""",,Legendary,0,Sniper Rifle,paleheart,Energy,Void,special,10,Adaptive Frame,Stability,1,Vault,false,false,false,7,24,,75,69,70,56,46,0,0,0,48,90,39,5,49,0,0,0,0,0,0,0,0,3,36,0,0,false,0,0,,,,Adaptive Frame*,Corkscrew Rifling*,Fluted Barrel,Appended Mag*,Tactical Mag,Reconstruction*,Fourth Time's the Charm*,Dealer's Choice*,Kill Tracker,Tier 1: Stability*,,,,,,,,,
Embraced Identity,2821677368,"""6917530022802195987""",,Legendary,0,Sniper Rifle,paleheart,Energy,Void,special,10,Adaptive Frame,Range,3,Vault,false,false,false,7,24,,85,69,70,54,46,0,0,0,52,90,39,4,39,0,0,0,0,0,0,0,0,3,36,0,0,false,0,0,,,,Adaptive Frame*,Chambered Compensator*,Polygonal Rifling,Alloy Magazine*,Flared Magwell,Demolitionist*,Box Breathing*,Dealer's Choice*,Kill Tracker,Tier 3: Range*,,,,,,,,,
Empirical Evidence,2607304614,"""6917529967840480948""",,Legendary,0,Sidearm,campaign,KineticSlot,Kinetic,primary,10,Heavy Burst,,,Vault,false,false,false,5,16,,98,86,56,59,12,0,0,0,45,325,39,24,34,0,0,0,0,0,0,0,0,21,30,0,0,crafted,4,383,,,,Heavy Burst*,Smallbore*,Flared Magwell*,Pulse Monitor*,Unrelenting*,Psychohack*,Kill Tracker,,,,,,,,,,,,
Empty Vessel,4255586669,"""6917529397492151081""",,Legendary,0,Grenade Launcher,strikes,Energy,Solar,special,10,Lightweight Frame,Reload Speed,4,Vault,false,false,false,4,14,,91,73,0,0,13,0,77,0,34,90,69,1,74,0,0,0,0,0,0,0,0,2,63,0,0,false,0,5,field-forged,,,Lightweight Frame*,Countermass,Smart Drift Control*,Disorienting Grenades*,Spike Grenades,Lead from Gold*,Disruption Break*,Kill Tracker,Quick Access Sling*,Tier 4: Reload Speed*,,,,,,,,,
Empty Vessel,4255586669,"""6917529416084941843""",,Legendary,0,Grenade Launcher,strikes,Energy,Solar,special,10,Lightweight Frame,Velocity,2,Vault,false,false,false,4,14,,76,73,0,0,13,100,79,0,39,90,65,1,64,0,0,0,0,0,0,0,0,2,63,0,0,false,0,0,field-forged,,,Lightweight Frame*,Linear Compensator*,Smart Drift Control,Spike Grenades*,Concussion Grenades,Ambitious Assassin*,Disruption Break*,Kill Tracker,Tier 2: Velocity*,,,,,,,,,,
Enyo-D,1601177201,"""6917529875352959313""",,Legendary,0,Submachine Gun,engram,KineticSlot,Kinetic,primary,10,Precision Frame,Handling,4,Vault,false,false,false,5,17,,97,55,25,49,15,0,0,0,52,600,28,31,24,0,0,0,0,0,0,0,0,13,24,0,0,false,0,0,hakke,,,Precision Frame*,Chambered Compensator*,Smallbore,Tactical Mag*,Alloy Magazine,Tunnel Vision*,Surrounded*,Häkke Breach Armaments*,Kill Tracker,Tier 4: Handling*,,,,,,,,,
Epochal Integration,1123421440,"""6917529902908088280""",,Legendary,0,Hand Cannon,neomuna,Energy,Solar,primary,10,Adaptive Frame,Handling,10,Hunter(60),false,false,false,6,21,,89,71,84,54,14,0,0,0,82,140,41,11,60,0,0,0,0,0,0,0,0,18,54,0,0,false,0,85,,,,Adaptive Frame*,Smallbore*,Ricochet Rounds*,Keep Away*,Stats for All,Eye of the Storm,Incandescent*,Harmonic Resonance,Nanotech Tracer Missiles*,Kill Tracker,Masterworked: Handling*,,,,,,,,
Erentil FR4,3027844941,"""6917529095138398619""",favorite,Legendary,0,Fusion Rifle,gunsmith,Energy,Void,special,10,High-Impact Frame,Range,10,Vault,true,false,false,2,4,,75,65,95,84,20,0,0,0,22,0,20,5,13,967,0,0,0,0,0,0,0,4,30,0,0,false,0,126,omolon,,,High-Impact Frame*,Transmission MS7*,Spark PS,Liquid Coils,Projection Fuse*,Under Pressure*,Backup Plan*,Crucible Tracker,Counterbalance Stock*,Masterworked: Range*,,,,,,,,,
Erentil FR4,3027844941,"""6917529096371695345""",favorite,Legendary,0,Fusion Rifle,gunsmith,Energy,Void,special,10,High-Impact Frame,Range,2,Vault,true,false,false,2,4,,75,65,95,76,20,0,0,0,22,0,20,5,13,967,0,0,0,0,0,0,0,4,30,0,0,false,0,0,omolon,,,High-Impact Frame*,Transmission MS7*,Spark PS,Liquid Coils,Projection Fuse*,Auto-Loading Holster*,Backup Plan*,Kill Tracker,Counterbalance Stock*,Tier 2: Range*,,,,,,,,,
Ergo Sum,1681583613,"""6917530021584389172""",,Exotic,0,Sword,paleheart,Energy,Void,special,10,Unplanned Reprieve,,,Vault,false,false,false,7,24,,0,0,58,0,0,0,0,0,0,0,0,51,0,0,0,0,30,80,0,40,0,0,0,0,0,false,0,0,,,,Unplanned Reprieve*,Enduring Blade*,Honed Edge,Tempered Edge,Burst Guard*,Heavy Guard,Vortex Frame*,Transcendent Duelist*,Kill Tracker,Empty Catalyst Socket*,,,,,,,,,
Ergo Sum,1681583613,"""6917530022137710803""",,Exotic,0,Sword,paleheart,Energy,Arc,special,10,Arc Conductor,,,Vault,false,false,false,7,24,,0,0,60,0,0,0,0,0,0,0,0,48,0,0,0,0,30,80,0,40,0,0,0,0,0,false,0,36,,,,Arc Conductor*,Hungry Edge*,Enduring Blade,Honed Edge,Burst Guard*,Enduring Guard,Lightweight Frame*,Transcendent Duelist*,Kill Tracker,Empty Catalyst Socket*,,,,,,,,,
Ergo Sum,1681583613,"""6917530022241652580""",,Exotic,0,Sword,paleheart,Energy,Solar,special,10,Gathering Light,,,Vault,false,false,false,7,24,,0,0,62,0,0,0,0,0,0,0,0,44,0,0,0,0,30,80,0,40,0,0,0,0,0,false,0,0,,,,Gathering Light*,Honed Edge*,Jagged Edge,Tempered Edge,Burst Guard*,Swordmaster's Guard,Caster Frame*,Transcendent Duelist*,Kill Tracker,Empty Catalyst Socket*,,,,,,,,,
Ergo Sum,1681583613,"""6917530022278770978""",,Exotic,0,Sword,paleheart,Energy,Arc,special,10,Stormbringer,,,Vault,false,false,false,7,24,,0,0,60,0,0,0,0,0,0,0,0,48,0,0,0,0,30,80,0,40,0,0,0,0,0,false,0,0,,,,Stormbringer*,Hungry Edge*,Honed Edge,Jagged Edge,Burst Guard*,Heavy Guard,Vortex Frame*,Transcendent Duelist*,Kill Tracker,Empty Catalyst Socket*,,,,,,,,,
Ergo Sum,1681583613,"""6917530022310279128""",,Exotic,0,Sword,paleheart,Energy,Void,special,10,Insectoid Robot Grenades,,,Vault,false,false,false,7,24,,0,0,62,0,0,0,0,0,0,0,0,44,0,0,0,0,30,0,90,40,0,0,0,0,0,false,0,25,,,,Insectoid Robot Grenades*,Honed Edge*,Jagged Edge,Tempered Edge,Enduring Guard*,Swordmaster's Guard,Caster Frame*,Transcendent Duelist*,Kill Tracker,Empty Catalyst Socket*,,,,,,,,,
Ergo Sum,1681583613,"""6917530022791832195""",,Exotic,0,Sword,paleheart,Energy,Arc,special,10,Arc Conductor,,,Vault,false,false,false,7,24,,0,0,62,0,0,0,0,0,0,0,0,44,0,0,0,0,30,0,90,40,0,0,0,0,0,false,0,0,,,,Arc Conductor*,Honed Edge*,Jagged Edge,Tempered Edge,Enduring Guard*,Swordmaster's Guard,Caster Frame*,Transcendent Duelist*,Kill Tracker,Empty Catalyst Socket*,,,,,,,,,
Ergo Sum,1681583613,"""6917530025482655686""",,Exotic,0,Sword,paleheart,Energy,Arc,special,10,Stormbringer,,,Vault,false,false,false,7,24,,0,0,60,0,0,0,0,0,0,0,0,48,0,0,0,0,30,0,90,40,0,0,0,0,0,false,0,0,,,,Stormbringer*,Hungry Edge*,Honed Edge,Jagged Edge,Enduring Guard*,Heavy Guard,Vortex Frame*,Transcendent Duelist*,Kill Tracker,Empty Catalyst Socket*,,,,,,,,,
Ergo Sum,1681583613,"""6917530025714703552""",,Exotic,0,Sword,paleheart,Energy,Void,special,10,Insectoid Robot Grenades,,,Vault,false,false,false,7,24,,0,0,60,0,0,0,0,0,0,0,0,48,0,0,0,0,30,40,40,40,0,0,0,0,0,false,0,31,,,,Insectoid Robot Grenades*,Hungry Edge*,Enduring Blade,Jagged Edge,Balanced Guard*,Burst Guard,Lightweight Frame*,Transcendent Duelist*,Kill Tracker,Empty Catalyst Socket*,,,,,,,,,
Ergo Sum,1681583613,"""6917530029638210623""",,Exotic,0,Sword,paleheart,Energy,Void,special,10,Insectoid Robot Grenades,,,Vault,false,false,false,7,24,,0,0,60,0,0,0,0,0,0,0,0,48,0,0,0,0,30,80,0,40,0,0,0,0,0,false,0,0,,,,Insectoid Robot Grenades*,Hungry Edge*,Enduring Blade,Tempered Edge,Burst Guard*,Swordmaster's Guard,Vortex Frame*,Transcendent Duelist*,Kill Tracker,Empty Catalyst Socket*,,,,,,,,,
Eriana's Vow,3524313097,"""6917529202671491557""",,Exotic,0,Hand Cannon,,Energy,Solar,special,10,Looks Can Kill,,,Vault,false,false,false,3,8,,100,80,100,100,24,0,0,0,30,90,24,6,23,0,0,0,0,0,0,0,0,9,75,0,0,false,0,0,,,,Looks Can Kill*,Extended Barrel*,Accurized Rounds*,Death at First Glance*,Polymer Grip*,Kill Tracker,Empty Catalyst Socket*,,,,,,,,,,,,
Escape Velocity,1786797708,"""6917529173859825837""",favorite,Legendary,0,Submachine Gun,engram,KineticSlot,Kinetic,primary,10,Lightweight Frame,Range,4,Vault,true,false,false,3,10,,80,45,15,28,14,0,0,0,32,900,54,42,85,0,0,0,0,0,0,0,0,12,70,0,0,false,0,0,field-forged,,,Lightweight Frame*,IS 5 Circle*,Model 8 Red,Drop Mag*,Tactical Mag,Grave Robber*,Surrounded*,Kill Tracker,Tier 4: Range*,,,,,,,,,,
Eternal Blazon,3514096004,"""6917529356036534569""",,Legendary,0,Scout Rifle,engram,Energy,Arc,primary,10,Lightweight Frame,Reload Speed,2,Vault,true,false,false,4,13,,52,67,60,50,26,0,0,0,34,200,59,15,52,0,0,0,0,0,0,0,0,10,46,0,0,false,0,0,omolon,,,Lightweight Frame*,Impulse MS3*,Spark PS,High-Caliber Rounds*,Flared Magwell,Overflow*,Rangefinder*,Kill Tracker,Tier 2: Reload Speed*,,,,,,,,,,
Eternity's Edge,2782325301,"""6917529415666977841""",,Legendary,0,Sword,engram,Power,Solar,heavy,10,Vortex Frame,Impact,2,Vault,true,false,false,4,14,,0,0,61,0,0,0,0,0,0,0,0,73,0,0,0,0,20,40,100,40,0,0,0,0,0,false,0,0,,,,Vortex Frame*,Hungry Edge*,Honed Edge,Jagged Edge,Infinite Guard*,Relentless Strikes*,Surrounded*,Kill Tracker,Tier 2: Impact*,,,,,,,,,,
Ex Diris,3821409356,"""6917529957349682407""",,Exotic,0,Grenade Launcher,seasonpass,Energy,Arc,special,10,Corrupted Nucleosynthesis,,,Vault,false,false,false,6,22,,58,71,0,0,13,22,10,0,36,90,69,1,59,0,0,0,0,0,0,0,0,4,70,0,0,false,0,3,,,,Corrupted Nucleosynthesis*,Volatile Launch*,Nucleosynthetic Magazine*,Loyal Moths*,Hand-Laid Stock*,Kill Tracker,Empty Catalyst Socket*,,,,,,,,,,,,
Explosive Personality,4096943616,"""6917529702037799368""",,Legendary,0,Grenade Launcher,psiops,Energy,Solar,special,10,Wave Frame,Blast Radius,1,Vault,true,false,false,5,16,,71,67,0,0,13,66,77,0,23,72,78,1,63,0,0,0,0,0,0,0,0,1,62,0,0,false,0,16,,,,Wave Frame*,Volatile Launch*,Quick Launch,High-Velocity Rounds*,Implosion Rounds,Stats for All*,Golden Tricorn*,Land Tank*,Kill Tracker,Tier 1: Blast Radius*,,,,,,,,,
Extraordinary Rendition,1097616550,"""6917529321651596825""",favorite,Legendary,0,Submachine Gun,battlegrounds,KineticSlot,Kinetic,primary,10,Aggressive Frame,Stability,6,Vault,true,false,false,4,13,,97,34,22,42,15,0,0,0,24,720,37,31,70,0,0,0,0,0,0,0,0,12,35,0,0,false,0,0,,,,Aggressive Frame*,Fluted Barrel*,Hammer-Forged Rifling,Appended Mag,Flared Magwell*,Overflow*,Rampage*,Kill Tracker,Tier 6: Stability*,,,,,,,,,,
Extraordinary Rendition,1097616550,"""6917529341711571470""",,Legendary,0,Submachine Gun,battlegrounds,KineticSlot,Kinetic,primary,10,Aggressive Frame,Range,10,Vault,false,false,false,4,13,,97,34,22,62,15,0,0,0,13,720,22,35,70,0,0,0,0,0,0,0,0,12,35,0,0,false,0,176,,,,Aggressive Frame*,Fluted Barrel*,Polygonal Rifling,Accurized Rounds*,Tactical Mag,Outlaw*,Frenzy*,Kill Tracker,Backup Mag*,Masterworked: Range*,,,,,,,,,
Eyasluna,235827225,"""6917529841480424667""",,Legendary,0,Hand Cannon,,KineticSlot,Stasis,primary,10,Adaptive Frame,Range,1,Vault,false,false,false,4,15,,96,85,84,62,14,0,0,0,64,140,55,11,49,0,0,0,0,0,0,0,0,10,54,0,0,false,0,0,,,,Adaptive Frame*,HitMark HCS*,Crossfire HCS,Armor-Piercing Rounds,Light Mag*,Rangefinder*,Snapshot Sights*,Kill Tracker,Tier 1: Range*,,,,,,,,,,
Eyasluna,235827225,"""6917529890065699607""",,Legendary,0,Hand Cannon,,KineticSlot,Stasis,primary,10,Adaptive Frame,Reload Speed,1,Vault,false,false,false,4,15,,96,85,84,56,14,0,0,0,69,140,46,11,64,0,0,0,0,0,0,0,0,10,54,0,0,false,0,0,,,,Adaptive Frame*,Fastdraw HCS*,Sureshot HCS,Armor-Piercing Rounds*,Flared Magwell,Rangefinder*,Kill Clip*,Kill Tracker,Tier 1: Reload Speed*,,,,,,,,,,
Fafnir,2197778303,"""6917530188847022102""",,Exotic,1,Linear Fusion Rifle,monumentoftriumph,Power,Void,heavy,415,Quantum Nova,,,Vault,false,false,false,8,28,,33,65,70,70,18,0,0,0,53,0,27,3,22,1066,0,0,0,0,0,0,0,14,29,0,0,false,0,0,,,,Quantum Nova*,Hammer-Forged Rifling*,Projection Fuse*,Subatomic Distortion*,Hand-Laid Stock*,Kill Tracker,Empty Catalyst Socket*,,,,,,,,,,,,
Fair Judgment,4113452819,"""6917530192707010418""",,Legendary,4,Auto Rifle,monumentoftriumph,KineticSlot,Stasis,primary,472,Precision Frame,Handling,3,Vault,false,false,false,8,28,,72,34,29,71,16,0,0,0,45,450,25,39,48,0,0,0,0,0,0,0,0,27,51,0,0,false,0,0,,,,Precision Frame*,Hammer-Forged Rifling*,Polygonal Rifling,Extended Mag*,Ricochet Rounds,Dynamic Sway Reduction*,Deconstruct,Tap the Trigger*,Kill Clip,Vanguard Determination*,Kill Tracker,Tier 3: Handling*,,,,,,,
Faith-Keeper,4195186942,"""6917530024341744893""",,Legendary,0,Rocket Launcher,echoes,Power,Void,heavy,10,Precision Frame,Reload Speed,1,Vault,false,false,false,7,24,,66,57,0,0,20,50,47,0,33,15,24,1,36,0,0,0,0,0,0,0,0,6,36,0,0,false,0,0,,,,Precision Frame*,Volatile Launch*,Hard Launch,Black Powder*,High-Velocity Rounds,Impulse Amplifier*,Explosive Light*,Radiolaria Transposer*,Kill Tracker,Tier 1: Reload Speed*,,,,,,,,,
Falling Guillotine,614426548,"""6917529206020234827""",favorite,Legendary,0,Sword,seasonpass,Power,Void,heavy,10,Vortex Frame,Impact,10,Titan(10),true,false,false,3,11,,0,0,66,0,0,0,0,0,0,0,0,66,0,0,0,0,30,10,40,40,0,0,0,0,0,false,0,814,,,,Vortex Frame*,Enduring Blade,Honed Edge*,Tempered Edge,Enduring Guard,Swordmaster's Guard*,Relentless Strikes*,Surrounded,Whirlwind Blade*,Kill Tracker,Masterworked: Impact*,,,,,,,,
False Promises,3143732432,"""6917529218599638590""",favorite,Legendary,0,Auto Rifle,contact,KineticSlot,Kinetic,primary,10,High-Impact Frame,Reload Speed,3,Vault,true,false,false,3,11,,96,52,31,77,20,0,0,0,39,400,41,31,30,0,0,0,0,0,0,0,0,10,54,0,0,false,0,0,,,,High-Impact Frame*,Chambered Compensator*,Extended Barrel,Appended Mag,High-Caliber Rounds*,Subsistence*,Rampage*,Kill Tracker,Tier 3: Reload Speed*,,,,,,,,,,
Far Future,893527433,"""6917529271258176739""",,Legendary,0,Sniper Rifle,battlegrounds,Energy,Solar,special,10,Adaptive Frame,Range,1,Vault,false,false,false,4,13,,52,62,70,54,45,0,0,0,63,90,42,4,41,0,0,0,0,0,0,0,0,9,30,0,0,false,0,0,,,,Adaptive Frame*,Hammer-Forged Rifling*,Polygonal Rifling,Steady Rounds*,Alloy Magazine,Auto-Loading Holster*,Demolitionist*,Kill Tracker,Tier 1: Range*,,,,,,,,,,
Far Future,893527433,"""6917529416173967269""",,Legendary,0,Sniper Rifle,battlegrounds,Energy,Solar,special,10,Adaptive Frame,Range,2,Vault,true,false,false,4,13,,52,62,70,55,45,0,0,0,53,90,42,5,46,0,0,0,0,0,0,0,0,2,30,0,0,false,0,0,,,,Adaptive Frame*,Corkscrew Rifling*,Full Bore,Appended Mag*,Steady Rounds,Surplus*,Demolitionist*,Kill Tracker,Tier 2: Range*,,,,,,,,,,
Farewell,541188001,"""6917529387858293953""",favorite,Legendary,0,Sidearm,servitor,KineticSlot,Kinetic,primary,10,Lightweight Frame,Range,1,Vault,false,false,false,4,14,,100,71,43,29,12,0,0,0,40,360,49,15,74,0,0,0,0,0,0,0,0,12,28,0,0,false,0,0,,,,Lightweight Frame*,Arrowhead Brake*,Chambered Compensator,Accurized Rounds*,Flared Magwell,Full Auto Trigger System*,Multikill Clip*,Kill Tracker,Tier 1: Range*,,,,,,,,,,
Father's Sins,3865728990,"""6917529883185147372""",,Legendary,0,Sniper Rifle,wellspring,Energy,Void,special,10,Rapid-Fire Frame,Stability,3,Vault,true,false,false,5,16,,53,73,55,46,35,0,0,0,24,140,55,7,61,0,0,0,0,0,0,0,0,1,48,0,0,false,0,0,,,,Rapid-Fire Frame*,Full Bore*,Hammer-Forged Rifling,Appended Mag*,Tactical Mag,Under Pressure*,Snapshot Sights*,Psychohack*,Kill Tracker,Tier 3: Stability*,,,,,,,,,
Felwinter's Lie,1179141605,"""6917529270936391716""",favorite,Legendary,0,Shotgun,rasputin,Energy,Solar,special,10,Shot Package,Range,10,Vault,false,false,false,3,10,,62,33,80,41,12,0,0,0,19,55,34,4,26,0,0,0,0,0,0,0,0,17,34,0,0,false,0,14,,,,Shot Package*,Full Choke*,Accurized Rounds*,Slideshot*,Surplus,Opening Shot*,Vorpal Weapon,Kill Tracker,Icarus Grip*,Masterworked: Range*,,,,,,,,,
Fighting Lion,3549153978,"""6917529094366363845""",,Exotic,0,Grenade Launcher,,Energy,Void,primary,455,Delayed Gratification,Reload Speed,10,Vault,true,false,false,1,1,,90,80,0,0,13,90,50,0,75,90,30,1,100,0,0,0,0,0,0,0,0,12,40,0,0,false,0,3599,,,,Delayed Gratification*,Countermass*,Implosion Rounds*,Thin the Herd*,Short-Action Stock*,Kill Tracker,Fighting Lion Catalyst*,,,,,,,,,,,,
Final Warning,3121540812,"""6917529891306746984""",,Exotic,0,Sidearm,exoticquest,KineticSlot,Strand,primary,459,All at Once,,,Vault,false,false,false,6,20,,60,88,35,45,12,0,0,0,66,450,48,21,47,1000,0,0,0,0,0,0,0,27,50,0,0,false,0,162,,,,All at Once*,Hammer-Forged Rifling*,Flared Magwell*,Pick Your Poison*,Combat Grip*,Kill Tracker,Empty Catalyst Socket*,,,,,,,,,,,,
Finality's Auger,331231237,"""6917530189889725721""",,Exotic,0,Linear Fusion Rifle,dungeon,Power,Solar,heavy,458,Ruinscribe's Forge,,,Hunter(60),false,false,false,7,26,,100,65,41,50,25,0,0,0,55,0,30,6,56,533,0,0,0,0,0,0,0,11,39,0,0,false,0,20,,,,Ruinscribe's Forge*,Arrowhead Brake*,Particle Repeater*,Ruinscribe's Beacon*,Short-Action Stock*,Kill Tracker,Empty Catalyst Socket*,,,,,,,,,,,,
Fioritura-59,2566006935,"""6917529895724398190""",,Legendary,0,Sidearm,engram,Energy,Void,primary,10,Rapid-Fire Frame,Range,10,Vault,false,false,false,5,19,,95,59,35,32,12,0,0,0,73,450,57,16,68,0,0,0,0,0,0,0,0,23,63,0,0,false,0,0,suros,,,Rapid-Fire Frame*,Corkscrew Rifling,Fluted Barrel*,Appended Mag,Flared Magwell*,Threat Detector*,Golden Tricorn*,Suros Synergy*,Kill Tracker,Masterworked: Range*,,,,,,,,,
Firefright,2778013407,"""6917529891306747238""",,Legendary,0,Auto Rifle,seasonpass,KineticSlot,Kinetic,primary,10,Precision Frame,Range,1,Vault,false,false,false,5,17,,91,38,29,59,17,0,0,0,46,450,59,34,51,0,0,0,0,0,0,0,0,17,54,0,0,false,0,0,,,,Precision Frame*,Arrowhead Brake*,Polygonal Rifling,Extended Mag,Flared Magwell*,Hip-Fire Grip*,Surrounded*,Extrovert*,Kill Tracker,Tier 1: Range*,,,,,,,,,
"First In, Last Out",3616586446,"""6917529205973023619""",keep,Legendary,0,Shotgun,contact,Energy,Arc,special,10,Pinpoint Slug Frame,Reload Speed,2,Vault,false,false,false,3,11,,58,27,70,63,12,0,0,0,60,70,47,6,65,0,0,0,0,0,0,0,0,2,40,0,0,false,0,0,suros,,,Pinpoint Slug Frame*,Corkscrew Rifling*,Full Bore,Assault Mag*,Accurized Rounds,Auto-Loading Holster*,Demolitionist,Surrounded*,Kill Tracker,Tier 2: Reload Speed*,,,,,,,,,
Folded Root,2725894221,"""6917530188847013673""",,Legendary,4,Rocket Launcher,reclaim,Power,Void,heavy,415,Aggressive Frame,Handling,2,Vault,false,false,false,8,27,,59,28,0,0,20,26,74,0,37,25,62,1,16,0,0,0,0,0,0,0,0,7,37,0,0,false,0,0,,,,Aggressive Frame*,Volatile Launch*,Countermass,Implosion Rounds*,Impact Casing,Lead From Light*,Ambitious Assassin,Multikill Clip*,Bipod,Tenacity*,Kill Tracker,Tier 2: Handling*,,,,,,,
Folded Root,2725894221,"""6917530188847014008""",,Legendary,4,Rocket Launcher,reclaim,Power,Void,heavy,415,Aggressive Frame,Reload Speed,2,Vault,false,false,false,8,27,,59,28,0,0,20,31,69,0,36,25,75,1,19,0,0,0,0,0,0,0,0,7,37,0,0,false,0,0,,,,Aggressive Frame*,Confined Launch*,Quick Launch,High-Velocity Rounds*,Impact Casing,Cluster Bomb*,Danger Zone,Multikill Clip*,Bipod,Tenacity*,Kill Tracker,Tier 2: Reload Speed*,,,,,,,
Folded Root,3184457502,"""6917530192910321093""",,Legendary,5,Rocket Launcher,,Power,Void,heavy,468,Aggressive Frame,Reload Speed,1,Vault,false,false,true,8,27,,59,28,0,0,20,21,69,0,52,25,63,1,19,0,0,0,0,0,0,0,0,7,37,0,0,false,0,0,,,,Aggressive Frame*,Confined Launch*,Smart Drift Control,Implosion Rounds*,Impact Casing,Lead From Light*,Danger Zone,Ambitious Assassin,Destabilizing Rounds*,Lasting Impression,Chain Reaction,Tenacity*,Kill Tracker,Tier 1: Reload Speed*,Sparks Everlasting*,,,,
Folded Root,2725894221,"""6917530192912240489""",,Legendary,4,Rocket Launcher,reclaim,Power,Void,heavy,468,Aggressive Frame,Handling,4,Vault,false,false,false,8,27,,89,28,0,0,20,81,67,0,23,25,62,1,34,0,0,0,0,0,0,0,0,7,37,0,0,false,0,0,,,,Aggressive Frame*,Countermass*,Smart Drift Control,Black Powder*,High-Velocity Rounds,Cluster Bomb*,Air Trigger,Lasting Impression*,Bipod,Tenacity*,Kill Tracker,Tier 4: Handling*,,,,,,,
Forbearance,2480074702,"""6917530018755163515""",,Legendary,0,Grenade Launcher,brave,Energy,Arc,special,10,Wave Frame,Reload Speed,10,Vault,false,false,true,6,23,,88,79,0,0,13,40,89,0,52,72,81,1,80,0,0,0,0,0,0,0,0,4,67,0,0,crafted,2,264,,,,Wave Frame*,Smart Drift Control*,Implosion Rounds*,Stats for All*,Chain Reaction*,Indomitability*,Kill Tracker,Freehand Grip*,BRAVE Forbearance*,,,,,,,,,,
Forbearance,568611921,"""6917530018758291101""",,Legendary,0,Grenade Launcher,brave,Energy,Arc,special,10,Wave Frame,Handling,1,Hunter(60),false,false,false,6,23,,100,79,0,0,13,50,84,0,37,72,81,1,81,0,0,0,0,0,0,0,0,4,67,0,0,false,0,0,,,,Wave Frame*,Countermass*,Smart Drift Control,High-Velocity Rounds*,Implosion Rounds,Unrelenting*,Desperate Measures*,Indomitability*,Kill Tracker,Tier 1: Handling*,,,,,,,,,
Forensic Nightmare,1526296434,"""6917529703971472665""",,Legendary,0,Submachine Gun,evidenceboard,KineticSlot,Stasis,primary,10,Precision Frame,Handling,1,Vault,false,false,false,5,16,,100,52,25,50,14,0,0,0,38,600,17,33,32,0,0,0,0,0,0,0,0,23,24,0,0,false,0,0,,,,Precision Frame*,Arrowhead Brake*,Fluted Barrel,Appended Mag*,Ricochet Rounds,Slideways*,Kill Clip*,Psychohack*,Kill Tracker,Tier 1: Handling*,,,,,,,,,
Fortissimo-11,2821430069,"""6917529691207131855""",,Legendary,0,Shotgun,strikes,KineticSlot,Kinetic,special,10,Pinpoint Slug Frame,Reload Speed,4,Vault,false,false,false,5,16,,55,57,70,66,12,0,0,0,66,70,54,5,61,0,0,0,0,0,0,0,0,1,45,0,0,false,0,0,suros,,,Pinpoint Slug Frame*,Corkscrew Rifling*,Fluted Barrel,Assault Mag*,Tactical Mag,Unrelenting*,Opening Shot*,Vanguard's Vindication*,Suros Synergy,Kill Tracker,Tier 4: Reload Speed*,,,,,,,,
Fortissimo-11,2821430069,"""6917529951124141679""",,Legendary,0,Shotgun,strikes,KineticSlot,Kinetic,special,10,Pinpoint Slug Frame,Reload Speed,3,Vault,false,false,false,5,16,,55,57,70,66,12,0,0,0,66,70,53,5,61,0,0,0,0,0,0,0,0,1,45,0,0,false,0,0,suros,,,Pinpoint Slug Frame*,Corkscrew Rifling*,Smallbore,Assault Mag*,Tactical Mag,Threat Detector*,Surrounded*,Vanguard's Vindication*,Suros Synergy,Kill Tracker,Tier 3: Reload Speed*,,,,,,,,
Fractethyst,3184681056,"""6917529548473693190""",,Legendary,0,Shotgun,seasonpass,KineticSlot,Stasis,special,10,Precision Frame,Range,2,Vault,false,false,false,4,15,,75,72,70,74,12,0,0,0,45,65,50,5,41,0,0,0,0,0,0,0,0,2,45,0,0,false,0,0,,,,Precision Frame*,Smoothbore,Full Choke*,Tactical Mag,Accurized Rounds*,Slideshot*,Adrenaline Junkie*,Kill Tracker,Tier 2: Range*,,,,,,,,,,
Fractethyst,3184681056,"""6917529549156114809""",,Legendary,0,Shotgun,seasonpass,KineticSlot,Stasis,special,10,Precision Frame,Handling,1,Vault,false,false,false,4,15,,75,72,70,67,12,0,0,0,50,65,50,6,47,0,0,0,0,0,0,0,0,2,45,0,0,false,0,4,,,,Precision Frame*,Smoothbore,Corkscrew Rifling*,Appended Mag*,Steady Rounds,Slideshot*,Trench Barrel*,Kill Tracker,Tier 1: Handling*,,,,,,,,,,
Fractethyst,2993995118,"""6917530187832417551""",,Legendary,3,Shotgun,,KineticSlot,Stasis,special,402,Precision Frame,Handling,4,Vault,false,false,false,8,28,,75,72,70,69,12,0,0,0,57,65,60,6,45,0,0,0,0,0,0,0,0,2,45,0,0,false,0,0,,,,Precision Frame*,Smallbore*,Corkscrew Rifling,Tactical Mag*,Steady Rounds,Envious Assassin*,One-Two Punch,Trench Barrel*,Closing Time,Ignoble Deeds*,Kill Tracker,Tier 4: Handling*,,,,,,,
Fractethyst,2993995118,"""6917530189118743265""",,Legendary,3,Shotgun,,KineticSlot,Stasis,special,431,Precision Frame,Stability,3,Vault,false,false,false,8,28,,75,72,70,72,12,0,0,0,53,65,65,6,26,0,0,0,0,0,0,0,0,2,45,0,0,false,0,0,,,,Precision Frame*,Rifled Barrel*,Barrel Shroud,Tactical Mag*,Accurized Rounds,Quickdraw*,Lead from Gold,Chain Reaction*,Crystalline Corpsebloom,Ignoble Deeds*,Kill Tracker,Tier 3: Stability*,,,,,,,
Frozen Orbit,3473290087,"""6917529415810169390""",,Legendary,0,Sniper Rifle,crucible,Energy,Void,special,10,Aggressive Frame,Range,1,Vault,false,false,false,4,13,,85,48,90,73,50,0,0,0,37,72,30,4,15,0,0,0,0,0,0,0,0,2,45,0,0,false,0,0,,,,Aggressive Frame*,Chambered Compensator*,Polygonal Rifling,Appended Mag*,Tactical Mag,Auto-Loading Holster*,Snapshot Sights*,Kill Tracker,Tier 1: Range*,,,,,,,,,,
Frozen Orbit,1516542120,"""6917530193066929705""",,Legendary,4,Sniper Rifle,crucible,Energy,Void,special,484,Aggressive Frame,Handling,1,Hunter(60),false,false,false,8,28,,75,48,90,90,50,0,0,0,38,72,30,3,26,0,0,0,0,0,0,0,0,2,45,0,0,false,0,0,,,,Aggressive Frame*,Corkscrew Rifling*,Full Bore,Accurized Rounds*,Alloy Magazine,Triple Tap*,Lone Wolf,Vorpal Weapon*,Cascade Point,Roar of Battle*,Kill Tracker,Tier 1: Handling*,,,,,,,
Fugue-55,2233545123,"""6917529702242605086""",keep,Legendary,0,Sniper Rifle,engram,Energy,Void,special,10,Adaptive Frame,Stability,2,Vault,true,false,false,5,16,,74,66,70,54,50,0,0,0,61,90,55,5,62,0,0,0,0,0,0,0,0,3,45,0,0,false,0,0,suros,,,Adaptive Frame*,Fluted Barrel*,Smallbore,Tactical Mag*,Alloy Magazine,Auto-Loading Holster*,Snapshot Sights*,Suros Synergy*,Kill Tracker,Tier 2: Stability*,,,,,,,,,
Fugue-55,2233545123,"""6917529879516900921""",,Legendary,0,Sniper Rifle,engram,Energy,Void,special,10,Adaptive Frame,Reload Speed,1,Vault,true,false,false,5,16,,74,66,70,54,50,0,0,0,54,90,26,5,62,0,0,0,0,0,0,0,0,13,45,0,0,false,0,0,suros,,,Adaptive Frame*,Fluted Barrel*,Hammer-Forged Rifling,Extended Mag*,Steady Rounds,Fourth Time's the Charm*,Vorpal Weapon*,Suros Synergy*,Kill Tracker,Tier 1: Reload Speed*,,,,,,,,,
Funnelweb,3341893443,"""6917529624293965745""",,Legendary,0,Submachine Gun,engram,Energy,Void,primary,10,Lightweight Frame,Reload Speed,10,Vault,false,false,false,5,16,,96,54,15,39,14,0,0,0,54,900,51,43,85,0,0,0,0,0,0,0,0,20,45,0,0,false,0,1257,veist,00001:Solar,,Lightweight Frame*,Fluted Barrel*,Full Bore,Tactical Mag*,Alloy Magazine,Steady Hands*,Adrenaline Junkie*,Veist Stinger*,Kill Tracker,Masterworked: Reload Speed*,,,,,,,,,
Funnelweb,3341893443,"""6917529769381643179""",,Legendary,0,Submachine Gun,engram,Energy,Void,primary,10,Lightweight Frame,Reload Speed,3,Vault,true,false,false,5,16,,100,54,15,49,14,0,0,0,49,900,44,43,60,0,0,0,0,0,0,0,0,20,45,0,0,false,0,0,veist,,,Lightweight Frame*,Extended Barrel*,Smallbore,Tactical Mag*,Steady Rounds,Killing Wind*,Elemental Capacitor*,Veist Stinger*,Kill Tracker,Tier 3: Reload Speed*,,,,,,,,,
Funnelweb,3341893443,"""6917529892375886526""",,Legendary,0,Submachine Gun,engram,Energy,Void,primary,10,Lightweight Frame,Stability,5,Vault,false,false,false,5,16,,96,54,15,54,14,0,0,0,54,900,31,42,75,0,0,0,0,0,0,0,0,20,45,0,0,false,0,0,veist,,,Lightweight Frame*,Corkscrew Rifling*,Extended Barrel,Accurized Rounds*,Extended Mag,Subsistence*,Adrenaline Junkie*,Veist Stinger*,Kill Tracker,Tier 5: Stability*,,,,,,,,,
Gallu RR3,617501162,"""6917530014424177996""",,Legendary,0,Sniper Rifle,engram,Energy,Arc,special,10,Adaptive Frame,Handling,1,Vault,false,false,false,5,17,,89,61,70,58,40,0,0,0,42,90,17,5,29,0,0,0,0,0,0,0,0,12,35,0,0,false,0,0,omolon,,,Adaptive Frame*,Extended Barrel*,Extended Mag*,No Distractions*,Focused Fury*,Omolon Fluid Dynamics*,Kill Tracker,Tier 1: Handling*,,,,,,,,,,,
Geodetic HSm,3637669759,"""6917529972945222083""",,Legendary,0,Sword,engram,Power,Void,heavy,10,Adaptive Frame,Impact,1,Vault,false,false,false,6,22,,0,0,62,0,0,0,0,0,0,0,0,71,0,0,0,0,47,40,40,40,0,0,0,0,0,false,0,0,nadir,,,Adaptive Frame*,Hungry Edge*,Enduring Blade,Jagged Edge,Balanced Guard*,Enduring Guard,Relentless Strikes*,Whirlwind Blade*,Nadir Focus*,Kill Tracker,Tier 1: Impact*,,,,,,,,
Geodetic HSm,3637669759,"""6917529973007583923""",,Legendary,0,Sword,engram,Power,Void,heavy,10,Adaptive Frame,Impact,4,Vault,false,false,false,6,22,,0,0,66,0,0,0,0,0,0,0,0,67,0,0,0,0,37,70,60,40,0,0,0,0,0,false,0,0,nadir,,,Adaptive Frame*,Honed Edge*,Jagged Edge,Tempered Edge,Heavy Guard*,Swordmaster's Guard,Repulsor Brace*,Destabilizing Rounds*,Nadir Focus*,Kill Tracker,Tier 5: Impact*,,,,,,,,
Geodetic HSm,3637669759,"""6917529980841009926""",,Legendary,0,Sword,engram,Power,Void,heavy,10,Adaptive Frame,Impact,1,Vault,false,false,false,6,22,,0,0,64,0,0,0,0,0,0,0,0,67,0,0,0,0,47,80,0,40,0,0,0,0,0,false,0,0,nadir,,"AI v2.3 COULD DELETE — same weapon name, hash/version, and intrinsic frame as the proposed retained copy. Best legal perk combo scores 5.3 below the best copy. Retain Geodetic HSm ID 6917529973007583923. Still review origin-trait selection, barrels, magazines, Masterwork, stats, source, build role, and personal feel before dismantling.",Adaptive Frame*,Honed Edge*,Jagged Edge,Tempered Edge,Burst Guard*,Swordmaster's Guard,Tireless Blade*,Assassin's Blade*,Nadir Focus*,Kill Tracker,Tier 1: Impact*,,,,,,,,
Geodetic HSm,3637669759,"""6917530021194755036""",,Legendary,0,Sword,engram,Power,Void,heavy,10,Adaptive Frame,Impact,1,Vault,false,false,false,6,22,,0,0,64,0,0,0,0,0,0,0,0,67,0,0,0,0,47,80,0,40,0,0,0,0,0,false,0,0,nadir,,"AI v2.3 COULD DELETE — same weapon name, hash/version, and intrinsic frame as the proposed retained copy. Best legal perk combo scores 4.8 below the best copy. Retain Geodetic HSm ID 6917529973007583923. Still review origin-trait selection, barrels, magazines, Masterwork, stats, source, build role, and personal feel before dismantling.",Adaptive Frame*,Honed Edge*,Jagged Edge,Tempered Edge,Burst Guard*,Heavy Guard,Duelist's Trance*,Whirlwind Blade*,Nadir Focus*,Kill Tracker,Tier 1: Impact*,,,,,,,,
Giver's Blessing,970034755,"""6917530187969778474""",,Legendary,2,Auto Rifle,kepler,KineticSlot,Kinetic,primary,401,Rapid-Fire Frame,Range,2,Vault,false,false,false,8,27,,87,84,18,40,16,0,0,0,53,720,42,47,48,0,0,0,0,0,0,0,0,16,57,0,0,false,0,0,,,,Rapid-Fire Frame*,Arrowhead Brake*,Full Bore,Armor-Piercing Rounds*,Ricochet Rounds,Rewind Rounds*,Kinetic Tremors*,Exhaustive Research*,Kill Tracker,Tier 2: Range*,,,,,,,,,
Giver's Blessing,970034755,"""6917530188037669075""",,Legendary,2,Auto Rifle,kepler,KineticSlot,Kinetic,primary,416,Rapid-Fire Frame,Handling,3,Vault,false,false,false,8,27,,67,84,18,33,16,0,0,0,63,720,47,47,36,0,0,0,0,0,0,0,0,16,57,0,0,false,0,0,,,,Rapid-Fire Frame*,Chambered Compensator*,Fluted Barrel,Alloy Magazine*,High-Caliber Rounds,Rewind Rounds*,High Ground*,Exhaustive Research*,Kill Tracker,Tier 3: Handling*,,,,,,,,,
Giver's Blessing,970034755,"""6917530193091149558""",,Legendary,2,Auto Rifle,kepler,KineticSlot,Kinetic,primary,489,Rapid-Fire Frame,Reload Speed,2,Warlock(482),false,false,false,8,27,,87,84,18,33,16,0,0,0,53,720,44,47,48,0,0,0,0,0,0,0,0,16,57,0,0,false,0,0,,,,Rapid-Fire Frame*,Arrowhead Brake*,Hammer-Forged Rifling,Alloy Magazine*,Appended Mag,Feeding Frenzy*,Multikill Clip*,Exhaustive Research*,Kill Tracker,Tier 2: Reload Speed*,,,,,,,,,
Gjallarhorn,1363886209,"""6917529681587127638""",,Exotic,0,Rocket Launcher,30th,Power,Solar,heavy,10,Wolfpack Rounds,Magazine,10,Vault,false,false,false,4,15,,49,76,0,0,20,100,40,0,54,15,67,2,76,0,0,0,0,0,0,0,0,6,50,0,0,false,0,503,,,,Wolfpack Rounds*,Volatile Launch*,Alloy Casing*,Pack Hunter*,Short-Action Stock*,Kill Tracker,Hraesveglur*,Gjallarhorn Catalyst*,,,,,,,,,,,
Glissando-47,222606050,"""6917530025174585367""",,Legendary,0,Scout Rifle,engram,KineticSlot,Strand,primary,10,Precision Frame,Reload Speed,1,Vault,false,false,false,6,21,,67,65,62,41,20,0,0,0,56,180,42,15,40,0,0,0,0,0,0,0,0,15,50,0,0,false,0,0,suros,,,Precision Frame*,Polygonal Rifling*,Smallbore,Alloy Magazine*,Flared Magwell,Overflow*,Cascade Point*,Suros Synergy*,Kill Tracker,Tier 1: Reload Speed*,,,,,,,,,
Gnawing Hunger,821154603,"""6917529203800808190""",favorite,Legendary,0,Auto Rifle,gambitprime,Energy,Void,primary,10,Adaptive Frame,Range,5,Vault,true,false,false,2,6,,54,65,21,73,16,0,0,0,43,600,57,41,63,0,0,0,0,0,0,0,0,10,55,0,0,false,0,0,,,,Adaptive Frame*,Extended Barrel,Hammer-Forged Rifling*,Accurized Rounds*,Extended Mag,Tap the Trigger*,Kill Clip*,Multikill Clip,Kill Tracker,Radar Booster*,Tier 5: Range*,,,,,,,,
Gnawing Hunger,821154603,"""6917529203819468491""",keep,Legendary,0,Auto Rifle,gambitprime,Energy,Void,primary,10,Adaptive Frame,Reload Speed,5,Vault,true,false,false,2,6,,84,65,21,48,16,0,0,0,43,600,92,41,73,0,0,0,0,0,0,0,0,10,55,0,0,false,0,0,,,,Adaptive Frame*,Arrowhead Brake*,Corkscrew Rifling,Drop Mag*,Extended Mag,Zen Moment*,Kill Clip,Multikill Clip*,Kill Tracker,Tier 5: Reload Speed*,,,,,,,,,
Gnawing Hunger,821154603,"""6917529206326607376""",favorite,Legendary,0,Auto Rifle,gambitprime,Energy,Void,primary,471,Adaptive Frame,Handling,10,Vault,true,false,false,2,6,,64,65,21,48,16,0,0,0,53,600,87,41,68,0,0,0,0,0,0,0,0,10,55,0,0,false,0,340,,,,Adaptive Frame*,Chambered Compensator*,Smallbore,Drop Mag*,Steady Rounds,Subsistence*,Rampage*,Demolitionist,Kill Tracker,Masterworked: Handling*,,,,,,,,,
Go Figure,4138174248,"""6917529116473170677""",,Legendary,0,Pulse Rifle,engram,KineticSlot,Kinetic,primary,10,Aggressive Burst,Range,3,Vault,true,false,false,2,4,,84,40,35,77,20,0,0,0,57,450,33,40,38,0,0,0,0,0,0,0,0,10,54,0,0,false,0,0,,,,Aggressive Burst*,King Sight K1*,Dusk Sight D1,High-Caliber Rounds*,Light Mag,Zen Moment*,Rampage*,Kill Tracker,Counterbalance Stock*,Tier 3: Range*,Distant Earth*,,,,,,,,
Grand Overture,1763584999,"""6917529683064862139""",,Exotic,0,Machine Gun,seasonpass,Power,Arc,heavy,10,Wrath of the Colossus,,,Vault,false,false,false,5,16,,59,60,53,100,17,0,0,0,90,100,60,70,36,0,0,0,0,0,0,0,0,11,45,0,0,false,0,0,,,,Wrath of the Colossus*,Hammer-Forged Rifling*,Accurized Rounds*,Omega Strike*,Hand-Laid Stock*,Kill Tracker,Empty Catalyst Socket*,,,,,,,,,,,,
Graviton Lance,3628991658,"""6917529195109509955""",,Exotic,0,Pulse Rifle,,Energy,Void,primary,421,Black Hole,Range,10,Vault,false,false,false,1,1,,85,60,29,90,17,0,0,0,100,300,57,30,49,0,0,0,0,0,0,0,0,27,60,0,0,false,0,2956,,,,Black Hole*,Hammer-Forged Rifling*,Accurized Rounds*,Cosmology*,Fitted Stock*,Kill Tracker,Graviton Lance Catalyst*,,,,,,,,,,,,
Graviton Spike,648595258,"""6917530193072668051""",,Exotic,0,Hand Cannon,kepler,Energy,Arc,primary,486,Temporal Manipulation,,,Warlock(482),false,false,false,8,27,,100,85,80,40,16,0,0,0,60,150,50,13,70,0,0,0,0,0,0,0,0,18,57,0,0,false,0,0,,,,Temporal Manipulation*,Chambered Compensator*,Alloy Magazine*,Temporal Anomaly*,Textured Grip*,Kill Tracker,,,,,,,,,,,,,
Gridskipper,3176697589,"""6917530187802376992""",,Legendary,3,Pulse Rifle,monumentoftriumph,Energy,Void,primary,389,Rapid-Fire Frame,Reload Speed,2,Vault,false,false,false,8,28,,55,80,23,53,18,0,0,0,47,540,37,35,22,0,0,0,0,0,0,0,0,10,55,0,0,false,0,0,,,,Rapid-Fire Frame*,Full Bore*,Hammer-Forged Rifling,Ricochet Rounds*,Light Mag,Repulsor Brace*,Zen Moment,Destabilizing Rounds*,Desperate Measures,Splicer Surge*,Kill Tracker,Tier 2: Reload Speed*,,,,,,,
Gridskipper,3176697589,"""6917530187927344843""",,Legendary,3,Pulse Rifle,monumentoftriumph,Energy,Void,primary,394,Rapid-Fire Frame,Reload Speed,2,Vault,false,false,false,8,28,,55,80,23,38,18,0,0,0,52,540,17,44,32,0,0,0,0,0,0,0,0,20,55,0,0,false,0,0,,,,Rapid-Fire Frame*,Corkscrew Rifling*,Fluted Barrel,Extended Mag*,Light Mag,Killing Wind*,Zen Moment,Frenzy*,Desperate Measures,Splicer Surge*,Kill Tracker,Tier 2: Reload Speed*,,,,,,,
Gridskipper,3176697589,"""6917530187989806530""",,Legendary,3,Pulse Rifle,monumentoftriumph,Energy,Void,primary,401,Rapid-Fire Frame,Reload Speed,2,Vault,false,false,false,8,28,,55,80,23,43,18,0,0,0,47,540,37,41,27,0,0,0,0,0,0,0,0,10,55,0,0,false,0,0,,,,Rapid-Fire Frame*,Hammer-Forged Rifling*,Smallbore,Appended Mag*,Light Mag,Lone Wolf*,Repulsor Brace,Frenzy*,Desperate Measures,Splicer Surge*,Kill Tracker,Tier 2: Reload Speed*,,,,,,,
Gridskipper,3176697589,"""6917530192841998868""",,Legendary,3,Pulse Rifle,monumentoftriumph,Energy,Void,primary,461,Rapid-Fire Frame,Reload Speed,1,Vault,false,false,false,8,28,,55,80,23,38,18,0,0,0,57,540,36,35,42,0,0,0,0,0,0,0,0,10,55,0,0,false,0,0,,,,Rapid-Fire Frame*,Fluted Barrel*,Hammer-Forged Rifling,High-Caliber Rounds*,Ricochet Rounds,Zen Moment*,Demoralize,Destabilizing Rounds*,Headseeker,Splicer Surge*,Kill Tracker,Tier 1: Reload Speed*,,,,,,,
Half-Truths,3257091166,"""6917529893040618127""",,Legendary,0,Sword,30th,Power,Arc,heavy,10,Adaptive Frame,Impact,10,Vault,true,false,false,4,15,,0,0,62,0,0,0,0,0,0,0,0,77,0,0,0,0,20,0,90,40,0,0,0,0,0,false,0,30,,,,Adaptive Frame*,Hungry Edge,Enduring Blade*,Jagged Edge,Enduring Guard*,Swordmaster's Guard,Unrelenting*,Eager Edge*,Hot Swap*,Kill Tracker,Backup Mag*,Masterworked: Impact*,,,,,,,
Hammerhead,211732170,"""6917530018807806230""",favorite,Legendary,0,Machine Gun,brave,Power,Void,heavy,472,Adaptive Frame,Range,10,Warlock(482),false,false,true,6,23,,75,90,41,85,15,0,0,0,62,450,66,71,52,0,0,0,0,0,0,0,0,6,40,0,0,crafted,49,2564,,00001:Beta,,Adaptive Frame*,Hammer-Forged Rifling*,Armor-Piercing Rounds*,Fourth Time's the Charm*,Killing Tally*,Indomitability*,Kill Tracker,Backup Mag*,New Age Black Armory*,BRAVE Hammerhead*,,,,,,,,,
Hammerhead,1346714574,"""6917530189614131823""",favorite,Legendary,3,Machine Gun,brave,Power,Void,heavy,444,Adaptive Frame,Handling,1,Vault,false,false,false,8,28,,75,90,41,65,15,0,0,0,65,450,64,66,56,0,0,0,0,0,0,0,0,6,40,0,0,false,0,0,,,,Adaptive Frame*,Corkscrew Rifling*,Smallbore,Appended Mag*,Armor-Piercing Rounds,Fourth Time's the Charm*,Rewind Rounds,Target Lock*,Desperate Measures,Forge's Kin*,Indomitability,Kill Tracker,Tier 1: Handling*,,,,,,
Hammerhead,1346714574,"""6917530190050127176""",,Legendary,5,Machine Gun,brave,Power,Void,heavy,459,Adaptive Frame,Reload Speed,3,Vault,false,false,false,8,28,,100,90,41,60,15,0,0,0,60,450,68,66,62,0,0,0,0,0,0,0,0,6,40,0,0,false,0,0,,,,Adaptive Frame*,Arrowhead Brake*,Corkscrew Rifling,Appended Mag*,Flared Magwell,Destabilizing Rounds*,Dimensional Shift,Impromptu Ammunition,Demoralize*,Killing Tally,Desperate Measures,Forge's Kin*,Indomitability,Kill Tracker,Tier 3: Reload Speed*,Triumphant Pulse*,,,
Hammerhead,1346714574,"""6917530190051786660""",,Legendary,4,Machine Gun,brave,Power,Void,heavy,460,Adaptive Frame,Handling,3,Vault,false,false,false,8,28,,100,90,41,60,15,0,0,0,60,450,48,71,65,0,0,0,0,0,0,0,0,16,40,0,0,false,0,0,,,,Adaptive Frame*,Arrowhead Brake*,Fluted Barrel,Extended Mag*,Armor-Piercing Rounds,Rampage*,Impromptu Ammunition,Demoralize*,Target Lock,Forge's Kin*,Indomitability,Kill Tracker,Tier 3: Handling*,,,,,,
Hand in Hand,664109750,"""6917529878926853491""",,Legendary,0,Shotgun,engram,Energy,Arc,special,10,Aggressive Frame,Reload Speed,2,Vault,false,false,false,6,20,,72,33,80,25,12,0,0,0,27,55,34,5,26,0,0,0,0,0,0,0,0,3,32,0,0,false,0,0,field-forged,,,Aggressive Frame*,Smallbore*,Barrel Shroud,Appended Mag*,Accurized Rounds,Slideshot*,One-Two Punch*,Field-Tested*,Kill Tracker,Tier 2: Reload Speed*,,,,,,,,,
Hand in Hand,664109750,"""6917529970972656506""",,Legendary,0,Shotgun,engram,Energy,Arc,special,10,Aggressive Frame,Range,3,Vault,false,false,false,6,20,,72,33,80,36,12,0,0,0,20,55,12,5,26,0,0,0,0,0,0,0,0,13,32,0,0,false,0,0,field-forged,,,Aggressive Frame*,Smoothbore*,Corkscrew Rifling,Extended Mag*,Steady Rounds,Slideshot*,Pugilist*,Field-Tested*,Kill Tracker,Tier 3: Range*,,,,,,,,,
Hand in Hand,664109750,"""6917529972540773403""",,Legendary,0,Shotgun,engram,Energy,Arc,special,10,Aggressive Frame,Stability,2,Vault,false,false,false,6,20,,72,33,80,18,12,0,0,0,47,60,32,4,36,0,0,0,0,0,0,0,0,3,32,0,0,false,0,0,field-forged,,,Aggressive Frame*,Barrel Shroud*,Full Choke,Assault Mag*,Steady Rounds,Ensemble*,Golden Tricorn*,Field-Tested*,Kill Tracker,Tier 2: Stability*,,,,,,,,,
Hard Light,4124984448,"""6917529377901449935""",,Exotic,0,Auto Rifle,,Energy,Void,primary,414,Volatile Light,Stability,10,Vault,false,false,false,1,1,,100,100,21,40,16,0,0,0,100,600,64,49,77,0,0,0,0,0,0,0,0,31,40,0,0,false,0,137,omolon,,,Volatile Light*,Polygonal Rifling*,Alloy Magazine*,The Fundamentals*,Composite Stock*,Kill Tracker,Hard Light Catalyst*,,,,,,,,,,,,
Harsh Language,1606497639,"""6917529870277548050""",,Legendary,0,Grenade Launcher,engram,Energy,Void,special,10,Wave Frame,Reload Speed,3,Vault,false,false,false,6,20,,75,71,0,0,13,50,93,0,20,72,78,1,81,0,0,0,0,0,0,0,0,3,57,0,0,false,0,24,field-forged,,,Wave Frame*,Quick Launch*,Smart Drift Control,High-Velocity Rounds*,Implosion Rounds,Threat Detector*,Adrenaline Junkie*,Field-Tested*,Kill Tracker,Tier 3: Reload Speed*,,,,,,,,,
Harsh Language,1606497639,"""6917529871218452993""",,Legendary,0,Grenade Launcher,engram,Energy,Void,special,10,Wave Frame,Handling,1,Vault,false,false,false,6,20,,75,71,0,0,13,65,78,0,20,72,75,1,62,0,0,0,0,0,0,0,0,3,57,0,0,false,0,7,field-forged,,,Wave Frame*,Volatile Launch*,Countermass,High-Velocity Rounds*,Implosion Rounds,Wellspring*,Disruption Break*,Field-Tested*,Kill Tracker,Tier 1: Handling*,,,,,,,,,
Harsh Language,1606497639,"""6917529895739028161""",,Legendary,0,Grenade Launcher,engram,Energy,Void,special,10,Wave Frame,Handling,3,Vault,true,false,false,6,20,,90,71,0,0,13,50,88,0,30,72,75,1,79,0,0,0,0,0,0,0,0,3,57,0,0,false,0,0,field-forged,,,Wave Frame*,Hard Launch,Smart Drift Control*,High-Velocity Rounds*,Implosion Rounds,Threat Detector*,Destabilizing Rounds*,Field-Tested*,Kill Tracker,Tier 3: Handling*,,,,,,,,,
Harsh Language,1606497639,"""6917529960389412673""",,Legendary,0,Grenade Launcher,engram,Energy,Void,special,10,Wave Frame,Reload Speed,1,Vault,false,false,false,6,20,,75,71,0,0,13,65,78,0,20,72,76,1,61,0,0,0,0,0,0,0,0,3,57,0,0,false,0,0,field-forged,,,Wave Frame*,Volatile Launch*,Countermass,High-Velocity Rounds*,Implosion Rounds,Stats for All*,Unrelenting*,Field-Tested*,Kill Tracker,Freehand Grip*,Tier 1: Reload Speed*,,,,,,,,
Harsh Language,1606497639,"""6917529972591791334""",,Legendary,0,Grenade Launcher,engram,Energy,Void,special,10,Wave Frame,Blast Radius,2,Vault,false,false,false,6,20,,75,71,0,0,13,67,78,0,20,72,75,1,61,0,0,0,0,0,0,0,0,3,77,0,0,false,0,0,field-forged,,,Wave Frame*,Volatile Launch*,Confined Launch,High-Velocity Rounds*,Implosion Rounds,Field Prep*,Repulsor Brace*,Field-Tested*,Kill Tracker,Freehand Grip*,Tier 2: Blast Radius*,,,,,,,,
Harsh Language,1606497639,"""6917530001448708583""",,Legendary,0,Grenade Launcher,engram,Energy,Void,special,10,Wave Frame,Reload Speed,1,Vault,false,false,false,6,20,,90,71,0,0,13,65,78,0,20,72,76,1,61,0,0,0,0,0,0,0,0,3,57,0,0,false,0,0,field-forged,,,Wave Frame*,Volatile Launch*,Countermass,High-Velocity Rounds*,Implosion Rounds,Stats for All*,Disruption Break*,Field-Tested*,Kill Tracker,Counterbalance Stock*,Tier 1: Reload Speed*,,,,,,,,
Hawkmoon,3856705927,"""6917529397175271983""",,Exotic,0,Hand Cannon,,KineticSlot,Kinetic,primary,439,Paracausal Shot,,,Vault,false,false,false,4,12,,100,93,84,52,14,0,0,0,73,140,59,8,76,0,0,0,0,0,0,0,0,26,52,0,0,false,0,0,,,,Paracausal Shot*,Chambered Compensator*,Alloy Magazine*,Eye of the Storm*,Polymer Grip*,Kill Tracker,Empty Catalyst Socket*,,,,,,,,,,,,
Heir Apparent,2084878005,"""6917529347813423589""",,Exotic,0,Machine Gun,events,Power,Solar,heavy,10,Heavy Slug Thrower,,,Vault,false,false,false,3,10,Guardian Games,95,90,39,65,0,0,0,0,58,900,50,129,63,0,0,0,0,0,0,0,0,9,50,0,0,false,0,0,,,,Heavy Slug Thrower*,Corkscrew Rifling*,Appended Mag*,Armor of the Colossus*,Combat Grip*,Kill Tracker,Empty Catalyst Socket*,,,,,,,,,,,,
Heliocentric QSc,3998080529,"""6917529959998529816""",favorite,Legendary,0,Sidearm,engram,Energy,Solar,primary,10,Lightweight Frame,Range,10,Titan(10),true,false,false,6,22,,94,71,43,52,12,0,0,0,36,360,51,16,60,0,0,0,0,0,0,0,0,21,29,0,0,false,0,150,nadir,,,Lightweight Frame*,Full Bore*,Polygonal Rifling,Appended Mag*,Extended Mag,Heal Clip*,Incandescent*,Nadir Focus*,Kill Tracker,Masterworked: Range*,Golden Trace*,,,,,,,,
Heliocentric QSc,3998080529,"""6917529961357746282""",,Legendary,0,Sidearm,engram,Energy,Solar,primary,10,Lightweight Frame,Stability,1,Vault,false,false,false,6,22,,100,71,43,37,12,0,0,0,47,360,31,17,55,0,0,0,0,0,0,0,0,31,29,0,0,false,0,0,nadir,,"AI v2.3 COULD DELETE — same weapon name, hash/version, and intrinsic frame as the proposed retained copy. Best legal perk combo scores 4.0 below the best copy. Retain Heliocentric QSc ID 6917529959998529816. Still review origin-trait selection, barrels, magazines, Masterwork, stats, source, build role, and personal feel before dismantling.",Lightweight Frame*,Extended Barrel*,Smallbore,Extended Mag*,Steady Rounds,Demolitionist*,Surrounded*,Nadir Focus*,Kill Tracker,Tier 1: Stability*,,,,,,,,,
Heliocentric QSc,3998080529,"""6917530020562998236""",,Legendary,0,Sidearm,engram,Energy,Solar,primary,10,Lightweight Frame,Reload Speed,1,Vault,false,false,false,6,22,,94,71,43,37,12,0,0,0,51,360,52,14,80,0,0,0,0,0,0,0,0,21,29,0,0,false,0,0,nadir,,"AI v2.3 COULD DELETE — same weapon name, hash/version, and intrinsic frame as the proposed retained copy. Best legal perk combo scores 4.5 below the best copy. Retain Heliocentric QSc ID 6917529959998529816. Still review origin-trait selection, barrels, magazines, Masterwork, stats, source, build role, and personal feel before dismantling.",Lightweight Frame*,Fluted Barrel*,Full Bore,Accurized Rounds*,Steady Rounds,Enlightened Action*,Precision Instrument*,Nadir Focus*,Kill Tracker,Tier 1: Reload Speed*,,,,,,,,,
Heliocentric QSc,3998080529,"""6917530022249045285""",,Legendary,0,Sidearm,engram,Energy,Solar,primary,10,Lightweight Frame,Range,1,Vault,false,false,false,6,22,,94,71,43,53,12,0,0,0,36,360,51,14,60,0,0,0,0,0,0,0,0,21,29,0,0,false,0,0,nadir,,,Lightweight Frame*,Full Bore*,Smallbore,Accurized Rounds*,Alloy Magazine,Enlightened Action*,Adrenaline Junkie*,Nadir Focus*,Kill Tracker,Tier 1: Range*,,,,,,,,,
Heliocentric QSc,1291040555,"""6917530186183878907""",,Legendary,3,Sidearm,engram,Energy,Solar,primary,359,Lightweight Frame,Stability,2,Vault,false,false,false,8,28,,94,71,43,42,12,0,0,0,38,360,31,17,60,0,0,0,0,0,0,0,0,31,29,0,0,false,0,0,,,,Lightweight Frame*,Full Bore*,Smallbore,Extended Mag*,Flared Magwell,Enlightened Action*,Moving Target,Kill Clip*,Frenzy,Nadir Focus*,Kill Tracker,Tier 2: Stability*,,,,,,,
Heliocentric QSc,1291040555,"""6917530186412730403""",,Legendary,3,Sidearm,engram,Energy,Solar,primary,389,Lightweight Frame,Range,3,Vault,false,false,false,8,28,,100,71,43,40,12,0,0,0,51,360,61,15,55,0,0,0,0,0,0,0,0,21,29,0,0,false,0,0,,,,Lightweight Frame*,Extended Barrel*,Full Bore,Tactical Mag*,Extended Mag,Enlightened Action*,Demolitionist,Kill Clip*,Frenzy,Nadir Focus*,Kill Tracker,Tier 3: Range*,,,,,,,
Heliocentric QSc,1291040555,"""6917530187758497859""",,Legendary,3,Sidearm,engram,Energy,Solar,primary,393,Lightweight Frame,Stability,3,Vault,false,false,false,8,28,,100,71,43,37,12,0,0,0,59,360,51,14,60,0,0,0,0,0,0,0,0,21,29,0,0,false,0,0,,,,Lightweight Frame*,Chambered Compensator*,Fluted Barrel,Accurized Rounds*,Appended Mag,Enlightened Action*,Rangefinder,Adrenaline Junkie*,Frenzy,Nadir Focus*,Kill Tracker,Tier 3: Stability*,,,,,,,
Heliocentric QSc,1291040555,"""6917530189373740909""",,Legendary,4,Sidearm,engram,Energy,Solar,primary,422,Lightweight Frame,Range,1,Vault,false,false,false,8,28,,100,71,43,28,12,0,0,0,52,360,62,15,82,0,0,0,0,0,0,0,0,21,29,0,0,false,0,0,,,,Lightweight Frame*,Arrowhead Brake*,Chambered Compensator,Tactical Mag*,Steady Rounds,Rangefinder*,Demolitionist,Adrenaline Junkie*,Frenzy,Nadir Focus*,Kill Tracker,Tier 1: Range*,,,,,,,
Heliocentric QSc,1291040555,"""6917530189592506154""",,Legendary,3,Sidearm,engram,Energy,Solar,primary,426,Lightweight Frame,Range,1,Vault,false,false,false,8,28,,94,71,43,43,12,0,0,0,51,360,51,14,70,0,0,0,0,0,0,0,0,21,29,0,0,false,0,0,,,,Lightweight Frame*,Corkscrew Rifling*,Smallbore,Accurized Rounds*,Appended Mag,Heal Clip*,Demolitionist,Adrenaline Junkie*,Frenzy,Nadir Focus*,Kill Tracker,Tier 1: Range*,,,,,,,
Heliocentric QSc,1291040555,"""6917530192709207742""",,Legendary,3,Sidearm,engram,Energy,Solar,primary,459,Lightweight Frame,Stability,1,Vault,false,false,false,8,28,,94,71,43,32,12,0,0,0,52,360,51,16,70,0,0,0,0,0,0,0,0,21,29,0,0,false,0,0,,,,Lightweight Frame*,Corkscrew Rifling*,Full Bore,Appended Mag*,Tactical Mag,Heal Clip*,Moving Target,Kill Clip*,Precision Instrument,Nadir Focus*,Kill Tracker,Tier 1: Stability*,,,,,,,
Heliocentric QSc,1291040555,"""6917530192912233115""",,Legendary,5,Sidearm,engram,Energy,Solar,primary,478,Lightweight Frame,Range,2,Vault,false,false,false,8,28,,94,71,43,47,12,0,0,0,52,360,51,14,70,0,0,0,0,0,0,0,0,21,29,0,0,false,0,0,,,,Lightweight Frame*,Corkscrew Rifling*,Extended Barrel,Accurized Rounds*,Extended Mag,Heal Clip*,Rangefinder,Demolitionist,Kill Clip*,Surrounded,Frenzy,Nadir Focus*,Kill Tracker,Tier 2: Range*,Triumphant Pulse*,,,,
Hero of Ages,2139640995,"""6917529549028119301""",,Legendary,0,Sword,,Power,Arc,heavy,10,Vortex Frame,Impact,1,Vault,true,false,false,4,15,,0,0,62,0,0,0,0,0,0,0,0,66,0,0,0,0,35,10,40,40,0,0,0,0,0,false,0,0,,,,Vortex Frame*,Hungry Edge,Enduring Blade,Honed Edge*,Enduring Guard,Swordmaster's Guard*,Unrelenting*,Chain Reaction*,Kill Tracker,Tier 1: Impact*,,,,,,,,,
High Albedo,1197486957,"""6917529415672956692""",,Legendary,0,Sidearm,europa,KineticSlot,Kinetic,primary,10,Adaptive Burst,Reload Speed,5,Vault,true,false,false,4,12,,99,71,80,38,12,0,0,0,81,491,50,36,51,0,0,0,0,0,0,0,0,12,47,0,0,false,0,0,,,,Adaptive Burst*,Hammer-Forged Rifling,Smallbore*,Steady Rounds,Flared Magwell*,Full Auto Trigger System*,Wellspring*,Kill Tracker,Backup Mag*,Tier 5: Reload Speed*,,,,,,,,,
Hollow Denial,2323544076,"""6917529769178311177""",,Legendary,0,Trace Rifle,haunted,Energy,Void,special,10,Adaptive Frame,Handling,10,Vault,true,false,false,5,17,,99,100,6,66,16,0,0,0,81,1000,56,96,90,0,0,0,0,0,0,0,0,9,65,0,0,false,0,117,,,,Adaptive Frame*,Chambered Compensator,Fluted Barrel*,Enhanced Battery,Light Battery*,Adaptive Munitions*,Swashbuckler*,Extrovert*,Kill Tracker,Masterworked: Handling*,,,,,,,,,
Hollow Words,607191995,"""6917529456826370099""",,Legendary,0,Fusion Rifle,contact,Energy,Arc,special,10,Precision Frame,Charge Time,1,Vault,false,false,false,3,11,,100,63,80,49,18,0,0,0,38,0,0,8,33,797,0,0,0,0,0,0,0,4,26,0,0,false,0,0,,,,Precision Frame*,Arrowhead Brake*,Smallbore,Ionized Battery*,Projection Fuse,Feeding Frenzy*,Unrelenting*,Kill Tracker,Tier 1: Charge Time*,,,,,,,,,,
Horror's Least,827835657,"""6917530188840764048""",,Legendary,5,Pulse Rifle,monumentoftriumph,Energy,Arc,primary,429,Rapid-Fire Frame,Handling,1,Vault,false,false,false,8,28,,55,82,23,34,17,0,0,0,60,540,37,42,39,0,0,0,0,0,0,0,0,17,56,0,0,false,0,0,,,,Rapid-Fire Frame*,Fluted Barrel*,Smallbore,Appended Mag*,Flared Magwell,Zen Moment*,Trickle Charge,Overflow,Kill Clip*,Perpetual Motion,Rampage,Problem Solver*,Vanguard Determination,Kill Tracker,Tier 1: Handling*,Infamous Horror's Least*,Roguish Bolts*,,
Hung Jury SR4,4281371574,"""6917529416276280271""",favorite,Legendary,0,Scout Rifle,,KineticSlot,Kinetic,primary,10,Precision Frame,Reload Speed,2,Vault,false,false,false,4,14,,100,72,62,49,22,0,0,0,55,180,48,18,60,0,0,0,0,0,0,0,0,22,60,0,0,false,0,0,omolon,,,Precision Frame*,Arrowhead Brake*,Extended Barrel,Appended Mag*,Extended Mag,Subsistence*,Firefly*,Kill Tracker,Targeting Adjuster*,Tier 2: Reload Speed*,,,,,,,,,
Hung Jury SR4,772231794,"""6917529890185519096""",,Legendary,0,Scout Rifle,nightfall,KineticSlot,Kinetic,primary,10,Precision Frame,Reload Speed,5,Vault,false,false,false,5,19,,85,67,62,49,22,0,0,0,70,180,61,17,45,0,0,0,0,0,0,0,0,22,60,0,0,false,0,112,omolon,,,Precision Frame*,Chambered Compensator*,Extended Barrel,Tactical Mag*,Steady Rounds,Offhand Strike*,Explosive Payload*,Stunning Recovery,Vanguard's Vindication*,Omolon Fluid Dynamics,Kill Tracker,Full Auto Retrofit*,Tier 5: Reload Speed*,,,,,,
Hung Jury SR4 (Adept),2883684343,"""6917529890191455172""",favorite,Legendary,0,Scout Rifle,nightfall,KineticSlot,Kinetic,primary,10,Precision Frame,Reload Speed,4,Vault,true,false,false,6,20,,85,67,62,49,22,0,0,0,70,180,65,16,45,0,0,0,0,0,0,0,0,22,60,0,0,false,0,9,omolon,,,Precision Frame*,Chambered Compensator*,Smallbore,Appended Mag,Flared Magwell*,Rapid Hit*,Surplus,Kinetic Tremors*,Stunning Recovery*,Vanguard's Vindication,Omolon Fluid Dynamics,Kill Tracker,Tier 4: Reload Speed*,,,,,,
Ice Breaker,1111334348,"""6917530065014732834""",,Exotic,0,Sniper Rifle,dungeon,Energy,Solar,special,10,No Backpack,,,Vault,false,false,false,7,25,,64,58,100,87,35,0,0,0,48,49,0,10,50,0,0,0,0,0,0,0,0,6,0,0,0,false,0,0,,,,No Backpack*,Corkscrew Rifling*,Accurized Rounds*,Ice Breaker*,Composite Stock*,Kill Tracker,Empty Catalyst Socket*,,,,,,,,,,,,
Ignition Code,304659313,"""6917529385025272954""",favorite,Legendary,0,Grenade Launcher,servitor,KineticSlot,Kinetic,special,10,Lightweight Frame,Velocity,10,Vault,true,false,false,4,14,,100,71,0,0,13,0,82,0,38,90,64,1,74,0,0,0,0,0,0,0,0,2,64,0,0,false,0,279,,,,Lightweight Frame*,Countermass*,Linear Compensator,Disorienting Grenades*,High-Velocity Rounds,Ambitious Assassin*,Danger Zone*,Kill Tracker,Freehand Grip*,Masterworked: Velocity*,,,,,,,,,
Ignition Code,304659313,"""6917529398582511820""",keep,Legendary,0,Grenade Launcher,servitor,KineticSlot,Kinetic,special,10,Lightweight Frame,Reload Speed,1,Vault,true,false,false,4,14,,75,71,0,0,13,100,82,0,38,90,65,1,79,0,0,0,0,0,0,0,0,2,64,0,0,false,0,0,,,,Lightweight Frame*,Hard Launch,Quick Launch*,Proximity Grenades,Spike Grenades*,Slideshot*,Thresh*,Kill Tracker,Tier 1: Reload Speed*,,,,,,,,,,
Ignition Code,304659313,"""6917529404552324425""",,Legendary,0,Grenade Launcher,servitor,KineticSlot,Kinetic,special,10,Lightweight Frame,Blast Radius,1,Vault,false,false,false,4,14,,100,71,0,0,13,81,72,0,38,90,64,1,74,0,0,0,0,0,0,0,0,2,64,0,0,false,0,0,,,,Lightweight Frame*,Countermass*,Linear Compensator,Proximity Grenades*,Spike Grenades,Quickdraw*,Thresh,Demolitionist*,Kill Tracker,Tier 1: Blast Radius*,,,,,,,,,
Ignition Code,304659313,"""6917529406412769744""",,Legendary,0,Grenade Launcher,servitor,KineticSlot,Kinetic,special,10,Lightweight Frame,Velocity,4,Vault,true,false,false,4,14,,100,71,0,0,13,0,76,0,38,90,64,1,74,0,0,0,0,0,0,0,0,2,64,0,0,false,0,0,,,,Lightweight Frame*,Countermass*,Smart Drift Control,Disorienting Grenades*,Proximity Grenades,Slideshot*,One for All*,Kill Tracker,Tier 4: Velocity*,,,,,,,,,,
Ignition Code,304659313,"""6917529415649213036""",keep,Legendary,0,Grenade Launcher,servitor,KineticSlot,Kinetic,special,10,Lightweight Frame,Handling,10,Vault,false,false,false,4,14,,75,71,0,0,13,0,87,0,18,90,64,1,74,0,0,0,0,0,0,0,0,2,64,0,0,false,0,346,,,,Lightweight Frame*,Countermass,Hard Launch*,Disorienting Grenades*,Proximity Grenades,Slideshot*,Danger Zone*,Kill Tracker,Masterworked: Handling*,,,,,,,,,,
IKELOS_HC_v1.0.3,1731355324,"""6917529871233235107""",,Legendary,0,Hand Cannon,rasputin,Energy,Void,primary,10,Precision Frame,Stability,1,Vault,false,false,false,5,19,,91,75,78,42,14,0,0,0,61,180,43,13,33,0,0,0,0,0,0,0,0,39,53,0,0,false,0,0,,,,Precision Frame*,Extended Barrel,Hammer-Forged Rifling*,Tactical Mag*,Alloy Magazine,Triple Tap*,Frenzy*,Rasputin's Arsenal*,Kill Tracker,Tier 1: Stability*,,,,,,,,,
IKELOS_SG_v1.0.3,1168625549,"""6917529888325861118""",,Legendary,0,Shotgun,rasputin,Energy,Solar,special,10,Rapid-Fire Frame,Reload Speed,4,Vault,false,false,false,5,19,,69,72,65,44,12,0,0,0,32,140,45,8,29,0,0,0,0,0,0,0,0,12,60,0,0,false,0,0,,,,Rapid-Fire Frame*,Rifled Barrel*,Smallbore,Extended Mag*,Steady Rounds,Feeding Frenzy*,Surrounded*,Rasputin's Arsenal*,Kill Tracker,Tier 4: Reload Speed*,,,,,,,,,
IKELOS_SMG_v1.0.2,2222560548,"""6917529202546124659""",favorite,Legendary,0,Submachine Gun,contact,Energy,Arc,primary,10,Aggressive Frame,Range,10,Vault,false,false,false,3,11,,90,37,22,57,14,0,0,0,37,720,24,32,77,0,0,0,0,0,0,0,0,12,45,0,0,false,0,3539,,,,Aggressive Frame*,Fluted Barrel*,Smallbore,Seraph Rounds*,Steady Rounds,Pulse Monitor*,Surrounded*,Demolitionist,Kill Tracker,Masterworked: Range*,,,,,,,,,
IKELOS_SMG_v1.0.2,2222560548,"""6917529405083616530""",,Legendary,0,Submachine Gun,contact,Energy,Arc,primary,10,Aggressive Frame,Range,2,Vault,false,false,false,3,11,,90,37,22,46,14,0,0,0,35,720,24,34,62,0,0,0,0,0,0,0,0,12,45,0,0,false,0,0,,,,Aggressive Frame*,Chambered Compensator,Polygonal Rifling*,Accurized Rounds,Appended Mag*,Subsistence*,Vorpal Weapon*,Kill Tracker,Tier 2: Range*,,,,,,,,,,
IKELOS_SMG_v1.0.2,2222560548,"""6917529406148253794""",,Legendary,0,Submachine Gun,contact,Energy,Arc,primary,10,Aggressive Frame,Range,10,Vault,false,false,false,3,11,,90,37,22,61,14,0,0,0,32,720,24,34,62,0,0,0,0,0,0,0,0,12,45,0,0,false,0,0,,,,Aggressive Frame*,Full Bore,Smallbore*,Appended Mag*,Extended Mag,Subsistence*,Demolitionist*,Kill Tracker,Masterworked: Range*,,,,,,,,,,
IKELOS_SR_v1.0.2,1253087083,"""6917529206371446659""",favorite,Legendary,0,Sniper Rifle,contact,Energy,Solar,special,10,Rapid-Fire Frame,Range,3,Vault,true,false,false,3,11,,57,78,55,33,45,0,0,0,59,140,57,6,72,0,0,0,0,0,0,0,0,9,45,0,0,false,0,0,,,,Rapid-Fire Frame*,Corkscrew Rifling*,Full Bore,Extended Mag,Steady Rounds*,Fourth Time's the Charm*,Multikill Clip,High-Impact Reserves*,Kill Tracker,Targeting Adjuster*,Tier 3: Range*,,,,,,,,
Ill Omen,3794274730,"""6917530022289454430""",,Legendary,0,Sword,echoes,Power,Stasis,heavy,10,Caster Frame,Impact,1,Vault,false,false,false,7,24,,0,0,58,0,0,0,0,0,0,0,0,74,0,0,0,0,52,80,0,40,0,0,0,0,0,false,0,0,,,,Caster Frame*,Enduring Blade*,Honed Edge,Jagged Edge,Burst Guard*,Enduring Guard,Strategist*,One for All*,Radiolaria Transposer*,Kill Tracker,Tier 1: Impact*,,,,,,,,
Ill Omen,3794274730,"""6917530023343862280""",,Legendary,0,Sword,echoes,Power,Stasis,heavy,10,Caster Frame,Impact,4,Vault,false,false,false,7,24,,0,0,62,0,0,0,0,0,0,0,0,71,0,0,0,0,52,40,40,40,0,0,0,0,0,false,0,0,,,,Caster Frame*,Hungry Edge*,Enduring Blade,Tempered Edge,Balanced Guard*,Swordmaster's Guard,Unrelenting*,En Garde*,Radiolaria Transposer*,Kill Tracker,Tier 5: Impact*,,,,,,,,
Ill Omen,3794274730,"""6917530186361818490""",,Legendary,0,Sword,echoes,Power,Stasis,heavy,360,Caster Frame,Impact,2,Vault,false,false,false,7,24,,0,0,59,0,0,0,0,0,0,0,0,74,0,0,0,0,52,40,40,40,0,0,0,0,0,false,0,0,,,,Caster Frame*,Enduring Blade*,Honed Edge,Tempered Edge,Balanced Guard*,Heavy Guard,Duelist's Trance*,Cold Steel*,Radiolaria Transposer*,Kill Tracker,Tier 2: Impact*,,,,,,,,
Ill Omen,3794274730,"""6917530192841993677""",,Legendary,0,Sword,echoes,Power,Stasis,heavy,461,Caster Frame,Impact,4,Vault,false,false,false,7,24,,0,0,62,0,0,0,0,0,0,0,0,71,0,0,0,0,52,80,0,40,0,0,0,0,0,false,0,0,,,,Caster Frame*,Hungry Edge*,Enduring Blade,Tempered Edge,Burst Guard*,Heavy Guard,Duelist's Trance*,En Garde*,Radiolaria Transposer*,Kill Tracker,Tier 5: Impact*,,,,,,,,
Imperative,2045811635,"""6917529972623281324""",,Legendary,0,Scout Rifle,rivenslair,KineticSlot,Kinetic,primary,10,High-Impact Frame,Handling,1,Vault,false,false,false,6,23,,80,33,67,80,21,0,0,0,25,150,30,13,28,0,0,0,0,0,0,0,0,10,53,0,0,false,0,0,,,,High-Impact Frame*,Corkscrew Rifling*,Fluted Barrel,Accurized Rounds*,Flared Magwell,Demolitionist*,Adrenaline Junkie*,Nano-Munitions*,Kill Tracker,Tier 1: Handling*,,,,,,,,,
Imperative,2045811635,"""6917530018708673430""",,Legendary,0,Scout Rifle,rivenslair,KineticSlot,Kinetic,primary,10,High-Impact Frame,Stability,1,Vault,false,false,false,6,23,,80,33,67,80,21,0,0,0,11,150,30,15,17,0,0,0,0,0,0,0,0,10,53,0,0,false,0,0,,,,High-Impact Frame*,Full Bore*,Smallbore,Appended Mag*,Alloy Magazine,Subsistence*,Kinetic Tremors*,Nano-Munitions*,Kill Tracker,Tier 1: Stability*,,,,,,,,,
Imperial Needle,3460122497,"""6917529270567851731""",,Legendary,0,Combat Bow,battlegrounds,Energy,Void,primary,10,Lightweight Frame,Reload Speed,10,Vault,false,false,false,4,13,,52,80,68,0,19,0,0,0,57,0,70,0,83,0,567,27,0,0,0,0,0,10,60,0,0,false,0,230,,,,Lightweight Frame*,Agile Bowstring*,Flexible String,Carbon Arrow Shaft*,Natural Fletching,Quickdraw*,Opening Shot*,Kill Tracker,Quick Access Sling*,Masterworked: Reload Speed*,,,,,,,,,
Inbound Surveillance,2776506837,"""6917530187804392167""",,Legendary,3,Scout Rifle,campaign,KineticSlot,Kinetic,primary,389,High-Impact Frame,Handling,3,Vault,false,false,false,8,28,,100,34,67,66,20,0,0,0,36,150,48,18,35,0,0,0,0,0,0,0,0,15,56,0,0,false,0,0,hakke,,,High-Impact Frame*,Arrowhead Brake*,Smallbore,Tactical Mag*,Flared Magwell,Rapid Hit*,Bewildering Burst,Adhesive Ordnance*,Redirection,"Nail, Meet Hammer*",Häkke Breach Armaments,Kill Tracker,Tier 3: Handling*,,,,,,
Inbound Surveillance,2776506837,"""6917530187991842012""",,Legendary,3,Scout Rifle,campaign,KineticSlot,Kinetic,primary,401,High-Impact Frame,Range,2,Vault,false,false,false,8,28,,85,34,67,83,20,0,0,0,41,150,38,17,17,0,0,0,0,0,0,0,0,15,56,0,0,false,0,0,hakke,,,High-Impact Frame*,Chambered Compensator*,Extended Barrel,Accurized Rounds*,Appended Mag,Shoot to Loot*,Rapid Hit,Precision Instrument*,Redirection,"Nail, Meet Hammer*",Häkke Breach Armaments,Kill Tracker,Tier 2: Range*,,,,,,
Inbound Surveillance,2776506837,"""6917530188583584584""",,Legendary,3,Scout Rifle,campaign,KineticSlot,Kinetic,primary,405,High-Impact Frame,Handling,5,Vault,false,false,false,8,28,,100,34,67,81,20,0,0,0,31,150,38,17,37,0,0,0,0,0,0,0,0,15,56,0,0,false,0,0,hakke,,,High-Impact Frame*,Arrowhead Brake*,Smallbore,Accurized Rounds*,Flared Magwell,Shoot to Loot*,Rapid Hit,Frenzy*,Redirection,"Nail, Meet Hammer*",Häkke Breach Armaments,Kill Tracker,Tier 5: Handling*,,,,,,
Inbound Surveillance,2776506837,"""6917530192912241766""",,Legendary,3,Scout Rifle,campaign,KineticSlot,Kinetic,primary,468,High-Impact Frame,Handling,1,Vault,false,false,false,8,28,,75,34,67,81,20,0,0,0,21,150,18,20,18,0,0,0,0,0,0,0,0,25,56,0,0,false,0,0,hakke,,,High-Impact Frame*,Full Bore*,Smallbore,Extended Mag*,Alloy Magazine,Stopping Power*,Keep Away,Adhesive Ordnance*,Precision Instrument,"Nail, Meet Hammer*",Häkke Breach Armaments,Kill Tracker,Tier 1: Handling*,,,,,,
Inbound Surveillance,2776506837,"""6917530192939380025""",,Legendary,5,Scout Rifle,campaign,KineticSlot,Kinetic,primary,478,High-Impact Frame,Reload Speed,1,Vault,false,false,false,8,28,,75,34,67,66,20,0,0,0,37,150,39,17,38,0,0,0,0,0,0,0,0,15,56,0,0,false,0,57,hakke,,,High-Impact Frame*,Fluted Barrel*,Smallbore,Extended Mag,Alloy Magazine*,Shoot to Loot,Bewildering Burst*,Keep Away,Frenzy,Kinetic Tremors*,Redirection,"Nail, Meet Hammer*",Häkke Breach Armaments,Kill Tracker,Tier 1: Reload Speed*,Triumphant Pulse*,,,
Indebted Kindness,3381450498,"""6917529960037707617""",,Legendary,0,Sidearm,dungeon,Energy,Arc,special,10,Micro-Missile Frame,Velocity,4,Vault,true,false,false,6,23,,90,80,0,0,18,45,65,0,58,100,28,9,55,0,0,0,0,0,0,0,0,11,37,0,0,false,0,74,,,,Micro-Missile Frame*,Countermass*,Smart Drift Control,Alloy Magazine,High-Explosive Ordnance*,Beacon Rounds*,Deconstruct*,Sundering*,Kill Tracker,Tier 4: Velocity*,,,,,,,,,
Indebted Kindness,2554513694,"""6917530187814678150""",,Legendary,3,Sidearm,dungeon,Energy,Arc,special,402,Micro-Missile Frame,Blast Radius,2,Vault,false,false,false,8,28,,100,80,0,0,18,37,61,0,63,100,43,9,55,0,0,0,0,0,0,0,0,11,37,0,0,false,0,63,,,,Micro-Missile Frame*,Linear Compensator,Smart Drift Control*,Flared Magwell*,High-Explosive Ordnance,Impulse Amplifier*,Trickle Charge,Surrounded*,Rolling Storm,Sundering*,Kill Tracker,Counterbalance Stock*,Tier 2: Blast Radius*,,,,,,
Indebted Kindness,2554513694,"""6917530189676375773""",,Legendary,5,Sidearm,dungeon,Energy,Arc,special,455,Micro-Missile Frame,Blast Radius,1,Vault,false,false,false,8,28,,90,80,0,0,18,36,56,0,59,100,30,12,56,0,0,0,0,0,0,0,0,11,37,0,0,false,0,0,,,,Micro-Missile Frame*,Countermass*,Linear Compensator,Appended Mag*,Extended Mag,Deconstruct*,Danger Zone,Trickle Charge,Attrition Orbs*,Surrounded,Chain Reaction,Sundering*,Kill Tracker,Tier 1: Blast Radius*,Triumphant Pulse*,,,,
Infinite Paths 8,3176697588,"""6917530185883532625""",,Legendary,3,Pulse Rifle,mercury,Energy,Arc,primary,10,Lightweight Frame,Handling,1,Vault,false,false,false,8,28,,59,76,27,40,17,0,0,0,60,450,60,33,68,0,0,0,0,0,0,0,0,10,55,0,0,false,0,0,,,,Lightweight Frame*,Polygonal Rifling*,Smallbore,Accurized Rounds*,Steady Rounds,Moving Target*,Grave Robber,Swashbuckler*,Zen Moment,Radiolaria Transposer*,Kill Tracker,Tier 1: Handling*,,,,,,,
Infinite Paths 8,3176697588,"""6917530186059840583""",,Legendary,3,Pulse Rifle,mercury,Energy,Arc,primary,324,Lightweight Frame,Handling,1,Vault,false,false,false,8,28,,59,76,27,55,17,0,0,0,40,450,60,33,63,0,0,0,0,0,0,0,0,10,55,0,0,false,0,0,,,,Lightweight Frame*,Full Bore*,Smallbore,Accurized Rounds*,Tactical Mag,Dragonfly*,Trickle Charge,Voltshot*,Kill Clip,Radiolaria Transposer*,Kill Tracker,Tier 1: Handling*,,,,,,,
Infinite Paths 8,3176697588,"""6917530186321905011""",,Legendary,3,Pulse Rifle,mercury,Energy,Arc,primary,366,Lightweight Frame,Range,4,Vault,false,false,false,8,28,,69,76,27,44,17,0,0,0,60,450,60,33,62,0,0,0,0,0,0,0,0,10,55,0,0,false,0,0,,,,Lightweight Frame*,Chambered Compensator*,Smallbore,Accurized Rounds*,Appended Mag,Trickle Charge*,Supercharged Magazine,Swashbuckler*,Kill Clip,Radiolaria Transposer*,Kill Tracker,Tier 4: Range*,,,,,,,
Infinite Paths 8,3176697588,"""6917530187927351608""",,Legendary,3,Pulse Rifle,mercury,Energy,Arc,primary,394,Lightweight Frame,Stability,4,Vault,false,false,false,8,28,,69,76,27,30,17,0,0,0,64,450,40,42,62,0,0,0,0,0,0,0,0,20,55,0,0,false,0,0,,,,Lightweight Frame*,Chambered Compensator*,Hammer-Forged Rifling,Extended Mag*,Alloy Magazine,Dragonfly*,Grave Robber,Swashbuckler*,Voltshot,Radiolaria Transposer*,Kill Tracker,Tier 4: Stability*,,,,,,,
IRONWOOD 03,2041617874,"""6917530186171510529""",,Legendary,5,Hand Cannon,monumentoftriumph,Energy,Void,primary,359,Spread Shot,Range,4,Vault,false,false,false,8,28,,93,65,96,45,12,0,0,0,58,100,27,10,34,0,0,0,0,0,0,0,0,23,50,0,0,false,0,0,,,,Spread Shot*,Corkscrew Rifling*,Full Choke,Appended Mag*,Steady Rounds,Demolitionist*,Feeding Frenzy,Pugilist,Master of Arms*,Quickdraw,One-Two Punch,Carrion Munitions*,Kill Tracker,Tier 4: Range*,Triumphant Pulse*,,,,
IRONWOOD 03,2041617874,"""6917530186306269429""",,Legendary,4,Hand Cannon,monumentoftriumph,Energy,Void,primary,368,Spread Shot,Handling,4,Vault,false,false,false,8,28,,93,65,96,39,12,0,0,0,76,100,25,8,33,0,0,0,0,0,0,0,0,30,50,0,0,false,0,0,,,,Spread Shot*,Smallbore*,Barrel Shroud,Steady Rounds*,Flared Magwell,Demolitionist*,Repulsor Brace,Surrounded*,Quickdraw,Carrion Munitions*,Kill Tracker,Tier 4: Handling*,,,,,,,
IRONWOOD 03,2041617874,"""6917530186310228667""",,Legendary,5,Hand Cannon,monumentoftriumph,Energy,Void,primary,368,Spread Shot,Handling,1,Vault,false,false,false,8,28,,93,65,96,48,12,0,0,0,68,100,25,8,30,0,0,0,0,0,0,0,0,30,50,0,0,false,0,0,,,,Spread Shot*,Smoothbore*,Barrel Shroud,Steady Rounds*,Alloy Magazine,Threat Remover*,Pugilist,Killing Wind,Destabilizing Rounds*,Surrounded,One-Two Punch,Carrion Munitions*,Kill Tracker,Tier 1: Handling*,Triumphant Pulse*,,,,
IRONWOOD 03,2041617874,"""6917530188586062823""",,Legendary,5,Hand Cannon,monumentoftriumph,Energy,Void,primary,416,Spread Shot,Range,1,Vault,false,false,false,8,28,,93,65,96,53,12,0,0,0,52,100,7,11,29,0,0,0,0,0,0,0,0,33,50,0,0,false,0,0,,,,Spread Shot*,Smoothbore*,Smallbore,Extended Mag*,Flared Magwell,Repulsor Brace*,Feeding Frenzy,Killing Wind,Destabilizing Rounds*,Surrounded,Quickdraw,Carrion Munitions*,Kill Tracker,Tier 1: Range*,Triumphant Pulse*,,,,
Irukandji,2673925403,"""6917529974856345094""",,Legendary,0,Sniper Rifle,engram,KineticSlot,Stasis,special,10,Rapid-Fire Frame,Reload Speed,2,Vault,false,false,false,6,20,,65,70,55,43,40,0,0,0,45,140,58,6,58,0,0,0,0,0,0,0,0,3,46,0,0,false,0,0,veist,,,Rapid-Fire Frame*,Chambered Compensator*,Extended Barrel,Accurized Rounds*,Alloy Magazine,Under Pressure*,Focused Fury*,Veist Stinger*,Kill Tracker,Tier 2: Reload Speed*,,,,,,,,,
Irukandji,2673925403,"""6917529999211259562""",,Legendary,0,Sniper Rifle,engram,KineticSlot,Stasis,special,10,Rapid-Fire Frame,Reload Speed,10,Hunter(60),true,false,false,6,20,,55,70,55,48,40,0,0,0,40,140,66,6,68,0,0,0,0,0,0,0,0,3,46,0,0,false,0,0,veist,,,Rapid-Fire Frame*,Corkscrew Rifling*,Full Bore,Accurized Rounds*,Extended Mag,Fourth Time's the Charm*,Focused Fury*,Veist Stinger*,Kill Tracker,Masterworked: Reload Speed*,Erebos Glance*,,,,,,,,
Iterative Loop,1289796511,"""6917529883127839236""",,Legendary,0,Fusion Rifle,neomuna,Energy,Arc,special,10,Rapid-Fire Frame,Range,1,Vault,false,false,false,6,20,,47,34,55,34,15,0,0,0,30,0,24,8,52,533,0,0,0,0,0,0,0,8,50,0,0,false,0,16,,,,Rapid-Fire Frame*,Hammer-Forged Rifling*,Smallbore,Ionized Battery*,Particle Repeater,Killing Wind*,Demolitionist*,Nanotech Tracer Missiles*,Kill Tracker,Tier 1: Range*,,,,,,,,,
Iterative Loop,1289796511,"""6917529883579531329""",,Legendary,0,Fusion Rifle,neomuna,Energy,Arc,special,10,Rapid-Fire Frame,Reload Speed,1,Vault,false,false,false,6,20,,47,34,50,28,15,0,0,0,35,0,45,7,57,533,0,0,0,0,0,0,0,8,50,0,0,false,0,0,,,,Rapid-Fire Frame*,Corkscrew Rifling*,Extended Barrel,Accelerated Coils*,Ionized Battery,Compulsive Reloader*,Adrenaline Junkie*,Nanotech Tracer Missiles*,Kill Tracker,Tier 1: Reload Speed*,,,,,,,,,
Izanagi's Burden,3211806999,"""6917530009114190864""",,Exotic,0,Sniper Rifle,blackarmory,KineticSlot,Kinetic,special,10,Honed Edge,,,Vault,false,false,false,2,5,,83,62,70,58,45,0,0,0,56,90,40,4,47,0,0,0,0,0,0,0,0,6,60,0,0,false,0,0,,,,Honed Edge*,Chambered Compensator*,Accurized Rounds*,No Distractions*,Composite Stock*,Kill Tracker,Empty Catalyst Socket*,Ronin*,,,,,,,,,,,
Jian 7 Rifle,1162247618,"""6917529206521730623""",,Legendary,0,Pulse Rifle,engram,Energy,Arc,primary,10,Adaptive Frame,Range,1,Vault,false,false,false,3,10,,80,64,29,55,23,0,0,0,45,390,37,39,40,0,0,0,0,0,0,0,0,10,55,0,0,false,0,0,suros,,,Adaptive Frame*,SRO-52 Ocular*,SPO-26 Front,Appended Mag*,High-Caliber Rounds,Firmly Planted*,Rangefinder*,Kill Tracker,Tier 1: Range*,,,,,,,,,,
Jötunn,417164956,"""6917529202666059299""",,Exotic,0,Fusion Rifle,blackarmory,Energy,Solar,special,469,Charge Shot,,10,Vault,false,false,false,2,5,,77,67,100,47,15,0,0,0,23,0,23,5,36,833,0,0,0,0,0,0,0,8,26,0,0,false,0,50,,,,Charge Shot*,Volatile Launch*,Liquid Coils*,Shield Disorient*,Polymer Grip*,Crucible Tracker,Jötunn Catalyst*,,,,,,,,,,,,
Joxer's Longsword,2150012406,"""6917530186308148732""",,Legendary,3,Pulse Rifle,crucible,Energy,Void,primary,368,Heavy Burst,Handling,2,Vault,false,false,false,8,28,,88,43,34,84,18,0,0,0,33,324,33,20,28,0,0,0,0,0,0,0,0,19,49,0,0,false,0,0,,,,Heavy Burst*,Extended Barrel*,Hammer-Forged Rifling,Alloy Magazine*,Ricochet Rounds,Demolitionist*,Dragonfly,Desperado*,Kill Clip,Roar of Battle*,Nadir Focus,Kill Tracker,Tier 2: Handling*,,,,,,
Judgment of Kelgorath,2978226043,"""6917529869785120299""",,Legendary,0,Glaive,seasonpass,Energy,Solar,special,10,Aggressive Glaive,Shield Duration,1,Vault,false,false,false,5,19,,0,70,95,81,0,0,0,0,0,45,30,5,23,0,0,0,0,0,0,0,26,13,35,0,0,false,0,0,hakke,,,Aggressive Glaive*,Supercooled Accelerator*,Auxiliary Reserves,Alloy Magazine*,Light Mag,Pugilist*,Wellspring*,Ambush*,Häkke Breach Armaments,Kill Tracker,Tier 1: Shield Duration*,,,,,,,,
Judgment of Kelgorath,2978226043,"""6917529972575268975""",,Legendary,0,Glaive,seasonpass,Energy,Solar,special,10,Aggressive Glaive,Shield Duration,5,Vault,false,false,false,5,19,,0,70,95,91,0,0,0,0,0,45,45,5,28,0,0,0,0,0,0,0,20,13,35,0,0,false,0,0,hakke,,,Aggressive Glaive*,Ballistic Tuning*,Auxiliary Reserves,Light Mag*,Overflow*,Close to Melee*,Ambush*,Häkke Breach Armaments,Kill Tracker,Tier 5: Shield Duration*,,,,,,,,,
Jurassic Green,3103255595,"""6917529953240894783""",favorite,Legendary,0,Pulse Rifle,events,Energy,Solar,primary,10,Rapid-Fire Frame,Range,1,Vault,true,false,false,6,22,Festival of the Lost,50,76,23,48,17,0,0,0,41,540,27,36,19,0,0,0,0,0,0,0,0,15,47,0,0,false,0,0,field-forged,,,Rapid-Fire Frame*,Hammer-Forged Rifling*,Smallbore,Accurized Rounds*,Appended Mag,Heal Clip*,Golden Tricorn*,Search Party*,Field-Tested,Kill Tracker,Tier 1: Range*,,,,,,,,
Kept Confidence,1875512595,"""6917529950055755487""",,Legendary,0,Hand Cannon,seasonpass,KineticSlot,Strand,primary,10,Adaptive Frame,Stability,2,Vault,false,false,false,6,22,,100,76,84,41,14,0,0,0,73,140,40,10,55,0,0,0,0,0,0,0,0,26,55,0,0,false,0,101,,,,Adaptive Frame*,Arrowhead Brake*,Extended Barrel,Steady Rounds*,Alloy Magazine,Killing Wind*,Multikill Clip*,Head Rush*,Kill Tracker,Tier 2: Stability*,,,,,,,,,
Krait,2852052802,"""6917529677821937870""",,Legendary,0,Auto Rifle,engram,KineticSlot,Stasis,primary,10,Rapid-Fire Frame,Handling,1,Vault,true,false,false,5,16,,56,78,18,45,16,0,0,0,65,720,53,62,45,0,0,0,0,0,0,0,0,15,45,0,0,false,0,0,veist,,,Rapid-Fire Frame*,Polygonal Rifling,Smallbore*,High-Caliber Rounds*,Flared Magwell,Subsistence*,Headstone*,Veist Stinger*,Kill Tracker,Backup Mag*,Tier 1: Handling*,,,,,,,,
Krait,2852052802,"""6917529680205366163""",,Legendary,0,Auto Rifle,engram,KineticSlot,Stasis,primary,10,Rapid-Fire Frame,Range,3,Vault,true,false,false,5,16,,66,78,18,46,16,0,0,0,58,720,53,53,34,0,0,0,0,0,0,0,0,15,45,0,0,false,0,0,veist,,,Rapid-Fire Frame*,Extended Barrel*,Hammer-Forged Rifling,Alloy Magazine*,Appended Mag,Subsistence*,One for All*,Veist Stinger*,Kill Tracker,Tier 3: Range*,,,,,,,,,
Krait,2852052802,"""6917529950029326734""",,Legendary,0,Auto Rifle,engram,KineticSlot,Stasis,primary,10,Rapid-Fire Frame,Reload Speed,1,Vault,false,false,false,5,16,,56,78,18,33,16,0,0,0,73,720,69,53,44,0,0,0,0,0,0,0,0,15,45,0,0,false,0,0,veist,,,Rapid-Fire Frame*,Polygonal Rifling*,Smallbore,Flared Magwell*,Light Mag,Subsistence*,One for All*,Veist Stinger*,Kill Tracker,Tier 1: Reload Speed*,,,,,,,,,
Krait,2852052802,"""6917529957411287533""",,Legendary,0,Auto Rifle,engram,KineticSlot,Stasis,primary,10,Rapid-Fire Frame,Reload Speed,3,Vault,false,false,false,5,16,,56,78,18,43,16,0,0,0,63,720,56,53,49,0,0,0,0,0,0,0,0,15,45,0,0,false,0,0,veist,,,Rapid-Fire Frame*,Corkscrew Rifling*,Extended Barrel,Armor-Piercing Rounds*,Flared Magwell,Overflow*,Headstone*,Veist Stinger*,Kill Tracker,Tier 3: Reload Speed*,,,,,,,,,
Last Foray,1106635211,"""6917530021373541933""",,Legendary,0,Sniper Rifle,engram,Energy,Solar,special,10,Aggressive Frame,Reload Speed,4,Vault,false,false,false,6,21,,100,48,90,70,55,0,0,0,27,72,31,4,37,0,0,0,0,0,0,0,0,3,49,0,0,false,0,70,field-forged,,,Aggressive Frame*,Arrowhead Brake*,Corkscrew Rifling,Appended Mag*,Extended Mag,Field Prep*,Incandescent*,Field-Tested*,Kill Tracker,Targeting Adjuster*,Tier 4: Reload Speed*,,,,,,,,
Last Foray,1106635211,"""6917530025724457321""",,Legendary,0,Sniper Rifle,engram,Energy,Solar,special,10,Aggressive Frame,Range,3,Vault,false,false,false,6,21,,85,43,90,68,55,0,0,0,52,72,27,3,22,0,0,0,0,0,0,0,0,10,29,0,0,false,0,0,field-forged,,,Aggressive Frame*,Chambered Compensator*,Corkscrew Rifling,Steady Rounds*,Alloy Magazine,Lead from Gold*,Box Breathing*,Field-Tested*,Kill Tracker,Tier 3: Range*,,,,,,,,,
Last Foray,4118936670,"""6917530186171509659""",,Legendary,3,Sniper Rifle,engram,Energy,Solar,special,357,Aggressive Frame,Reload Speed,1,Vault,false,false,false,8,28,,75,43,90,70,55,0,0,0,32,72,28,4,42,0,0,0,0,0,0,0,0,3,29,0,0,false,0,0,field-forged,,,Aggressive Frame*,Fluted Barrel*,Polygonal Rifling,Appended Mag*,Alloy Magazine,Keep Away*,Moving Target,Bait and Switch*,Explosive Payload,Veteran's Wisdom*,Field-Tested,Kill Tracker,Tier 1: Reload Speed*,,,,,,
Last Foray,4118936670,"""6917530186173514903""",,Legendary,3,Sniper Rifle,engram,Energy,Solar,special,357,Aggressive Frame,Handling,3,Vault,false,false,false,8,28,,75,43,90,85,55,0,0,0,17,72,27,4,25,0,0,0,0,0,0,0,0,3,29,0,0,false,0,0,field-forged,,,Aggressive Frame*,Full Bore*,Hammer-Forged Rifling,Appended Mag*,Steady Rounds,Heal Clip*,Envious Assassin,Incandescent*,Explosive Payload,Veteran's Wisdom*,Field-Tested,Kill Tracker,Tier 3: Handling*,,,,,,
Last Foray,4118936670,"""6917530186183876939""",,Legendary,4,Sniper Rifle,engram,Energy,Solar,special,357,Aggressive Frame,Range,1,Vault,false,false,false,8,28,,85,43,90,83,55,0,0,0,38,72,27,3,23,0,0,0,0,0,0,0,0,3,29,0,0,false,0,0,field-forged,,,Aggressive Frame*,Chambered Compensator*,Fluted Barrel,Accurized Rounds*,Tactical Mag,Keep Away*,Envious Assassin,Incandescent*,Cascade Point,Veteran's Wisdom*,Field-Tested,Kill Tracker,Tier 1: Range*,,,,,,
Last Foray,4118936670,"""6917530188309002858""",,Legendary,3,Sniper Rifle,engram,Energy,Solar,special,405,Aggressive Frame,Range,1,Vault,false,false,false,8,28,,75,43,90,91,55,0,0,0,27,72,32,3,27,0,0,0,0,0,0,0,0,3,29,0,0,false,0,0,field-forged,,"AI v2.3 COULD DELETE — same weapon name, hash/version, and intrinsic frame as the proposed retained copy. Best legal perk combo scores 5.3 below the best copy. Retain Last Foray ID 6917530186173514903. Still review origin-trait selection, barrels, magazines, Masterwork, stats, source, build role, and personal feel before dismantling.",Aggressive Frame*,Hammer-Forged Rifling*,Polygonal Rifling,Accurized Rounds*,Tactical Mag,Quickdraw*,Moving Target,Incandescent*,Bait and Switch,Veteran's Wisdom*,Field-Tested,Kill Tracker,Tier 1: Range*,,,,,,
Last Rite,3708636616,"""6917530188603137884""",,Legendary,3,Scout Rifle,monumentoftriumph,KineticSlot,Kinetic,primary,420,Aggressive Frame,Reload Speed,1,Vault,false,false,false,8,28,,78,51,100,55,18,0,0,0,32,120,32,17,53,0,0,0,0,0,0,0,0,23,54,0,0,false,0,0,tex-mechanica,,,Aggressive Frame*,Corkscrew Rifling*,Full Bore,Extended Mag*,Alloy Magazine,Keep Away*,Hip-Fire Grip,Focused Fury*,Offhand Strike,Vanguard Determination*,Tex Balanced Stock,Kill Tracker,Tier 1: Reload Speed*,,,,,,
Last Rite,3708636616,"""6917530188855491436""",,Legendary,3,Scout Rifle,monumentoftriumph,KineticSlot,Kinetic,primary,429,Aggressive Frame,Stability,1,Vault,false,false,false,8,28,,78,51,100,55,18,0,0,0,33,120,51,16,53,0,0,0,0,0,0,0,0,13,54,0,0,false,0,0,tex-mechanica,,,Aggressive Frame*,Corkscrew Rifling*,Full Bore,Appended Mag*,Alloy Magazine,Keep Away*,Stopping Power,Opening Shot*,Explosive Payload,Vanguard Determination*,Tex Balanced Stock,Kill Tracker,Tier 1: Stability*,,,,,,
Last Rite,3708636616,"""6917530188865056811""",,Legendary,3,Scout Rifle,monumentoftriumph,KineticSlot,Kinetic,primary,430,Aggressive Frame,Stability,1,Vault,false,false,false,8,28,,88,51,100,50,18,0,0,0,38,120,51,16,43,0,0,0,0,0,0,0,0,13,54,0,0,false,0,0,tex-mechanica,,,Aggressive Frame*,Chambered Compensator*,Hammer-Forged Rifling,Appended Mag*,Tactical Mag,Keep Away*,Hip-Fire Grip,Focused Fury*,Firefly,Vanguard Determination*,Tex Balanced Stock,Kill Tracker,Tier 1: Stability*,,,,,,
Last Thursday,3813721211,"""6917530186023645692""",,Legendary,1,Pulse Rifle,kepler,KineticSlot,Strand,primary,304,Adaptive Frame,Reload Speed,3,Vault,false,false,false,8,27,,60,65,29,54,17,0,0,0,52,390,41,34,42,0,0,0,0,0,0,0,0,22,57,0,0,false,0,0,,,,Adaptive Frame*,Hammer-Forged Rifling*,Polygonal Rifling,Alloy Magazine*,Appended Mag,Strategist*,Slice*,Exhaustive Research*,Kill Tracker,Tier 3: Reload Speed*,,,,,,,,,
Last Thursday,3813721211,"""6917530186061892322""",,Legendary,2,Pulse Rifle,kepler,KineticSlot,Strand,primary,344,Adaptive Frame,Range,1,Vault,false,false,false,8,27,,90,65,29,45,17,0,0,0,52,390,18,43,52,0,0,0,0,0,0,0,0,32,57,0,0,false,0,0,,,,Adaptive Frame*,Arrowhead Brake*,Hammer-Forged Rifling,Extended Mag*,Alloy Magazine,Transcendent Moment*,Dragonfly*,Exhaustive Research*,Kill Tracker,Tier 1: Range*,,,,,,,,,
Last Thursday,3813721211,"""6917530186075185571""",,Legendary,2,Pulse Rifle,kepler,KineticSlot,Strand,primary,353,Adaptive Frame,Handling,1,Vault,false,false,false,8,27,,70,65,29,59,17,0,0,0,62,390,38,34,33,0,0,0,0,0,0,0,0,22,57,0,0,false,0,0,,,,Adaptive Frame*,Extended Barrel*,Smallbore,Ricochet Rounds*,Flared Magwell,Strategist*,Elemental Honing*,Exhaustive Research*,Kill Tracker,Tier 1: Handling*,,,,,,,,,
Le Monarque,3588934839,"""6917529896064502133""",,Exotic,0,Combat Bow,blackarmory,Energy,Void,primary,10,Poison Arrows,,,Vault,false,false,false,2,5,,78,70,68,0,18,0,0,0,51,0,50,0,69,0,600,78,0,0,0,0,0,18,56,0,0,false,0,32,,,,Poison Arrows*,Natural String*,Compact Arrow Shaft*,Snapshot Sights*,Kill Tracker,Empty Catalyst Socket*,,,,,,,,,,,,,
Legal Action II,3409645497,"""6917529892816979049""",,Legendary,0,Pulse Rifle,engram,KineticSlot,Kinetic,primary,10,High-Impact Frame,Range,1,Vault,true,false,false,4,15,,100,32,33,63,22,0,0,0,48,340,33,34,34,0,0,0,0,0,0,0,0,10,47,0,0,false,0,0,cassoid,,,High-Impact Frame*,Arrowhead Brake*,Chambered Compensator,Appended Mag*,Steady Rounds,Surplus*,Wellspring*,Kill Tracker,Tier 1: Range*,,,,,,,,,,
Legal Action II,3409645497,"""6917529895484965892""",,Legendary,0,Pulse Rifle,engram,KineticSlot,Kinetic,primary,10,High-Impact Frame,Handling,2,Vault,true,false,false,4,15,,80,32,33,62,22,0,0,0,58,340,33,34,21,0,0,0,0,0,0,0,0,10,47,0,0,false,0,0,cassoid,,,High-Impact Frame*,Chambered Compensator*,Corkscrew Rifling,Appended Mag*,Tactical Mag,Heating Up*,Adrenaline Junkie*,Kill Tracker,Tier 2: Handling*,,,,,,,,,,
Legato-11,3753063346,"""6917530087031892326""",,Legendary,0,Shotgun,engram,Energy,Solar,special,10,Pinpoint Slug Frame,Range,2,Vault,false,false,false,7,25,,55,33,70,67,12,0,0,0,65,70,48,6,83,0,0,0,0,0,0,0,0,3,38,0,0,false,0,0,suros,,,Pinpoint Slug Frame*,Fluted Barrel*,Full Bore,Assault Mag*,Steady Rounds,Heal Clip*,Cascade Point*,Suros Synergy*,Kill Tracker,Tier 2: Range*,,,,,,,,,
Lethophobia,3710082365,"""6917529961019308672""",,Legendary,0,Combat Bow,rivenslair,Energy,Void,primary,10,Lightweight Frame,Handling,1,Vault,false,false,false,6,23,,52,77,68,0,18,0,0,0,51,0,60,0,68,0,500,28,0,0,0,0,0,16,63,0,0,false,0,0,,,,Lightweight Frame*,Elastic String*,Fiberglass Arrow Shaft*,Repulsor Brace*,Golden Tricorn*,Dragon's Vengeance*,Kill Tracker,Tier 1: Handling*,,,,,,,,,,,
Lethophobia,3710082365,"""6917529971500362282""",,Legendary,0,Combat Bow,rivenslair,Energy,Void,primary,10,Lightweight Frame,Stability,1,Vault,false,false,false,6,23,,52,77,68,0,18,0,0,0,47,0,60,0,62,0,600,53,0,0,0,0,0,16,63,0,0,false,0,10,,,,Lightweight Frame*,High Tension String*,Polymer String,Fiberglass Arrow Shaft*,Helical Fletching,Steady Hands*,Explosive Head*,Dragon's Vengeance*,Kill Tracker,Tier 1: Stability*,,,,,,,,,
Lethophobia,3710082365,"""6917529975880454186""",,Legendary,0,Combat Bow,rivenslair,Energy,Void,primary,10,Lightweight Frame,Accuracy,1,Vault,false,false,false,6,23,,52,77,68,0,18,0,0,0,66,0,60,0,77,0,567,29,0,0,0,0,0,16,63,0,0,false,0,0,,,"AI v2.3 COULD DELETE — same weapon name, hash/version, and intrinsic frame as the proposed retained copy. Best legal perk combo scores 3.3 below the best copy. Retain Lethophobia ID 6917529961019308672. Still review origin-trait selection, barrels, magazines, Masterwork, stats, source, build role, and personal feel before dismantling.",Lightweight Frame*,Agile Bowstring*,Polymer String,Helical Fletching*,Natural Fletching,Slickdraw*,Golden Tricorn*,Dragon's Vengeance*,Kill Tracker,Tier 1: Target Acquisition*,,,,,,,,,
Lethophobia,3710082365,"""6917529975892226241""",,Legendary,0,Combat Bow,rivenslair,Energy,Void,primary,10,Lightweight Frame,Accuracy,5,Vault,false,false,false,6,23,,52,77,68,0,18,0,0,0,61,0,60,0,62,0,567,48,0,0,0,0,0,16,63,0,0,false,0,0,,,,Lightweight Frame*,Tactile String*,Flexible String,Fiberglass Arrow Shaft*,Natural Fletching,Successful Warm-Up*,Golden Tricorn*,Dragon's Vengeance*,Kill Tracker,Tier 5: Target Acquisition*,,,,,,,,,
Leviathan's Breath,2591746970,"""6917529270817089246""",,Exotic,0,Combat Bow,,Power,Void,heavy,10,Big-Game Hunter,,,Vault,false,false,false,3,8,,75,66,60,0,20,0,0,0,5,0,0,0,0,0,1328,84,0,0,0,0,0,17,0,0,0,false,0,0,,,,Big-Game Hunter*,Chain Bowstring*,Fiberglass Arrow Shaft*,Leviathan's Sigh*,Kill Tracker,Empty Catalyst Socket*,,,,,,,,,,,,,
Likely Suspect,1994645182,"""6917529680215982993""",,Legendary,0,Fusion Rifle,throneworld,Energy,Void,special,10,Rapid-Fire Frame,Reload Speed,3,Vault,true,false,false,5,16,,65,32,55,28,15,0,0,0,41,0,49,7,48,533,0,0,0,0,0,0,0,4,52,0,0,false,0,0,,,,Rapid-Fire Frame*,Chambered Compensator,Hammer-Forged Rifling*,Enhanced Battery,Particle Repeater*,Heating Up*,Successful Warm-Up*,Psychohack*,Kill Tracker,Counterbalance Stock*,Tier 3: Reload Speed*,,,,,,,,
Likely Suspect,1994645182,"""6917529692845002013""",favorite,Legendary,0,Fusion Rifle,throneworld,Energy,Void,special,10,Rapid-Fire Frame,,,Titan(10),false,false,false,5,16,,65,32,55,33,15,0,0,0,36,0,46,7,53,533,0,0,0,0,0,0,0,4,52,0,0,crafted,18,1312,,00001:Void,,Rapid-Fire Frame*,Corkscrew Rifling*,Projection Fuse*,Stats for All*,Wellspring*,Psychohack*,Kill Tracker,Counterbalance Stock*,,,,,,,,,,,
Line in the Sand,2450049485,"""6917530027763346980""",,Legendary,0,Linear Fusion Rifle,echoes,Power,Arc,heavy,10,Precision Frame,Stability,1,Vault,false,false,false,7,24,,93,60,38,29,25,0,0,0,43,0,23,6,36,533,0,0,0,0,0,0,0,6,28,0,0,false,0,0,,,,Precision Frame*,Arrowhead Brake*,Hammer-Forged Rifling,Accelerated Coils*,Projection Fuse,Demolitionist*,Reservoir Burst*,Cast No Shadows*,Kill Tracker,Tier 1: Stability*,,,,,,,,,
Lingering Dread,2026087437,"""6917529877049015513""",favorite,Legendary,0,Grenade Launcher,,KineticSlot,Stasis,special,10,Lightweight Frame,Handling,10,Titan(10),true,false,false,5,17,,63,75,0,0,13,0,83,0,24,90,70,1,95,0,0,0,0,0,0,0,0,3,66,0,0,false,0,151,,,,Lightweight Frame*,Volatile Launch,Quick Launch*,Disorienting Grenades*,Spike Grenades,Auto-Loading Holster*,Demolitionist*,Bitterspite*,Kill Tracker,Masterworked: Handling*,New Age Black Armory*,,,,,,,,
Lingering Dread,2026087437,"""6917529879556456956""",,Legendary,0,Grenade Launcher,,KineticSlot,Stasis,special,10,Lightweight Frame,Blast Radius,1,Vault,true,false,false,5,17,,93,75,0,0,13,81,73,0,34,90,70,1,80,0,0,0,0,0,0,0,0,3,66,0,0,false,0,0,,,,Lightweight Frame*,Countermass*,Quick Launch,Proximity Grenades*,Spike Grenades,Unrelenting*,Chill Clip*,Bitterspite*,Kill Tracker,Tier 1: Blast Radius*,,,,,,,,,
Lingering Dread,2026087437,"""6917529956483228512""",,Legendary,0,Grenade Launcher,,KineticSlot,Stasis,special,10,Lightweight Frame,Velocity,2,Vault,false,false,false,5,17,,63,75,0,0,13,0,80,0,29,90,70,1,70,0,0,0,0,0,0,0,0,3,66,0,0,false,0,0,,,,Lightweight Frame*,Linear Compensator*,Smart Drift Control,Disorienting Grenades*,Spike Grenades,Well-Rounded*,Multikill Clip*,Bitterspite*,Kill Tracker,Freehand Grip*,Tier 2: Velocity*,,,,,,,,
Lionfish-4fr,2423071981,"""6917530187766771579""",,Legendary,5,Fusion Rifle,pinnacleops,KineticSlot,Stasis,special,400,Rapid-Fire Frame,Handling,1,Hunter(60),false,false,false,8,27,,64,36,60,21,15,0,0,0,44,0,46,7,52,533,0,0,0,0,0,0,0,7,52,0,0,false,0,0,veist,,,Rapid-Fire Frame*,Chambered Compensator*,Corkscrew Rifling,Liquid Coils*,Projection Fuse,Rimestealer*,Transcendent Moment,Reconstruction,Chill Clip*,Reservoir Burst,Elemental Honing,Problem Solver*,Vanguard Determination,Veist Stinger,Kill Tracker,Tier 1: Handling*,Achronal Lionfish-4fr*,Sparks Everlasting*,
Liturgy,3377522331,"""6917530187798317188""",,Legendary,3,Grenade Launcher,monumentoftriumph,KineticSlot,Stasis,special,389,Double Fire,Blast Radius,4,Vault,false,false,false,8,28,,58,63,0,0,13,0,45,0,32,120,42,5,39,0,0,0,0,0,0,0,0,11,29,0,0,false,0,0,,,,Double Fire*,Hard Launch*,Smart Drift Control,Disorienting Grenades*,Implosion Rounds,Rimestealer*,Quickdraw,Desperate Measures*,One for All,Dark Ether Reaper*,Kill Tracker,Tier 4: Blast Radius*,,,,,,,
Liturgy,3377522331,"""6917530187925283758""",,Legendary,3,Grenade Launcher,monumentoftriumph,KineticSlot,Stasis,special,395,Double Fire,Blast Radius,1,Vault,false,false,false,8,28,,58,63,0,0,13,46,45,0,42,120,42,5,39,0,0,0,0,0,0,0,0,11,39,0,0,false,0,0,,,,Double Fire*,Hard Launch*,Smart Drift Control,Spike Grenades*,High-Velocity Rounds,Envious Arsenal*,Surplus,Lead from Gold*,Desperate Measures,Dark Ether Reaper*,Kill Tracker,Tier 1: Blast Radius*,,,,,,,
Liturgy,3377522331,"""6917530187929334844""",,Legendary,3,Grenade Launcher,monumentoftriumph,KineticSlot,Stasis,special,394,Double Fire,Blast Radius,2,Vault,false,false,false,8,28,,58,63,0,0,13,0,25,0,42,120,42,5,34,0,0,0,0,0,0,0,0,11,29,0,0,false,0,0,,,,Double Fire*,Volatile Launch*,Confined Launch,Disorienting Grenades*,Proximity Grenades,Rimestealer*,Slideways,Chain Reaction*,Desperate Measures,Dark Ether Reaper*,Kill Tracker,Tier 2: Blast Radius*,,,,,,,
Live Fire,3612142623,"""6917530064728883074""",,Legendary,0,Scout Rifle,engram,KineticSlot,Stasis,primary,10,Precision Frame,Handling,3,Vault,false,false,false,7,25,,54,65,62,55,25,0,0,0,57,180,40,15,49,0,0,0,0,0,0,0,0,20,49,0,0,false,0,0,field-forged,,,Precision Frame*,Hammer-Forged Rifling*,Smallbore,Alloy Magazine*,Armor-Piercing Rounds,Rapid Hit*,Rampage*,Field-Tested*,Kill Tracker,Tier 3: Handling*,,,,,,,,,
Live Fire,3612142623,"""6917530071951324141""",,Legendary,0,Scout Rifle,engram,KineticSlot,Stasis,primary,10,Precision Frame,Stability,5,Vault,false,false,false,7,25,,54,65,62,60,25,0,0,0,72,180,40,15,46,0,0,0,0,0,0,0,0,20,69,0,0,false,0,0,field-forged,,,Precision Frame*,Hammer-Forged Rifling*,Smallbore,Ricochet Rounds*,Flared Magwell,Air Trigger*,Headstone*,Field-Tested*,Kill Tracker,Tier 5: Stability*,,,,,,,,,
Loaded Question,580961571,"""6917529091756856209""",favorite,Legendary,0,Fusion Rifle,pinnacle-weapon,Energy,Arc,special,10,High-Impact Frame,Stability,10,Vault,true,false,false,2,5,,77,66,95,58,17,0,0,0,35,0,0,8,35,967,0,0,0,0,0,0,0,4,30,0,0,false,0,17593,fotc,,,High-Impact Frame*,Red Dot 2 MOA*,Ionized Battery*,Auto-Loading Holster*,Reservoir Burst*,Kill Tracker,Masterworked: Stability*,Powerful Statement*,,,,,,,,,,,
Locus Locutus,4132072834,"""6917530018705549109""",,Legendary,0,Sniper Rifle,seasonpass,KineticSlot,Stasis,special,10,Adaptive Frame,Reload Speed,2,Vault,true,false,false,6,22,,93,61,70,48,40,0,0,0,49,90,54,5,52,0,0,0,0,0,0,0,0,4,43,0,0,false,0,0,,,,Adaptive Frame*,Arrowhead Brake*,Full Bore,Tactical Mag*,Flared Magwell,Surplus*,Opening Shot*,Head Rush*,Kill Tracker,Tier 2: Reload Speed*,,,,,,,,,
Lodestar,3725585710,"""6917530186059834495""",,Exotic,0,Trace Rifle,seasonpass,Energy,Arc,primary,334,Starlight Beam,,,Vault,false,false,false,7,26,,95,90,6,76,17,0,0,0,95,1000,65,75,78,0,0,0,0,0,0,0,0,29,52,0,0,false,0,0,,,,Starlight Beam*,Fluted Barrel*,Phase Converter*,Arc Alignment*,Composite Stock*,Kill Tracker,Empty Catalyst Socket*,,,,,,,,,,,,
Lonesome,2199171672,"""6917529202660629357""",,Legendary,0,Sidearm,gambitprime,KineticSlot,Kinetic,primary,10,Precision Frame,Handling,1,Vault,true,false,false,2,6,,100,86,51,63,12,0,0,0,42,260,21,12,44,0,0,0,0,0,0,0,0,12,39,0,0,false,0,0,,,,Precision Frame*,Arrowhead Brake*,Extended Barrel,High-Caliber Rounds*,Flared Magwell,Full Auto Trigger System*,Demolitionist*,Multikill Clip,Kill Tracker,Tier 1: Handling*,,,,,,,,,
Long Shadow,3745990145,"""6917529378079685827""",favorite,Legendary,0,Sniper Rifle,strikes,KineticSlot,Kinetic,special,10,Adaptive Frame,Handling,3,Vault,true,false,false,2,4,,47,59,70,49,51,0,0,0,47,90,50,5,56,0,0,0,0,0,0,0,0,2,32,0,0,false,0,2,hakke,,,Adaptive Frame*,ATB Long Range,ATA Scout*,Drop Mag,Tactical Mag*,Snapshot Sights*,Triple Tap*,Kill Tracker,Tier 3: Handling*,,,,,,,,,,
Lord of Wolves,3413860063,"""6917529273252801658""",,Exotic,0,Shotgun,,Energy,Solar,special,10,Shrapnel Launcher,"Stability, Reload Speed",10,Vault,false,false,false,2,4,,90,80,68,20,12,0,0,0,74,640,100,6,40,0,0,0,0,0,0,0,0,14,100,0,0,false,0,0,,,,Shrapnel Launcher*,Chambered Compensator*,Extended Mag*,Release the Wolves*,Composite Stock*,Kill Tracker,Lord of Wolves Catalyst*,,,,,,,,,,,,
Lost Signal,1197771438,"""6917530019468648133""",,Legendary,0,Grenade Launcher,echoes,KineticSlot,Stasis,special,10,Area Denial Frame,Blast Radius,3,Vault,false,false,false,7,24,,79,69,0,0,13,98,97,0,11,72,75,1,66,0,0,0,0,0,0,0,0,3,63,0,0,false,0,0,,,,Area Denial Frame*,Hard Launch*,Smart Drift Control,High-Velocity Rounds*,Implosion Rounds,Quickdraw*,Vorpal Weapon*,Radiolaria Transposer*,Kill Tracker,Freehand Grip*,Tier 3: Blast Radius*,,,,,,,,
Lost Signal,1197771438,"""6917530023346441512""",,Legendary,0,Grenade Launcher,echoes,KineticSlot,Stasis,special,10,Area Denial Frame,Blast Radius,2,Vault,false,false,false,7,24,,79,69,0,0,13,97,97,0,11,72,75,1,66,0,0,0,0,0,0,0,0,3,63,0,0,false,0,0,,,,Area Denial Frame*,Hard Launch*,Smart Drift Control,High-Velocity Rounds*,Implosion Rounds,Threat Detector*,High Ground*,Radiolaria Transposer*,Kill Tracker,Radar Tuner*,Tier 2: Blast Radius*,,,,,,,,
Lost Signal,1197771438,"""6917530025781410329""",,Legendary,0,Grenade Launcher,echoes,KineticSlot,Stasis,special,10,Area Denial Frame,Blast Radius,2,Vault,false,false,false,7,24,,79,69,0,0,13,100,77,0,21,72,75,1,61,0,0,0,0,0,0,0,0,3,63,0,0,false,0,0,,,,Area Denial Frame*,Volatile Launch*,Countermass,High-Velocity Rounds*,Implosion Rounds,Threat Detector*,Vorpal Weapon*,Radiolaria Transposer*,Kill Tracker,Tier 2: Blast Radius*,,,,,,,,,
Lotus-Eater,924095500,"""6917530189367384858""",,Legendary,1,Sidearm,monumentoftriumph,Energy,Void,special,422,Micro-Missile Frame,Reload Speed,2,Vault,false,false,false,8,28,,100,69,0,0,18,36,34,0,62,100,72,12,57,0,0,0,0,0,0,0,0,30,42,0,0,false,0,0,,,,Micro-Missile Frame*,Countermass*,Hard Launch,Flared Magwell*,High-Explosive Ordnance,Repulsor Brace*,Surrounded*,Problem Solver*,Vanguard Determination,Kill Tracker,Tier 2: Reload Speed*,,,,,,,,
Lotus-Eater,924095500,"""6917530189379572458""",,Legendary,5,Sidearm,monumentoftriumph,Energy,Void,special,438,Micro-Missile Frame,Velocity,4,Vault,false,false,false,8,28,,89,69,0,0,18,47,29,0,62,100,57,15,47,0,0,0,0,0,0,0,0,30,42,0,0,false,0,0,,,,Micro-Missile Frame*,Confined Launch*,Countermass,Appended Mag*,Implosion Rounds,Reconstruction*,Repulsor Brace,Light Touch,Collective Action*,Withering Gaze,Cascade Point,Problem Solver*,Vanguard Determination,Kill Tracker,Tier 4: Velocity*,Triumphant Pulse*,,,
Loud Lullaby,868076517,"""6917530186020047288""",,Legendary,5,Hand Cannon,monumentoftriumph,KineticSlot,Stasis,primary,303,Aggressive Frame,Reload Speed,4,Vault,false,false,false,8,28,,98,65,92,64,14,0,0,0,33,120,29,10,33,0,0,0,0,0,0,0,0,10,48,0,0,false,0,0,,,,Aggressive Frame*,Corkscrew Rifling*,Fluted Barrel,Appended Mag*,Alloy Magazine,Rapid Hit*,Headstone,Shoot to Loot,Crystalline Corpsebloom*,Swashbuckler,Desperate Measures,Loss*,Kill Tracker,Tier 4: Reload Speed*,Triumphant Pulse*,,,,
Lumina,3512014804,"""6917529895766498400""",,Exotic,0,Hand Cannon,,KineticSlot,Kinetic,primary,411,Noble Rounds,,,Vault,false,false,false,2,7,,100,88,84,70,14,0,0,0,65,140,61,12,76,0,0,0,0,0,0,0,0,27,58,0,0,false,0,0,,,,Noble Rounds*,Chambered Compensator*,Accurized Rounds*,Blessing of the Sky*,Polymer Grip*,Kill Tracker,Empty Catalyst Socket*,,,,,,,,,,,,
Luna's Howl,2763843899,"""6917530018804971317""",,Legendary,0,Hand Cannon,brave,Energy,Solar,primary,10,Precision Frame,Handling,3,Vault,false,false,false,6,23,,95,79,84,51,14,0,0,0,72,140,54,10,53,0,0,0,0,0,0,0,0,45,60,0,0,false,0,0,fotc,,,Precision Frame*,Corkscrew Rifling*,Hammer-Forged Rifling,Ricochet Rounds*,Light Mag,Subsistence*,Opening Shot*,Indomitability*,Kill Tracker,Tier 3: Handling*,,,,,,,,,
Luna's Howl,3757612024,"""6917530018807810317""",,Legendary,0,Hand Cannon,brave,Energy,Solar,primary,10,Precision Frame,Handling,10,Vault,false,false,true,6,23,,95,84,84,53,14,0,0,0,74,140,54,10,55,0,0,0,0,0,0,0,0,45,60,0,0,false,0,0,fotc,,,Precision Frame*,Smallbore*,Ricochet Rounds*,Eye of the Storm*,Magnificent Howl*,Indomitability*,Kill Tracker,Targeting Adjuster*,Masterworked: Handling*,BRAVE Luna's Howl*,,,,,,,,,
Lunulata-4b,2513965917,"""6917529808272635372""",,Legendary,0,Combat Bow,engram,KineticSlot,Stasis,primary,10,Lightweight Frame,Accuracy,10,Vault,false,false,false,5,17,,49,82,68,0,18,0,0,0,69,0,60,0,72,0,567,45,0,0,0,0,0,7,64,0,0,false,0,1,veist,,,Lightweight Frame*,Natural String*,Polymer String,Carbon Arrow Shaft,Helical Fletching*,Shoot to Loot*,Successful Warm-Up*,Veist Stinger*,Kill Tracker,Masterworked: Target Acquisition*,,,,,,,,,
Lunulata-4b,2513965917,"""6917529895146037197""",,Legendary,0,Combat Bow,engram,KineticSlot,Stasis,primary,10,Lightweight Frame,Stability,3,Vault,true,false,false,5,17,,49,82,68,0,18,0,0,0,77,0,60,0,67,0,567,35,0,0,0,0,0,7,64,0,0,false,0,0,veist,,,Lightweight Frame*,Tactile String*,Natural String,Helical Fletching*,Natural Fletching,Steady Hands*,Adrenaline Junkie*,Veist Stinger*,Kill Tracker,Tier 3: Stability*,,,,,,,,,
Lunulata-4b,2513965917,"""6917529957189347154""",,Legendary,0,Combat Bow,engram,KineticSlot,Stasis,primary,10,Lightweight Frame,Accuracy,1,Vault,false,false,false,5,17,,49,82,68,0,18,0,0,0,74,0,60,0,72,0,500,11,0,0,0,0,0,7,64,0,0,false,0,0,veist,,,Lightweight Frame*,Elastic String*,Natural String,Natural Fletching*,Straight Fletching,Ensemble*,Headstone*,Veist Stinger*,Kill Tracker,Tier 1: Target Acquisition*,,,,,,,,,
"M-17 ""Fast Talker""",1419158093,"""6917530187841230296""",,Legendary,2,Submachine Gun,renegades,KineticSlot,Stasis,primary,410,Balanced Heat Weapon,Handling,2,Vault,false,false,false,8,28,,85,56,15,42,15,0,0,0,44,900,42,0,68,0,0,0,0,0,0,0,0,18,69,18,25,false,0,0,,,,Balanced Heat Weapon*,Hammer-Forged Rifling*,Smallbore,Accelerated Heatsink*,Overclocked Heatsink,Demolitionist*,Crystalline Corpsebloom*,Air-Cooled Core*,Kill Tracker,Tier 2: Handling*,,,,,,,,,
Maahes HC4,1246793994,"""6917530021673963136""",,Legendary,0,Hand Cannon,engram,Energy,Void,primary,10,Heavy Burst,Stability,1,Vault,false,false,false,7,24,,96,59,92,65,14,0,0,0,27,257,25,16,39,0,0,0,0,0,0,0,0,15,50,0,0,false,0,0,omolon,,,Heavy Burst*,Fluted Barrel*,Smallbore,Accurized Rounds*,Appended Mag,Unrelenting*,Frenzy*,Omolon Fluid Dynamics*,Kill Tracker,Tier 1: Stability*,,,,,,,,,
Maahes HC4,1246793994,"""6917530022231228339""",,Legendary,0,Hand Cannon,engram,Energy,Void,primary,10,Heavy Burst,Handling,1,Vault,false,false,false,7,24,,96,59,92,65,14,0,0,0,26,257,25,16,20,0,0,0,0,0,0,0,0,22,50,0,0,false,0,0,omolon,,,Heavy Burst*,Full Bore*,Hammer-Forged Rifling,Steady Rounds*,Flared Magwell,Repulsor Brace*,Swashbuckler*,Omolon Fluid Dynamics*,Kill Tracker,Tier 1: Handling*,,,,,,,,,
Maahes HC4,1246793994,"""6917530023332929262""",,Legendary,0,Hand Cannon,engram,Energy,Void,primary,10,Heavy Burst,Range,1,Vault,false,false,false,7,24,,96,59,92,71,14,0,0,0,16,257,35,18,19,0,0,0,0,0,0,0,0,15,50,0,0,false,0,0,omolon,,,Heavy Burst*,Full Bore*,Smallbore,Tactical Mag*,Flared Magwell,Rapid Hit*,Dragonfly*,Omolon Fluid Dynamics*,Kill Tracker,Tier 1: Range*,,,,,,,,,
Main Ingredient,4046741099,"""6917530186348533164""",,Legendary,1,Fusion Rifle,monumentoftriumph,Energy,Arc,special,373,Precision Frame,Charge Time,1,Vault,false,false,false,8,28,,100,45,75,59,15,0,0,0,35,0,24,5,41,797,0,0,0,0,0,0,0,4,40,0,0,false,0,0,,,,Precision Frame*,Arrowhead Brake*,Corkscrew Rifling,Accelerated Coils*,Particle Repeater,Firmly Planted*,Tap the Trigger*,Vanguard Determination*,Nadir Focus,Kill Tracker,Tier 1: Charge Time*,,,,,,,,
Main Ingredient,4046741099,"""6917530186354400958""",,Legendary,1,Fusion Rifle,monumentoftriumph,Energy,Arc,special,373,Precision Frame,Charge Time,2,Vault,false,false,false,8,28,,73,45,80,64,15,0,0,0,40,0,24,6,36,793,0,0,0,0,0,0,0,4,40,0,0,false,0,0,,,,Precision Frame*,Corkscrew Rifling*,Hammer-Forged Rifling,Enhanced Battery*,Liquid Coils,Snapshot Sights*,Tap the Trigger*,Vanguard Determination*,Nadir Focus,Kill Tracker,Tier 2: Charge Time*,,,,,,,,
Main Ingredient,4046741099,"""6917530187984282561""",,Legendary,3,Fusion Rifle,monumentoftriumph,Energy,Arc,special,400,Precision Frame,Charge Time,5,Vault,false,false,false,8,28,,100,45,75,59,15,0,0,0,35,0,24,5,41,784,0,0,0,0,0,0,0,4,40,0,0,false,0,0,,,,Precision Frame*,Arrowhead Brake*,Smallbore,Accelerated Coils*,Enhanced Battery,Under Pressure*,Snapshot Sights,High-Impact Reserves*,Gear Shift,Vanguard Determination*,Nadir Focus,Kill Tracker,Tier 5: Charge Time*,,,,,,
Main Ingredient,4046741099,"""6917530188609846187""",,Legendary,1,Fusion Rifle,monumentoftriumph,Energy,Arc,special,411,Precision Frame,Handling,3,Vault,false,false,false,8,28,,83,45,75,69,15,0,0,0,35,0,24,5,24,800,0,0,0,0,0,0,0,4,40,0,0,false,0,0,,,,Precision Frame*,Extended Barrel*,Hammer-Forged Rifling,Accelerated Coils*,Ionized Battery,Firmly Planted*,High-Impact Reserves*,Vanguard Determination*,Nadir Focus,Kill Tracker,Tier 3: Handling*,,,,,,,,
Main Ingredient,4046741099,"""6917530189096849885""",,Legendary,4,Fusion Rifle,monumentoftriumph,Energy,Arc,special,432,Precision Frame,Range,1,Vault,false,false,false,8,28,,73,45,80,72,15,0,0,0,35,0,26,6,31,800,0,0,0,0,0,0,0,4,40,0,0,false,0,0,,,,Precision Frame*,Hammer-Forged Rifling*,Smallbore,Enhanced Battery*,Projection Fuse,Under Pressure*,Moving Target,Voltshot*,Gear Shift,Vanguard Determination*,Nadir Focus,Kill Tracker,Tier 1: Range*,,,,,,
Main Ingredient,4046741099,"""6917530189642669576""",,Legendary,2,Fusion Rifle,monumentoftriumph,Energy,Arc,special,438,Precision Frame,Handling,1,Vault,false,false,false,8,28,,73,45,80,59,15,0,0,0,45,0,24,6,37,800,0,0,0,0,0,0,0,4,40,0,0,false,0,0,,,"AI v2.3 COULD DELETE — same weapon name, hash/version, and intrinsic frame as the proposed retained copy. All legal main-trait combinations are covered by the retained copy. Stat utility difference +1.8; stat-option quality +0.0. Retain Main Ingredient ID 6917530191290366809. Still review origin-trait selection, barrels, magazines, Masterwork, stats, source, build role, and personal feel before dismantling.",Precision Frame*,Polygonal Rifling*,Smallbore,Enhanced Battery*,Particle Repeater,Lead from Gold*,Rangefinder*,Vanguard Determination*,Nadir Focus,Kill Tracker,Tier 1: Handling*,,,,,,,,
Main Ingredient,4046741099,"""6917530190050130430""",,Legendary,4,Fusion Rifle,monumentoftriumph,Energy,Arc,special,460,Precision Frame,Stability,1,Vault,false,false,false,8,28,,100,45,80,59,15,0,0,0,36,0,6,7,43,800,0,0,0,0,0,0,0,4,40,0,0,false,0,0,,,,Precision Frame*,Arrowhead Brake*,Full Bore,Ionized Battery*,Liquid Coils,Feeding Frenzy*,Trickle Charge,Perfect Float*,Reservoir Burst,Vanguard Determination*,Nadir Focus,Kill Tracker,Tier 1: Stability*,,,,,,
Main Ingredient,4046741099,"""6917530191249135951""",,Legendary,3,Fusion Rifle,monumentoftriumph,Energy,Arc,special,447,Precision Frame,Reload Speed,1,Vault,false,false,false,8,28,,73,45,80,59,15,0,0,0,40,0,25,6,46,800,0,0,0,0,0,0,0,4,40,0,0,false,0,0,,,,Precision Frame*,Fluted Barrel*,Smallbore,Enhanced Battery*,Particle Repeater,Firmly Planted*,Lead from Gold,Tap the Trigger*,Gear Shift,Vanguard Determination*,Nadir Focus,Kill Tracker,Tier 1: Reload Speed*,,,,,,
Main Ingredient,4046741099,"""6917530191290366809""",,Legendary,4,Fusion Rifle,monumentoftriumph,Energy,Arc,special,463,Precision Frame,Range,2,Vault,false,false,false,8,28,,100,45,75,61,15,0,0,0,35,0,26,5,43,800,0,0,0,0,0,0,0,4,40,0,0,false,0,0,,,,Precision Frame*,Arrowhead Brake*,Extended Barrel,Accelerated Coils*,Projection Fuse,Lead from Gold*,Trickle Charge,Tap the Trigger*,Rangefinder,Vanguard Determination*,Nadir Focus,Kill Tracker,Tier 2: Range*,,,,,,
Main Ingredient,4046741099,"""6917530191293705318""",,Legendary,3,Fusion Rifle,monumentoftriumph,Energy,Arc,special,462,Precision Frame,Charge Time,4,Vault,false,false,false,8,28,,73,45,80,69,15,0,0,0,35,0,4,7,31,787,0,0,0,0,0,0,0,4,40,0,0,false,0,0,,,,Precision Frame*,Hammer-Forged Rifling*,Smallbore,Ionized Battery*,Liquid Coils,Under Pressure*,Lead from Gold,High-Impact Reserves*,Rangefinder,Vanguard Determination*,Nadir Focus,Kill Tracker,Tier 4: Charge Time*,,,,,,
Main Ingredient,4046741099,"""6917530191318324477""",,Legendary,4,Fusion Rifle,monumentoftriumph,Energy,Arc,special,467,Precision Frame,Charge Time,3,Vault,false,false,false,8,28,,73,45,80,65,15,0,0,0,46,0,26,6,36,790,0,0,0,0,0,0,0,4,40,0,0,false,0,0,,,,Precision Frame*,Corkscrew Rifling*,Extended Barrel,Enhanced Battery*,Projection Fuse,Snapshot Sights*,Feeding Frenzy,Perfect Float*,Gear Shift,Vanguard Determination*,Nadir Focus,Kill Tracker,Tier 3: Charge Time*,,,,,,
Malediction,979721268,"""6917530188607723558""",,Legendary,3,Hand Cannon,monumentoftriumph,KineticSlot,Kinetic,primary,423,Aggressive Frame,Range,3,Vault,false,false,false,8,28,,100,65,92,64,14,0,0,0,39,120,8,11,27,0,0,0,0,0,0,0,0,30,60,0,0,false,0,0,,,,Aggressive Frame*,Chambered Compensator*,Extended Barrel,Extended Mag*,Flared Magwell,Discord*,Moving Target,Redirection*,Eye of the Storm,Vanguard Determination*,Wild Card,Kill Tracker,Tier 3: Range*,,,,,,
Malfeasance,204878059,"""6917529210556193353""",,Exotic,0,Hand Cannon,exoticquest,KineticSlot,Kinetic,primary,10,Explosive Shadow,,,Vault,false,false,false,2,4,,98,50,78,45,14,0,0,0,95,180,60,14,24,0,0,0,0,0,0,0,0,63,57,0,0,false,0,0,,,,Explosive Shadow*,Corkscrew Rifling*,Extended Mag*,Taken Predator*,Heavy Grip*,Kill Tracker,Empty Catalyst Socket*,,,,,,,,,,,,
Marcato-45,4233375372,"""6917529970982048243""",,Legendary,0,Machine Gun,engram,Power,Strand,heavy,10,Adaptive Frame,Range,2,Vault,false,false,false,6,23,,100,65,41,57,16,0,0,0,44,450,49,48,67,0,0,0,0,0,0,0,0,11,60,0,0,false,0,0,suros,,,Adaptive Frame*,Arrowhead Brake*,Extended Barrel,Accurized Rounds*,Appended Mag,Slice*,Hatchling*,Suros Synergy*,Kill Tracker,Tier 2: Range*,,,,,,,,,
Marcato-45,4233375372,"""6917529972540775201""",,Legendary,0,Machine Gun,engram,Power,Strand,heavy,10,Adaptive Frame,Reload Speed,3,Vault,true,false,false,6,23,,100,65,41,45,16,0,0,0,49,450,65,62,67,0,0,0,0,0,0,0,0,11,60,0,0,false,0,0,suros,,,Adaptive Frame*,Arrowhead Brake*,Polygonal Rifling,Alloy Magazine,Flared Magwell*,Demolitionist*,Onslaught*,Suros Synergy*,Kill Tracker,Backup Mag*,Tier 3: Reload Speed*,,,,,,,,
Marcato-45,4233375372,"""6917529994816178932""",,Legendary,0,Machine Gun,engram,Power,Strand,heavy,10,Adaptive Frame,Stability,1,Vault,false,false,false,6,23,,80,65,41,70,16,0,0,0,35,450,49,48,52,0,0,0,0,0,0,0,0,11,60,0,0,false,0,0,suros,,,Adaptive Frame*,Full Bore*,Hammer-Forged Rifling,Accurized Rounds*,Alloy Magazine,Slice*,Surrounded*,Suros Synergy*,Kill Tracker,Tier 1: Stability*,,,,,,,,,
Marcato-45,4233375372,"""6917530022227302580""",,Legendary,0,Machine Gun,engram,Power,Strand,heavy,10,Adaptive Frame,Stability,3,Vault,false,false,false,6,23,,80,65,41,50,16,0,0,0,52,450,49,57,62,0,0,0,0,0,0,0,0,11,60,0,0,false,0,0,suros,,,Adaptive Frame*,Corkscrew Rifling*,Polygonal Rifling,Appended Mag*,Tactical Mag,Attrition Orbs*,Under-Over*,Suros Synergy*,Kill Tracker,Tier 3: Stability*,,,,,,,,,
Marcato-45,4233375372,"""6917530064716810577""",,Legendary,0,Machine Gun,engram,Power,Strand,heavy,10,Adaptive Frame,Handling,3,Vault,false,false,false,6,23,,80,65,41,50,16,0,0,0,49,450,49,48,65,0,0,0,0,0,0,0,0,11,60,0,0,false,0,0,suros,,"AI v2.3 COULD DELETE — same weapon name, hash/version, and intrinsic frame as the proposed retained copy. Best legal perk combo scores 4.1 below the best copy. Retain Marcato-45 ID 6917529972540775201. Still review origin-trait selection, barrels, magazines, Masterwork, stats, source, build role, and personal feel before dismantling.",Adaptive Frame*,Corkscrew Rifling*,Smallbore,Alloy Magazine*,Flared Magwell,Steady Hands*,Adagio*,Suros Synergy*,Kill Tracker,Tier 3: Handling*,,,,,,,,,
Marcato-45,4233375372,"""6917530065014741329""",,Legendary,0,Machine Gun,engram,Power,Strand,heavy,10,Adaptive Frame,Range,1,Vault,false,false,false,6,23,,80,65,41,71,16,0,0,0,34,450,49,48,52,0,0,0,0,0,0,0,0,11,60,0,0,false,0,0,suros,,,Adaptive Frame*,Full Bore*,Polygonal Rifling,Accurized Rounds*,Flared Magwell,Slice*,Golden Tricorn*,Suros Synergy*,Kill Tracker,Tier 1: Range*,,,,,,,,,
Marsilion-C,867154247,"""6917529906188488978""",favorite,Legendary,0,Grenade Launcher,engram,Power,Solar,heavy,479,Rapid-Fire Frame,Reload Speed,10,Warlock(482),false,false,false,6,20,,78,30,0,0,13,20,62,0,10,150,62,7,36,0,0,0,0,0,0,0,0,11,30,0,0,false,0,1097,hakke,"00002:Support,Vanguard",,Rapid-Fire Frame*,Quick Launch*,Smart Drift Control,Proximity Grenades,Alloy Casing*,Envious Assassin*,Incandescent*,Häkke Breach Armaments*,Kill Tracker,Backup Mag*,Masterworked: Reload Speed*,,,,,,,,
Matador 64,2563012876,"""6917529681425790640""",,Legendary,0,Shotgun,,Energy,Arc,special,10,Precision Frame,Stability,1,Vault,false,false,false,4,15,,77,65,70,70,12,0,0,0,69,70,48,5,48,0,0,0,0,0,0,0,0,2,45,0,0,false,0,27,,,,Precision Frame*,Smoothbore,Corkscrew Rifling*,Assault Mag*,Extended Mag,Pulse Monitor*,Swashbuckler*,Kill Tracker,Tier 1: Stability*,,,,,,,,,,
Matador 64,1518956169,"""6917530189666828926""",,Legendary,5,Shotgun,30th,Energy,Arc,special,453,Precision Frame,Handling,2,Vault,false,false,false,8,28,,77,65,70,73,12,0,0,0,72,70,48,5,45,0,0,0,0,0,0,0,0,2,45,0,0,false,0,0,,,,Precision Frame*,Smallbore*,Barrel Shroud,Assault Mag*,Extended Mag,Lone Wolf*,Light Touch,Supercharged Magazine,Closing Time*,Opening Shot,One-Two Punch,Unburied Treasure*,Kill Tracker,Tier 2: Handling*,Triumphant Pulse*,,,,
Mechabre,3871226707,"""6917529950029322824""",,Legendary,0,Sniper Rifle,events,Energy,Arc,special,10,Aggressive Frame,Stability,1,Vault,false,false,false,6,22,Festival of the Lost,87,41,90,94,45,0,0,0,29,72,30,3,16,0,0,0,0,0,0,0,0,5,45,0,0,false,0,0,,,,Aggressive Frame*,Extended Barrel*,Smallbore,Accurized Rounds*,Tactical Mag,Snapshot Sights*,Voltshot*,Search Party*,Kill Tracker,Tier 1: Stability*,,,,,,,,,
Memory Interdict,3165547384,"""6917529387704033256""",favorite,Legendary,0,Grenade Launcher,engram,Power,Void,heavy,10,Adaptive Frame,Handling,1,Vault,false,false,false,4,14,,71,58,0,0,13,65,33,0,38,120,52,5,38,0,0,0,0,0,0,0,0,6,23,0,0,false,0,0,omolon,,,Adaptive Frame*,Volatile Launch*,Hard Launch,High-Velocity Rounds*,Sticky Grenades,Auto-Loading Holster*,Chain Reaction*,Kill Tracker,Tier 1: Handling*,,,,,,,,,,
Memory Interdict,3165547384,"""6917529957563448647""",,Legendary,0,Grenade Launcher,engram,Power,Void,heavy,10,Adaptive Frame,Handling,1,Vault,false,false,false,4,14,,100,58,0,0,13,30,28,0,48,120,42,5,53,0,0,0,0,0,0,0,0,6,23,0,0,false,0,0,omolon,,,Adaptive Frame*,Countermass*,Linear Compensator,Proximity Grenades*,Alloy Casing,Impulse Amplifier*,Unrelenting*,Kill Tracker,Tier 1: Handling*,,,,,,,,,,
Memory Interdict,3165547384,"""6917530186361820773""",,Legendary,0,Grenade Launcher,engram,Power,Void,heavy,360,Adaptive Frame,Blast Radius,2,Vault,false,false,false,4,14,,71,58,0,0,13,47,23,0,38,120,42,5,37,0,0,0,0,0,0,0,0,6,23,0,0,false,0,0,omolon,,,Adaptive Frame*,Volatile Launch*,Confined Launch,Proximity Grenades*,Augmented Drum,Clown Cartridge*,Elemental Capacitor*,Kill Tracker,Tier 2: Blast Radius*,,,,,,,,,,
Merciless,4190156464,"""6917529969474174547""",,Exotic,0,Fusion Rifle,,Energy,Solar,special,10,Conserve Momentum,"Stability, Range",10,Vault,false,false,false,1,1,,94,69,75,79,15,0,0,0,92,0,23,8,31,1000,0,0,0,0,0,0,0,25,55,0,0,false,0,0,,,,Conserve Momentum*,Chambered Compensator*,Extended Mag*,Impetus*,Fitted Stock*,Kill Tracker,Merciless Catalyst*,,,,,,,,,,,,
MIDA Macro-Tool,2699423382,"""6917530188844344836""",,Legendary,4,Shotgun,crucible,Energy,Arc,special,415,MIDA Synergy,Stability,5,Vault,false,false,false,8,27,,76,71,70,70,12,0,0,0,47,65,44,6,22,0,0,0,0,0,0,0,0,3,44,0,0,false,0,0,,,,MIDA Synergy*,Rifled Barrel*,Corkscrew Rifling,Appended Mag*,Light Mag,Threat Detector*,Discord,Opening Shot*,One-Two Punch,Roar of Battle*,Kill Tracker,Tier 5: Stability*,,,,,,,
MIDA Macro-Tool,2699423382,"""6917530188847020151""",,Legendary,4,Shotgun,crucible,Energy,Arc,special,415,MIDA Synergy,Range,1,Vault,false,false,false,8,27,,76,71,70,73,12,0,0,0,58,65,42,5,36,0,0,0,0,0,0,0,0,10,44,0,0,false,0,0,,,,MIDA Synergy*,Smoothbore*,Barrel Shroud,Steady Rounds*,Light Mag,Discord*,Grave Robber,Rolling Storm*,Trench Barrel,Roar of Battle*,Kill Tracker,Tier 1: Range*,,,,,,,
MIDA Macro-Tool,2699423382,"""6917530188847020930""",,Legendary,4,Shotgun,crucible,Energy,Arc,special,415,MIDA Synergy,Stability,2,Vault,false,false,false,8,27,,76,71,70,70,12,0,0,0,60,70,42,5,22,0,0,0,0,0,0,0,0,3,44,0,0,false,0,0,,,,MIDA Synergy*,Rifled Barrel*,Smallbore,Assault Mag*,Accurized Rounds,Threat Detector*,Envious Assassin,Master of Arms*,Trench Barrel,Roar of Battle*,Kill Tracker,Tier 2: Stability*,,,,,,,
MIDA Mini-Tool,3089417788,"""6917529332463946197""",,Legendary,0,Submachine Gun,edz,Energy,Solar,primary,10,MIDA Synergy,Stability,1,Vault,false,false,false,1,1,,80,49,15,30,14,0,0,0,55,900,31,42,80,0,0,0,0,0,0,0,0,28,70,0,0,false,0,0,,,,MIDA Synergy*,Fluted Barrel*,Alloy Magazine*,Hip-Fire Grip*,Kill Clip*,Kill Tracker,Tier 1: Stability*,,,,,,,,,,,,
MIDA Multi-Tool,1331482397,"""6917529895769417988""",,Exotic,0,Scout Rifle,,KineticSlot,Kinetic,primary,10,MIDA Multi-Tool,,10,Vault,false,false,false,1,1,,80,100,60,45,20,0,0,0,45,200,80,16,85,0,0,0,0,0,0,0,0,25,60,0,0,false,0,0,,,,MIDA Multi-Tool*,Corkscrew Rifling*,High-Caliber Rounds*,MIDA Software Package*,Hand-Laid Stock*,Kill Tracker,,,,,,,,,,,,,
Midnight Coup,2499720827,"""6917530018804962450""",,Legendary,0,Hand Cannon,brave,KineticSlot,Kinetic,primary,10,Adaptive Frame,Stability,10,Titan(10),false,false,true,6,23,,80,90,84,57,14,0,0,0,62,140,56,12,60,0,0,0,0,0,0,0,0,24,60,0,0,false,0,0,,,,Adaptive Frame*,Smallbore*,Accurized Rounds*,Outlaw*,Kinetic Tremors*,Indomitability*,Kill Tracker,Masterworked: Stability*,BRAVE Midnight Coup*,,,,,,,,,,
Mindbender's Ambition,1586231351,"""6917529893188856887""",,Legendary,0,Shotgun,nightfall,Energy,Solar,special,10,Aggressive Frame,Handling,1,Vault,false,false,false,6,20,,69,39,80,39,12,0,0,0,44,60,39,6,17,0,0,0,0,0,0,0,0,4,40,0,0,false,0,0,,,,Aggressive Frame*,Rifled Barrel*,Smallbore,Assault Mag*,Tactical Mag,Surplus*,Vorpal Weapon*,Stunning Recovery*,Vanguard's Vindication,Kill Tracker,Backup Mag*,Tier 1: Handling*,,,,,,,
Monody-44,3201200906,"""6917530189095339941""",,Legendary,3,Fusion Rifle,monumentoftriumph,Energy,Void,special,400,High-Impact Frame,Handling,2,Vault,false,false,false,8,28,,85,59,100,58,15,0,0,0,24,0,15,5,11,967,0,0,0,0,0,0,0,8,20,0,0,false,0,0,suros,,,High-Impact Frame*,Extended Barrel*,Smallbore,Liquid Coils*,Projection Fuse,Discord*,Subsistence,Controlled Burst*,Withering Gaze,Suros Synergy*,Kill Tracker,Tier 2: Handling*,,,,,,,
Monte Carlo,4068264807,"""6917529895769417215""",favorite,Exotic,0,Auto Rifle,,KineticSlot,Kinetic,primary,455,Monte Carlo Method,,,Vault,false,false,false,3,8,,80,50,21,50,15,0,0,0,65,600,79,41,80,0,0,0,0,0,0,0,0,29,52,0,0,false,0,123,,,,Monte Carlo Method*,Fluted Barrel*,High-Caliber Rounds*,Markov Chain*,Composite Stock*,Kill Tracker,Empty Catalyst Socket*,,,,,,,,,,,,
Naeem's Lance,4119503981,"""6917530188046196922""",,Legendary,3,Sniper Rifle,dungeon,KineticSlot,Strand,special,413,Rapid-Fire Frame,Range,1,Vault,false,false,false,8,28,,54,76,55,52,37,0,0,0,35,140,65,7,55,0,0,0,0,0,0,0,0,4,55,0,0,false,0,0,,,,Rapid-Fire Frame*,Full Bore*,Hammer-Forged Rifling,Tactical Mag*,Alloy Magazine,Deconstruct*,Reconstruction,Opening Shot*,Cascade Point,Sundering*,Kill Tracker,Tier 1: Range*,,,,,,,
Nameless Midnight,1957301533,"""6917530186411260479""",,Legendary,3,Scout Rifle,monumentoftriumph,KineticSlot,Kinetic,primary,394,Precision Frame,Range,4,Vault,false,false,false,8,28,,79,62,62,54,20,0,0,0,38,180,44,18,41,0,0,0,0,0,0,0,0,10,46,0,0,false,0,0,,,,Precision Frame*,Hammer-Forged Rifling*,Polygonal Rifling,Appended Mag*,Extended Mag,Outlaw*,Fourth Time's the Charm,Kinetic Tremors*,All-Star,Vanguard Determination*,Nadir Focus,Kill Tracker,Tier 4: Range*,,,,,,
Nameless Midnight,1957301533,"""6917530187987994092""",,Legendary,3,Scout Rifle,monumentoftriumph,KineticSlot,Kinetic,primary,413,Precision Frame,Reload Speed,1,Vault,false,false,false,8,28,,89,62,62,40,20,0,0,0,48,180,45,18,36,0,0,0,0,0,0,0,0,10,46,0,0,false,0,0,,,,Precision Frame*,Chambered Compensator*,Polygonal Rifling,Appended Mag*,Extended Mag,Outlaw*,Rapid Hit,Kill Clip*,Feeding Frenzy,Vanguard Determination*,Nadir Focus,Kill Tracker,Tier 1: Reload Speed*,,,,,,
Nameless Midnight,1957301533,"""6917530191326326160""",,Legendary,5,Scout Rifle,monumentoftriumph,KineticSlot,Kinetic,primary,468,Precision Frame,Stability,4,Vault,false,false,false,8,28,,79,62,62,57,20,0,0,0,42,180,46,18,41,0,0,0,0,0,0,0,0,10,46,0,0,false,0,0,,,,Precision Frame*,Hammer-Forged Rifling*,Polygonal Rifling,Appended Mag*,Tactical Mag,Shoot to Loot*,Fourth Time's the Charm,Rapid Hit,Kinetic Tremors*,Kill Clip,Explosive Payload,Vanguard Determination*,Nadir Focus,Kill Tracker,Tier 4: Stability*,Triumphant Pulse*,,,
Nameless Midnight,1957301533,"""6917530191397279346""",,Legendary,3,Scout Rifle,monumentoftriumph,KineticSlot,Kinetic,primary,458,Precision Frame,Reload Speed,4,Vault,false,false,false,8,28,,79,62,62,55,20,0,0,0,33,180,48,18,36,0,0,0,0,0,0,0,0,10,46,0,0,false,0,0,,,,Precision Frame*,Full Bore*,Polygonal Rifling,Appended Mag*,Alloy Magazine,Zen Moment*,Rapid Hit,Kinetic Tremors*,Explosive Payload,Vanguard Determination*,Nadir Focus,Kill Tracker,Tier 4: Reload Speed*,,,,,,
Nameless Midnight,3470514298,"""6917530192863626703""",,Legendary,4,Scout Rifle,,KineticSlot,Kinetic,primary,478,Precision Frame,Stability,10,Vault,false,false,false,8,28,,79,62,62,61,20,0,0,0,52,180,30,19,45,0,0,0,0,0,0,0,0,20,46,0,0,false,0,0,,,,Precision Frame*,Hammer-Forged Rifling*,Polygonal Rifling,Extended Mag*,Steady Rounds,Shoot to Loot*,Rapid Hit,Kill Clip*,Feeding Frenzy,Accelerated Assault*,Vanguard Determination,Nadir Focus,Kill Tracker,Masterworked: Stability*,,,,,
Nameless Midnight,3470514298,"""6917530192892255788""",,Legendary,5,Scout Rifle,,KineticSlot,Kinetic,primary,481,Precision Frame,Range,10,Vault,false,false,false,8,28,,100,62,62,56,20,0,0,0,59,180,49,16,58,0,0,0,0,0,0,0,0,17,46,0,0,false,0,2,,,,Precision Frame*,Arrowhead Brake*,Extended Barrel,Extended Mag,Steady Rounds*,Shoot to Loot*,Fourth Time's the Charm,No Distractions,Kinetic Tremors*,Feeding Frenzy,All-Star,Accelerated Assault*,Vanguard Determination,Nadir Focus,Kill Tracker,Masterworked: Range*,Triumphant Pulse*,,
Nasreddin,1979417829,"""6917530186173516397""",favorite,Legendary,5,Sword,engram,Power,Arc,heavy,356,Lightweight Frame,Impact,3,Warlock(482),true,false,false,8,28,,0,0,61,0,0,0,0,0,0,0,0,88,0,0,0,0,20,41,43,80,0,0,0,0,0,false,0,0,field-forged,,,Lightweight Frame*,Hungry Edge*,Enduring Blade,Tempered Edge,Balanced Guard*,Burst Guard,Flash Counter*,Sharp Harvest,Duelist's Trance,Eager Edge*,Jolting Feedback,One for All,Veteran's Wisdom*,Field-Tested,Kill Tracker,Tier 3: Impact*,Triumphant Pulse*,,
Nasreddin,1979417829,"""6917530189360828666""",,Legendary,5,Sword,engram,Power,Arc,heavy,422,Lightweight Frame,Impact,1,Vault,false,false,false,8,28,,0,0,60,0,0,0,0,0,0,0,0,88,0,0,0,0,20,0,94,80,0,0,0,0,0,false,0,0,field-forged,,,Lightweight Frame*,Hungry Edge*,Enduring Blade,Jagged Edge,Enduring Guard*,Heavy Guard,Flash Counter*,Wellspring,Tireless Blade,Whirlwind Blade*,Rolling Storm,Jolting Feedback,Veteran's Wisdom*,Field-Tested,Kill Tracker,Tier 1: Impact*,Triumphant Pulse*,,
Nation of Beasts,654370424,"""6917529093754875133""",favorite,Legendary,0,Hand Cannon,lastwish,Energy,Arc,primary,10,Adaptive Frame,Reload Speed,10,Vault,true,false,false,2,4,,95,71,84,47,14,0,0,0,64,140,55,10,42,0,0,0,0,0,0,0,0,10,51,0,0,false,0,85,,,,Adaptive Frame*,Chambered Compensator,Extended Barrel,Smallbore*,Extended Mag,Alloy Magazine*,Outlaw*,Rampage*,Kill Tracker,Masterworked: Reload Speed*,,,,,,,,,
Nation of Beasts,654370424,"""6917529098642571331""",favorite,Legendary,0,Hand Cannon,lastwish,Energy,Arc,primary,10,Adaptive Frame,Reload Speed,10,Vault,false,false,false,2,4,,100,71,84,40,14,0,0,0,57,140,85,13,52,0,0,0,0,0,0,0,0,10,51,0,0,false,0,0,,,,Adaptive Frame*,Arrowhead Brake*,Chambered Compensator,Extended Barrel,Accurized Rounds,Drop Mag*,Zen Moment*,Explosive Payload*,Kill Tracker,Backup Mag*,Masterworked: Reload Speed*,,,,,,,,
Nation of Beasts,70083888,"""6917529981900284799""",,Legendary,0,Hand Cannon,lastwish,Energy,Arc,primary,10,Adaptive Frame,Reload Speed,2,Vault,false,false,false,6,21,,100,71,84,60,14,0,0,0,57,140,47,10,32,0,0,0,0,0,0,0,0,10,51,0,0,false,0,0,,,,Adaptive Frame*,Extended Barrel*,Full Bore,Accurized Rounds*,Extended Mag,Eddy Current*,Harmony*,Explosive Pact*,Kill Tracker,Tier 2: Reload Speed*,,,,,,,,,
Nation of Beasts,70083888,"""6917529981907014023""",,Legendary,0,Hand Cannon,lastwish,Energy,Arc,primary,10,Adaptive Frame,Stability,2,Vault,false,false,false,6,21,,100,71,84,50,14,0,0,0,59,140,45,10,52,0,0,0,0,0,0,0,0,10,51,0,0,false,0,0,,,,Adaptive Frame*,Arrowhead Brake*,Full Bore,Accurized Rounds*,Steady Rounds,Keep Away*,Collective Action*,Explosive Pact*,Kill Tracker,Tier 2: Stability*,,,,,,,,,
Nature of the Beast,1835747805,"""6917529397608344968""",,Legendary,0,Hand Cannon,engram,Energy,Arc,primary,10,Precision Frame,Handling,4,Vault,false,false,false,3,11,,80,81,78,43,14,0,0,0,66,180,25,13,54,0,0,0,0,0,0,0,0,35,57,0,0,false,0,0,suros,,,Precision Frame*,Fastdraw HCS*,Crossfire HCS,Accurized Rounds*,Tactical Mag,Subsistence*,Vorpal Weapon*,Kill Tracker,Tier 4: Handling*,,,,,,,,,,
Neoptolemus II,2848549302,"""6917530063402085060""",,Legendary,0,Combat Bow,engram,KineticSlot,Kinetic,primary,10,Precision Frame,Draw Time,3,Vault,false,false,false,7,25,,69,68,76,0,20,0,0,0,44,0,45,0,77,0,657,65,0,0,0,0,0,20,54,0,0,false,0,0,cassoid,,,Precision Frame*,Agile Bowstring*,High Tension String,Compact Arrow Shaft*,Straight Fletching,Strategist*,Vorpal Weapon*,Wild Card*,Kill Tracker,Tier 3: Draw Time*,,,,,,,,,
Neoptolemus II,2848549302,"""6917530071964450524""",,Legendary,0,Combat Bow,engram,KineticSlot,Kinetic,primary,10,Precision Frame,Reload Speed,2,Vault,false,false,false,7,25,,69,68,76,0,20,0,0,0,49,0,37,0,57,0,600,55,0,0,0,0,0,20,54,0,0,false,0,0,cassoid,,"AI v2.3 COULD DELETE — same weapon name, hash/version, and intrinsic frame as the proposed retained copy. Best legal perk combo scores 3.0 below the best copy. Retain Neoptolemus II ID 6917530063402085060. Still review origin-trait selection, barrels, magazines, Masterwork, stats, source, build role, and personal feel before dismantling.",Precision Frame*,Elastic String*,Flexible String,Carbon Arrow Shaft*,Natural Fletching,To the Pain*,Wellspring*,Wild Card*,Kill Tracker,Tier 2: Reload Speed*,,,,,,,,,
Neoptolemus II,2848549302,"""6917530087030190465""",,Legendary,0,Combat Bow,engram,KineticSlot,Kinetic,primary,10,Precision Frame,Handling,1,Vault,false,false,false,7,25,,69,68,76,0,20,0,0,0,59,0,35,0,53,0,667,70,0,0,0,0,0,20,54,0,0,false,0,0,cassoid,,,Precision Frame*,Tactile String*,Polymer String,Carbon Arrow Shaft*,Straight Fletching,Pugilist*,Tunnel Vision*,Wild Card*,Kill Tracker,Tier 1: Handling*,,,,,,,,,
Nessa's Oblation,135029084,"""6917529892811983044""",favorite,Legendary,0,Shotgun,rootofnightmares,Energy,Void,special,456,Pinpoint Slug Frame,Range,10,Warlock(482),true,false,false,6,20,,59,48,70,80,12,0,0,0,59,65,59,7,69,0,0,0,0,0,0,0,0,5,49,0,0,false,0,40,,,,Pinpoint Slug Frame*,Polygonal Rifling,Smallbore*,Tactical Mag*,Steady Rounds,Envious Assassin*,Frenzy*,Harmonic Resonance*,Kill Tracker,Masterworked: Range*,,,,,,,,,
Nessa's Oblation,135029084,"""6917529892811986372""",,Legendary,0,Shotgun,rootofnightmares,Energy,Void,special,10,Pinpoint Slug Frame,Handling,1,Vault,false,false,false,6,20,,89,48,70,58,12,0,0,0,62,65,49,6,80,0,0,0,0,0,0,0,0,12,49,0,0,false,0,0,,,,Pinpoint Slug Frame*,Arrowhead Brake*,Extended Barrel,Steady Rounds*,Accurized Rounds,Envious Assassin*,Focused Fury*,Harmonic Resonance*,Kill Tracker,Tier 1: Handling*,,,,,,,,,
Nessa's Oblation,135029084,"""6917529893083753372""",,Legendary,0,Shotgun,rootofnightmares,Energy,Void,special,10,Pinpoint Slug Frame,Handling,5,Vault,false,false,false,6,20,,69,48,70,83,12,0,0,0,47,65,49,6,64,0,0,0,0,0,0,0,0,5,49,0,0,false,0,0,,,,Pinpoint Slug Frame*,Extended Barrel*,Smallbore,Accurized Rounds*,Light Mag,Compulsive Reloader*,Harmony*,Harmonic Resonance*,Kill Tracker,Tier 5: Handling*,,,,,,,,,
New Land Beyond,2581676735,"""6917530185883534734""",,Exotic,0,Sniper Rifle,deluxe,KineticSlot,Kinetic,special,400,The Master,,10,Hunter(60),false,false,false,7,26,,80,69,90,87,25,0,0,0,38,72,21,4,74,0,0,0,0,0,0,0,0,1,54,0,0,false,0,375,field-forged,,,The Master*,Horizon Ironsights*,Accurized Rounds*,Bullseye Bolster*,Snapshot Sights*,Short-Action Stock*,Kill Tracker,New Land Beyond Catalyst*,,,,,,,,,,,
New Malpais,1736135946,"""6917530186059836581""",,Exotic,0,Pulse Rifle,seasonpass,KineticSlot,Strand,special,334,Atomizing Rounds,,,Vault,false,false,false,8,27,,80,74,23,38,17,0,0,0,57,320,66,36,36,0,0,0,0,0,0,0,0,20,24,0,0,false,0,0,,,,Atomizing Rounds*,Hammer-Forged Rifling*,Tactical Mag*,Suspending Blast*,Fitted Stock*,Kill Tracker,Empty Catalyst Socket*,,,,,,,,,,,,
New Pacific Epitaph,1125217994,"""6917529905043500437""",,Legendary,0,Grenade Launcher,dungeon,KineticSlot,Stasis,special,10,Wave Frame,Reload Speed,1,Vault,false,false,false,6,21,,70,76,0,0,13,50,93,0,26,72,82,1,86,0,0,0,0,0,0,0,0,4,70,0,0,false,0,0,,,,Wave Frame*,Volatile Launch,Quick Launch*,High-Velocity Rounds*,Implosion Rounds,Lead from Gold*,Adrenaline Junkie*,Restoration Ritual*,Kill Tracker,Radar Tuner*,Tier 1: Reload Speed*,,,,,,,,
New Pacific Epitaph,1125217994,"""6917529972949764091""",,Legendary,0,Grenade Launcher,dungeon,KineticSlot,Stasis,special,10,Wave Frame,Handling,7,Vault,false,false,false,6,21,,70,76,0,0,13,45,98,0,16,72,81,1,78,0,0,0,0,0,0,0,0,4,70,0,0,false,0,562,,,,Wave Frame*,Hard Launch*,Quick Launch,High-Velocity Rounds*,Implosion Rounds,Unrelenting*,Kill Clip*,Restoration Ritual*,Kill Tracker,Tier 7: Handling*,,,,,,,,,
Nezarec's Whisper,254636484,"""6917529902882648531""",,Legendary,0,Glaive,haunted,Energy,Arc,special,10,Adaptive Glaive,,,Vault,false,false,false,5,17,,0,55,80,45,0,0,0,0,0,55,20,7,57,0,0,0,0,0,0,0,42,9,50,0,0,false,0,4,,,,Adaptive Glaive*,Tempered Truss Rod*,Low-Impedance Windings,Appended Mag*,Light Mag,Tilting at Windmills*,Adrenaline Junkie*,Extrovert*,Kill Tracker,,,,,,,,,,
Night Terror,2729232863,"""6917530186014223090""",,Legendary,3,Sword,monumentoftriumph,Power,Arc,heavy,303,Caster Frame,Impact,1,Vault,false,false,false,8,28,,0,0,58,0,0,0,0,0,0,0,0,74,0,0,0,0,20,0,90,40,0,0,0,0,0,false,0,0,,,,Caster Frame*,Enduring Blade*,Honed Edge,Tempered Edge,Enduring Guard*,Swordmaster's Guard,Demolitionist*,Rolling Storm,Whirlwind Blade*,Gear Shift,Loss*,Kill Tracker,Tier 1: Impact*,,,,,,
Night Watch,3504336176,"""6917529203764919464""",favorite,Legendary,0,Scout Rifle,gambitprime,KineticSlot,Kinetic,primary,10,Lightweight Frame,Reload Speed,10,Vault,false,false,false,2,6,,87,69,60,37,20,0,0,0,40,200,78,17,75,0,0,0,0,0,0,0,0,10,49,0,0,false,0,171,,,,Lightweight Frame*,Arrowhead Brake*,Corkscrew Rifling,Tactical Mag*,Extended Mag,Subsistence*,Explosive Payload,Demolitionist*,Kill Tracker,Masterworked: Reload Speed*,,,,,,,,,
Nightshade,34731066,"""6917530186301855277""",,Legendary,3,Pulse Rifle,monumentoftriumph,KineticSlot,Strand,primary,364,Lightweight Frame,Reload Speed,2,Vault,false,false,false,8,28,,86,68,27,33,17,0,0,0,54,450,40,39,76,0,0,0,0,0,0,0,0,20,46,0,0,false,0,0,fotc,,,Lightweight Frame*,Arrowhead Brake*,Extended Barrel,Extended Mag*,Flared Magwell,Outlaw*,Keep Away,Moving Target*,Desperate Measures,Vanguard Determination*,Nadir Focus,Kill Tracker,Tier 2: Reload Speed*,,,,,,
Nightshade,34731066,"""6917530186303906333""",,Legendary,3,Pulse Rifle,monumentoftriumph,KineticSlot,Strand,primary,363,Lightweight Frame,Reload Speed,2,Vault,false,false,false,8,28,,86,68,27,33,17,0,0,0,54,450,40,39,76,0,0,0,0,0,0,0,0,20,46,0,0,false,0,0,fotc,,,Lightweight Frame*,Arrowhead Brake*,Extended Barrel,Extended Mag*,Alloy Magazine,Keep Away*,Slice,Hatchling*,Moving Target,Vanguard Determination*,Nadir Focus,Kill Tracker,Tier 2: Reload Speed*,,,,,,
Nightshade,34731066,"""6917530189104800589""",,Legendary,3,Pulse Rifle,monumentoftriumph,KineticSlot,Strand,primary,432,Lightweight Frame,Reload Speed,2,Vault,false,false,false,8,28,,56,68,27,38,17,0,0,0,64,450,75,30,71,0,0,0,0,0,0,0,0,10,46,0,0,false,0,0,fotc,,,Lightweight Frame*,Corkscrew Rifling*,Hammer-Forged Rifling,Flared Magwell*,Light Mag,Outlaw*,Under Pressure,Feeding Frenzy*,Desperate Measures,Vanguard Determination*,Nadir Focus,Kill Tracker,Tier 2: Reload Speed*,,,,,,
Nightshade,34731066,"""6917530189609552410""",,Legendary,3,Pulse Rifle,monumentoftriumph,KineticSlot,Strand,primary,443,Lightweight Frame,Range,2,Vault,false,false,false,8,28,,66,68,27,40,17,0,0,0,74,450,58,30,61,0,0,0,0,0,0,0,0,10,46,0,0,false,0,0,fotc,,,Lightweight Frame*,Chambered Compensator*,Fluted Barrel,Ricochet Rounds*,Light Mag,Moving Target*,Lucky Shot,Hatchling*,Desperate Measures,Vanguard Determination*,Nadir Focus,Kill Tracker,Tier 2: Range*,,,,,,
Nightshade,34731066,"""6917530189840231319""",,Legendary,4,Pulse Rifle,monumentoftriumph,KineticSlot,Strand,primary,458,Lightweight Frame,Reload Speed,1,Vault,false,false,false,8,28,,56,68,27,51,17,0,0,0,70,450,59,30,66,0,0,0,0,0,0,0,0,10,46,0,0,false,0,0,fotc,,,Lightweight Frame*,Hammer-Forged Rifling*,Smallbore,Ricochet Rounds*,Flared Magwell,Keep Away*,Lucky Shot,Headseeker*,Desperate Measures,Vanguard Determination*,Nadir Focus,Kill Tracker,Tier 1: Reload Speed*,,,,,,
Nightshade,1559068369,"""6917530191296855339""",,Legendary,1,Pulse Rifle,,KineticSlot,Strand,primary,460,Lightweight Frame,Range,10,Vault,false,false,false,8,28,,86,68,27,49,17,0,0,0,55,450,59,30,77,0,0,0,0,0,0,0,0,10,46,0,0,false,0,0,fotc,,,Lightweight Frame*,Arrowhead Brake*,Hammer-Forged Rifling,Armor-Piercing Rounds*,High-Caliber Rounds,Lead From Light*,Feeding Frenzy*,Accelerated Assault*,Vanguard Determination,Nadir Focus,Kill Tracker,Masterworked: Range*,,,,,,,
Nightshade,1559068369,"""6917530191299862460""",,Legendary,5,Pulse Rifle,,KineticSlot,Strand,primary,464,Lightweight Frame,Handling,10,Vault,false,false,false,8,28,,66,68,27,38,17,0,0,0,70,450,63,30,77,0,0,0,0,0,0,0,0,10,46,0,0,false,0,0,fotc,,,Lightweight Frame*,Chambered Compensator*,Extended Barrel,Alloy Magazine*,High-Caliber Rounds,Outlaw*,Slice,Moving Target,Kill Clip*,Moving Target,Eye of the Storm,Accelerated Assault*,Vanguard Determination,Nadir Focus,Kill Tracker,Masterworked: Handling*,Triumphant Pulse*,,
Nightshade,34731066,"""6917530192863625406""",,Legendary,3,Pulse Rifle,monumentoftriumph,KineticSlot,Strand,primary,476,Lightweight Frame,Range,3,Vault,false,false,false,8,28,,66,68,27,51,17,0,0,0,64,450,58,30,56,0,0,0,0,0,0,0,0,10,46,0,0,false,0,0,fotc,,,Lightweight Frame*,Extended Barrel*,Polygonal Rifling,Ricochet Rounds*,Flared Magwell,Slice*,Moving Target,Kill Clip*,Moving Target,Vanguard Determination*,Nadir Focus,Kill Tracker,Tier 3: Range*,,,,,,
No Hesitation,1801007332,"""6917530022216347020""",,Legendary,0,Auto Rifle,paleheart,Energy,Solar,primary,10,Support Frame,Reload Speed,4,Vault,false,false,false,7,24,,100,68,21,45,16,0,0,0,53,600,82,47,92,0,0,0,0,0,0,0,0,19,54,0,0,false,0,0,,,,Support Frame*,Arrowhead Brake*,Smallbore,Tactical Mag*,Alloy Magazine,Physic*,Attrition Orbs*,Dealer's Choice*,Kill Tracker,Tier 4: Reload Speed*,,,,,,,,,
No Hesitation,1801007332,"""6917530022241656997""",,Legendary,0,Auto Rifle,paleheart,Energy,Solar,primary,10,Support Frame,Reload Speed,2,Vault,true,false,false,7,24,,85,68,21,65,16,0,0,0,48,600,70,52,82,0,0,0,0,0,0,0,0,19,54,0,0,false,0,187,,,,Support Frame*,Hammer-Forged Rifling*,Smallbore,Accurized Rounds*,Extended Mag,Demolitionist*,Circle of Life*,Dealer's Choice*,Kill Tracker,Backup Mag*,Tier 2: Reload Speed*,,,,,,,,
No Hesitation,1801007332,"""6917530025176323593""",,Legendary,0,Auto Rifle,paleheart,Energy,Solar,primary,10,Support Frame,Handling,2,Vault,false,false,false,7,24,,100,68,21,55,16,0,0,0,48,600,68,44,94,0,0,0,0,0,0,0,0,19,54,0,0,false,0,0,,,,Support Frame*,Arrowhead Brake*,Fluted Barrel,Accurized Rounds*,Flared Magwell,Physic*,Frenzy*,Dealer's Choice*,Kill Tracker,Tier 2: Handling*,,,,,,,,,
No Hesitation,1801007332,"""6917530025185301188""",favorite,Legendary,0,Auto Rifle,paleheart,Energy,Solar,primary,10,Support Frame,Handling,2,Vault,true,false,false,7,24,,95,68,21,45,16,0,0,0,63,600,78,47,79,0,0,0,0,0,0,0,0,19,54,0,0,false,0,0,,,"AI v2.3 COULD DELETE — same weapon name, hash/version, and intrinsic frame as the proposed retained copy. Best legal perk combo scores 3.3 below the best copy. Retain No Hesitation ID 6917530188310930599. Still review origin-trait selection, barrels, magazines, Masterwork, stats, source, build role, and personal feel before dismantling.",Support Frame*,Chambered Compensator*,Smallbore,Tactical Mag*,Extended Mag,Demolitionist*,Desperate Measures*,Dealer's Choice*,Kill Tracker,Tier 2: Handling*,,,,,,,,,
No Hesitation,1801007332,"""6917530029615532823""",favorite,Legendary,0,Auto Rifle,paleheart,Energy,Solar,primary,410,Support Frame,Range,10,Hunter(60),true,true,false,7,24,,85,68,21,62,16,0,0,0,60,600,83,52,82,0,0,0,0,0,0,0,0,19,54,0,0,crafted,18,1473,,,,Support Frame*,Smallbore*,Flared Magwell*,Physic*,Incandescent*,Dealer's Choice*,Kill Tracker,Backup Mag*,,,,,,,,,,,
No Hesitation,1801007332,"""6917530193056622788""",favorite,Legendary,5,Auto Rifle,paleheart,Energy,Solar,primary,468,Support Frame,Range,10,Warlock(482),true,false,false,7,24,,85,68,21,68,16,0,0,0,67,600,89,55,87,0,0,0,0,0,0,0,0,19,54,0,0,crafted,32,135,,00001:Solar,,Support Frame*,Smallbore*,Flared Magwell*,Burning Ambition*,Incandescent*,Dealer's Choice*,Kill Tracker,Backup Mag*,,,,,,,,,,,
No Reprieve,2531963421,"""6917529811392521269""",,Legendary,0,Shotgun,plunder,KineticSlot,Stasis,special,10,Pinpoint Slug Frame,Range,2,Vault,true,false,false,5,18,,46,38,70,79,12,0,0,0,48,65,46,7,70,0,0,0,0,0,0,0,0,2,41,0,0,false,0,45,,,,Pinpoint Slug Frame*,Corkscrew Rifling*,Accurized Rounds*,Feeding Frenzy*,Headstone*,Right Hook*,Kill Tracker,Backup Mag*,Tier 2: Range*,,,,,,,,,,
No Reprieve,2531963421,"""6917529841404130126""",,Legendary,0,Shotgun,plunder,KineticSlot,Stasis,special,10,Pinpoint Slug Frame,Range,3,Vault,false,false,false,5,18,,56,43,70,75,12,0,0,0,53,65,46,6,60,0,0,0,0,0,0,0,0,2,41,0,0,false,0,0,,,,Pinpoint Slug Frame*,Chambered Compensator*,Fluted Barrel,Accurized Rounds*,Light Mag,Pugilist*,Wellspring*,Right Hook*,Kill Tracker,Targeting Adjuster*,Tier 3: Range*,,,,,,,,
No Time to Explain,1594120904,"""6917529208645192708""",,Exotic,0,Pulse Rifle,deluxe,KineticSlot,Kinetic,primary,10,Rewind Again,,,Vault,false,false,false,4,12,,73,40,33,70,17,0,0,0,60,340,60,24,57,0,0,0,0,0,0,0,0,24,57,0,0,false,0,0,,,,Rewind Again*,Fluted Barrel*,Accurized Rounds*,Time-Slip*,Feeding Frenzy*,Kill Tracker,Empty Catalyst Socket*,,,,,,,,,,,,
No Turning Back,720351794,"""6917529162806364235""",keep,Legendary,0,Combat Bow,tangled,KineticSlot,Kinetic,primary,10,Precision Frame,Accuracy,4,Vault,false,false,false,2,4,,72,66,76,0,18,0,0,0,38,0,40,0,54,0,700,100,0,0,0,0,0,10,52,0,0,false,0,0,,,,Precision Frame*,High Tension String*,Fiberglass Arrow Shaft*,Explosive Head*,Snapshot Sights,Hip-Fire Grip*,Kill Tracker,Tier 4: Target Acquisition*,Distant Earth*,,,,,,,,,,
Nox Perennial V,2366022261,"""6917530187770985445""",,Legendary,3,Fusion Rifle,engram,KineticSlot,Strand,special,397,High-Impact Frame,Stability,2,Vault,false,false,false,8,28,,65,59,95,45,15,0,0,0,31,0,0,7,33,967,0,0,0,0,0,0,0,6,21,0,0,false,0,0,cassoid,,,High-Impact Frame*,Fluted Barrel*,Full Bore,Ionized Battery*,Projection Fuse,Loose Change*,Under Pressure,Kickstart*,Wellspring,Wild Card*,Kill Tracker,Tier 2: Stability*,,,,,,,
Nox Perennial V,2366022261,"""6917530188590375722""",,Legendary,3,Fusion Rifle,engram,KineticSlot,Strand,special,405,High-Impact Frame,Reload Speed,1,Vault,false,false,false,8,28,,65,59,90,55,15,0,0,0,24,0,17,5,18,967,0,0,0,0,0,0,0,6,21,0,0,false,0,0,cassoid,,,High-Impact Frame*,Hammer-Forged Rifling*,Polygonal Rifling,Accelerated Coils*,Liquid Coils,Threat Detector*,Under Pressure,Kickstart*,Hatchling,Wild Card*,Kill Tracker,Tier 1: Reload Speed*,,,,,,,
Nox Perennial V,2366022261,"""6917530188891173630""",,Legendary,3,Fusion Rifle,engram,KineticSlot,Strand,special,417,High-Impact Frame,Charge Time,2,Vault,false,false,false,8,28,,65,59,100,60,15,0,0,0,14,0,16,5,13,960,0,0,0,0,0,0,0,6,21,0,0,false,0,0,cassoid,,,High-Impact Frame*,Full Bore*,Polygonal Rifling,Liquid Coils*,Projection Fuse,Threat Detector*,Lead from Gold,Kickstart*,Wellspring,Wild Card*,Kill Tracker,Tier 2: Charge Time*,,,,,,,
Nox Sidereal IV,2875763009,"""6917530189637071363""",,Legendary,4,Fusion Rifle,monumentoftriumph,KineticSlot,Stasis,special,450,Aggressive Frame,Range,3,Vault,false,false,false,8,28,,51,43,90,33,15,0,0,0,41,0,40,6,45,667,0,0,0,0,0,0,0,7,31,0,0,false,0,0,cassoid,,,Aggressive Frame*,Fluted Barrel*,Polygonal Rifling,Accelerated Coils*,Particle Repeater,Ambitious Assassin*,Shot Swap,Crystalline Corpsebloom*,Reservoir Burst,Vanguard Determination*,Wild Card,Kill Tracker,Tier 3: Range*,,,,,,
Null Composure,1644680957,"""6917529391823804896""",favorite,Legendary,0,Fusion Rifle,gunsmith,Energy,Void,special,10,Rapid-Fire Frame,Range,10,Vault,true,false,false,4,14,,70,38,55,49,16,0,0,0,40,0,48,8,71,533,0,0,0,0,0,0,0,4,55,0,0,false,0,111,,,,Rapid-Fire Frame*,Fluted Barrel*,Projection Fuse*,Feeding Frenzy*,Heating Up,Reservoir Burst*,High-Impact Reserves,Kill Tracker,Counterbalance Stock*,Masterworked: Range*,Bergusian Night*,Coordinated Offensive*,,,,,,,
Null Composure,2150643740,"""6917530188902815512""",,Legendary,3,Fusion Rifle,monumentoftriumph,Energy,Void,special,417,Rapid-Fire Frame,Range,1,Vault,false,false,false,8,28,,55,38,55,35,16,0,0,0,40,0,48,8,61,533,0,0,0,0,0,0,0,4,55,0,0,false,0,0,,,,Rapid-Fire Frame*,Corkscrew Rifling*,Smallbore,Enhanced Battery*,Particle Repeater,Feeding Frenzy*,Reconstruction,Reservoir Burst*,Master of Arms,Problem Solver*,Vanguard Determination,Kill Tracker,Tier 1: Range*,,,,,,
Ogma PR6,2342054803,"""6917529680192777283""",favorite,Legendary,0,Pulse Rifle,engram,Energy,Solar,primary,10,Lightweight Frame,Reload Speed,2,Vault,true,false,false,5,16,,55,73,27,48,19,0,0,0,52,450,57,38,70,0,0,0,0,0,0,0,0,15,45,0,0,false,0,0,omolon,,,Lightweight Frame*,Hammer-Forged Rifling*,Smallbore,Appended Mag*,Tactical Mag,Demolitionist*,Wellspring*,Omolon Fluid Dynamics*,Kill Tracker,Tier 2: Reload Speed*,,,,,,,,,
Ogma PR6,2342054803,"""6917529884911692591""",,Legendary,0,Pulse Rifle,engram,Energy,Solar,primary,10,Lightweight Frame,Reload Speed,2,Vault,false,false,false,5,16,,55,73,27,38,19,0,0,0,62,450,67,35,85,0,0,0,0,0,0,0,0,15,45,0,0,false,0,6,omolon,,,Lightweight Frame*,Fluted Barrel*,Smallbore,Tactical Mag*,Steady Rounds,Stats for All*,One for All*,Omolon Fluid Dynamics*,Kill Tracker,Tier 2: Reload Speed*,,,,,,,,,
Old Sterling,3678653083,"""6917529957417398918""",,Legendary,0,Auto Rifle,engram,KineticSlot,Strand,primary,10,Adaptive Frame,Stability,1,Vault,false,false,false,6,21,,63,65,21,63,16,0,0,0,43,600,55,41,63,0,0,0,0,0,0,0,0,17,54,0,0,false,0,0,field-forged,,"AI v2.3 COULD DELETE — same weapon name, hash/version, and intrinsic frame as the proposed retained copy. Best legal perk combo scores 3.6 below the best copy. Retain Old Sterling ID 6917530021133419406. Still review origin-trait selection, barrels, magazines, Masterwork, stats, source, build role, and personal feel before dismantling.",Adaptive Frame*,Hammer-Forged Rifling*,Smallbore,Accurized Rounds*,Extended Mag,Surplus*,Adagio*,Field-Tested*,Kill Tracker,Tier 1: Stability*,,,,,,,,,
Old Sterling,3678653083,"""6917529967478124844""",,Legendary,0,Auto Rifle,engram,KineticSlot,Strand,primary,10,Adaptive Frame,Stability,2,Vault,false,false,false,6,21,,93,65,21,43,16,0,0,0,44,600,55,47,73,0,0,0,0,0,0,0,0,17,54,0,0,false,0,0,field-forged,,,Adaptive Frame*,Arrowhead Brake*,Polygonal Rifling,Appended Mag*,Alloy Magazine,Rewind Rounds*,Hatchling*,Field-Tested*,Kill Tracker,Tier 2: Stability*,,,,,,,,,
Old Sterling,3678653083,"""6917530021133419406""",,Legendary,0,Auto Rifle,engram,KineticSlot,Strand,primary,10,Adaptive Frame,Handling,1,Hunter(60),false,true,false,6,21,,93,65,21,53,16,0,0,0,42,600,55,41,74,0,0,0,0,0,0,0,0,17,54,0,0,false,0,0,field-forged,,,Adaptive Frame*,Arrowhead Brake*,Corkscrew Rifling,Accurized Rounds*,Alloy Magazine,Rewind Rounds*,Frenzy*,Field-Tested*,Kill Tracker,Tier 1: Handling*,,,,,,,,,
Old Sterling,3678653083,"""6917530026408238362""",,Legendary,0,Auto Rifle,engram,KineticSlot,Strand,primary,10,Adaptive Frame,Handling,1,Vault,false,false,false,6,21,,88,65,21,53,16,0,0,0,47,600,65,44,54,0,0,0,0,0,0,0,0,17,54,0,0,false,0,0,field-forged,,,Adaptive Frame*,Extended Barrel*,Fluted Barrel,Tactical Mag*,Flared Magwell,Discord*,Demolitionist*,Field-Tested*,Kill Tracker,Counterbalance Stock*,Tier 1: Handling*,,,,,,,,
One Small Step,2527058296,"""6917530186016045039""",,Legendary,5,Shotgun,monumentoftriumph,KineticSlot,Stasis,special,302,Rapid-Fire Frame,Reload Speed,3,Vault,false,false,false,8,28,,60,68,65,25,12,0,0,0,42,140,66,8,51,0,0,0,0,0,0,0,0,2,53,0,0,false,0,0,,,,Rapid-Fire Frame*,Barrel Shroud*,Corkscrew Rifling,Appended Mag*,Light Mag,Proximity Power*,Rimestealer,Grave Robber,One-Two Punch*,One for All,Desperate Measures,Loss*,Kill Tracker,Tier 3: Reload Speed*,Triumphant Pulse*,,,,
Osteo Striga,46524085,"""6917529692832206096""",favorite,Exotic,0,Submachine Gun,exoticquest,KineticSlot,Kinetic,primary,400,Screaming Swarm,,10,Hunter(60),false,false,false,5,16,,99,55,25,85,13,0,0,0,67,600,63,30,46,0,0,0,0,0,0,0,0,27,30,0,0,crafted,255,26632,,"00002:Gambit,Void",,Screaming Swarm*,Corkscrew Rifling*,Flared Magwell*,Toxic Overload*,Short-Action Stock*,Kill Tracker,Osteo Striga Catalyst*,Blooming Gilt*,,,,,,,,,,,
Out of Bounds,2988121501,"""6917529896506449902""",,Legendary,0,Submachine Gun,crucible,Energy,Arc,primary,10,Lightweight Frame,Range,5,Vault,false,false,false,5,18,,95,55,15,57,14,0,0,0,33,900,28,41,62,0,0,0,0,0,0,0,0,23,47,0,0,false,0,0,omolon,,,Lightweight Frame*,Full Bore*,Hammer-Forged Rifling,High-Caliber Rounds*,Ricochet Rounds,Threat Detector*,Swashbuckler*,One Quiet Moment*,Omolon Fluid Dynamics,Kill Tracker,Tier 5: Range*,,,,,,,,
Out of Bounds,2579239008,"""6917530186306266040""",,Legendary,3,Submachine Gun,crucible,Energy,Arc,primary,370,Lightweight Frame,Stability,2,Vault,false,false,false,8,28,,100,55,15,32,14,0,0,0,45,900,28,41,77,0,0,0,0,0,0,0,0,23,47,0,0,false,0,0,omolon,,,Lightweight Frame*,Arrowhead Brake*,Chambered Compensator,Alloy Magazine*,Flared Magwell,Dynamic Sway Reduction*,Demolitionist,Tap the Trigger*,Rangefinder,Roar of Battle*,Omolon Fluid Dynamics,Kill Tracker,Tier 2: Stability*,,,,,,
Outbreak Perfected,400096939,"""6917529206527127067""",favorite,Exotic,0,Pulse Rifle,,KineticSlot,Kinetic,primary,432,The Corruption Spreads,,10,Vault,false,false,false,2,6,,90,65,27,64,17,0,0,0,40,450,45,35,35,0,0,0,0,0,0,0,0,29,54,0,0,false,0,587,,,,The Corruption Spreads*,Extended Barrel*,Accurized Rounds*,Outlaw*,Parasitism*,Kill Tracker,Outbreak Perfected Catalyst*,,,,,,,,,,,,
Outrageous Fortune,4146702548,"""6917529195331323759""",favorite,Legendary,0,Grenade Launcher,strikes,Power,Solar,heavy,10,Rapid-Fire Frame,Reload Speed,2,Vault,true,false,false,2,4,,87,30,0,0,13,20,50,0,49,150,22,7,35,0,0,0,0,0,0,0,0,6,40,0,0,false,0,0,hakke,,,Rapid-Fire Frame*,Countermass*,Linear Compensator,Spike Grenades*,Mini Frags,Auto-Loading Holster*,Threat Detector,Rampage*,Kill Tracker,Backup Mag*,Tier 2: Reload Speed*,Vanguard Veteran*,,,,,,,
Outrageous Fortune,4146702548,"""6917529398177324985""",favorite,Legendary,0,Grenade Launcher,strikes,Power,Solar,heavy,10,Rapid-Fire Frame,Blast Radius,4,Vault,false,false,false,2,4,,57,30,0,0,13,54,40,0,44,150,20,6,25,0,0,0,0,0,0,0,0,6,40,0,0,false,0,0,hakke,,,Rapid-Fire Frame*,Confined Launch*,Quick Launch,Remote Detonation*,Black Powder,Threat Detector*,Rampage*,Kill Tracker,Backup Mag*,Tier 4: Blast Radius*,,,,,,,,,
Oxygen SR3,4104613038,"""6917530186350663213""",,Legendary,5,Scout Rifle,monumentoftriumph,Energy,Solar,primary,374,Precision Frame,Reload Speed,1,Vault,false,false,false,8,28,,70,67,62,56,20,0,0,0,56,180,45,16,37,0,0,0,0,0,0,0,0,10,54,0,0,false,0,0,omolon,,,Precision Frame*,Chambered Compensator*,Hammer-Forged Rifling,Accurized Rounds*,Flared Magwell,Heal Clip*,Pugilist,To the Pain,Meganeura*,Burning Ambition,Binary Orbit,Problem Solver*,Vanguard Determination,Omolon Fluid Dynamics,Kill Tracker,Tier 1: Reload Speed*,Infamous Oxygen SR3*,Roguish Bolts*,
Palmyra-B,3489657138,"""6917529957376933148""",,Legendary,0,Rocket Launcher,engram,Power,Stasis,heavy,10,Precision Frame,Reload Speed,10,Vault,false,false,false,5,16,,65,62,0,0,20,32,61,0,37,15,62,1,60,0,0,0,0,0,0,0,0,5,42,0,0,crafted,69,1978,hakke,"00002:PvP,Strike",,Precision Frame*,Quick Launch*,Alloy Casing*,Auto-Loading Holster*,Explosive Light*,Häkke Breach Armaments*,Kill Tracker,Nightfall Memento*,New Age Black Armory*,,,,,,,,,,
Palmyra-B,3489657138,"""6917529957580421309""",,Legendary,0,Rocket Launcher,engram,Power,Stasis,heavy,10,Precision Frame,Velocity,3,Vault,false,false,false,5,16,,65,62,0,0,20,40,42,0,50,15,52,1,43,0,0,0,0,0,0,0,0,5,42,0,0,false,0,0,hakke,,,Precision Frame*,Confined Launch*,Quick Launch,Alloy Casing*,Implosion Rounds,Impulse Amplifier*,Chain Reaction*,Häkke Breach Armaments*,Kill Tracker,Tier 3: Velocity*,,,,,,,,,
Parabellum,3926811686,"""6917530020524038047""",,Legendary,0,Submachine Gun,engram,Energy,Solar,primary,10,Adaptive Frame,Reload Speed,4,Vault,false,false,false,6,23,,92,46,20,43,14,0,0,0,58,900,68,39,51,0,0,0,0,0,0,0,0,19,44,0,0,false,0,0,field-forged,,,Adaptive Frame*,Chambered Compensator*,Extended Barrel,Tactical Mag*,Extended Mag,Enlightened Action*,Deconstruct*,Field-Tested*,Kill Tracker,Tier 4: Reload Speed*,,,,,,,,,
Parabellum,3926811686,"""6917530025775348893""",,Legendary,0,Submachine Gun,engram,Energy,Solar,primary,10,Adaptive Frame,Handling,2,Vault,false,false,false,6,23,,100,46,20,38,14,0,0,0,58,900,54,37,68,0,0,0,0,0,0,0,0,26,44,0,0,false,0,0,field-forged,,,Adaptive Frame*,Arrowhead Brake*,Polygonal Rifling,Steady Rounds*,Flared Magwell,Stats for All*,Attrition Orbs*,Field-Tested*,Kill Tracker,Tier 2: Handling*,,,,,,,,,
Parabellum,3926811686,"""6917530065009389673""",,Legendary,0,Submachine Gun,engram,Energy,Solar,primary,10,Adaptive Frame,Reload Speed,4,Vault,false,false,false,6,23,,82,46,20,58,14,0,0,0,33,900,58,37,51,0,0,0,0,0,0,0,0,19,44,0,0,false,0,0,field-forged,,,Adaptive Frame*,Full Bore*,Hammer-Forged Rifling,Alloy Magazine*,Flared Magwell,Heal Clip*,Dynamic Sway Reduction*,Field-Tested*,Kill Tracker,Tier 4: Reload Speed*,,,,,,,,,
Parabellum,3769072067,"""6917530186183876513""",,Legendary,5,Submachine Gun,engram,Energy,Solar,primary,360,Adaptive Frame,Range,3,Vault,false,false,false,8,28,,82,46,20,46,14,0,0,0,49,900,54,37,72,0,0,0,0,0,0,0,0,19,44,0,0,false,0,0,field-forged,,,Adaptive Frame*,Fluted Barrel*,Smallbore,Alloy Magazine*,Flared Magwell,Heal Clip*,Light Touch,Enlightened Action,Adagio*,Attrition Orbs,Collective Action,Veteran's Wisdom*,Field-Tested,Kill Tracker,Tier 3: Range*,Triumphant Pulse*,,,
Parabellum,3769072067,"""6917530186183880821""",,Legendary,5,Submachine Gun,engram,Energy,Solar,primary,359,Adaptive Frame,Stability,3,Vault,false,false,false,8,28,,82,46,20,43,14,0,0,0,52,900,36,42,72,0,0,0,0,0,0,0,0,29,44,0,0,false,0,0,field-forged,,,Adaptive Frame*,Fluted Barrel*,Smallbore,Extended Mag*,Flared Magwell,Collective Demolition*,Enlightened Action,Killing Wind,Perfect Float*,Attrition Orbs,One for All,Veteran's Wisdom*,Field-Tested,Kill Tracker,Tier 3: Stability*,Triumphant Pulse*,,,
Parasite,2812324400,"""6917529891458475352""",,Exotic,0,Grenade Launcher,exoticquest,Power,Solar,heavy,10,Worm's Hunger,,,Vault,true,false,false,5,16,,77,68,0,0,13,100,0,0,53,120,44,1,47,0,0,0,0,0,0,0,0,11,0,0,0,false,0,82,,,,Worm's Hunger*,Volatile Launch*,High-Explosive Ordnance*,Worm Byproduct*,Composite Stock*,Kill Tracker,Empty Catalyst Socket*,,,,,,,,,,,,
Pardon Our Dust,3849810018,"""6917529546543560093""",favorite,Legendary,0,Grenade Launcher,30th,KineticSlot,Kinetic,special,10,Lightweight Frame,Reload Speed,10,Vault,false,false,false,4,15,,77,75,0,0,13,0,83,0,28,90,79,1,83,0,0,0,0,0,0,0,0,2,67,0,0,false,0,4,,00001:PvP,,Lightweight Frame*,Quick Launch*,Smart Drift Control,Implosion Rounds,Concussion Grenades*,Auto-Loading Holster*,Adrenaline Junkie*,Hot Swap*,Kill Tracker,Quick Access Sling*,Masterworked: Reload Speed*,,,,,,,,
Pardon Our Dust,3849810018,"""6917529546550140165""",,Legendary,0,Grenade Launcher,30th,KineticSlot,Kinetic,special,10,Lightweight Frame,Blast Radius,2,Vault,false,false,false,4,15,,100,75,0,0,13,82,73,0,38,90,69,1,78,0,0,0,0,0,0,0,0,2,67,0,0,false,0,0,,,,Lightweight Frame*,Countermass*,Smart Drift Control,Proximity Grenades*,Implosion Rounds,Pulse Monitor*,Wellspring*,Hot Swap*,Kill Tracker,Tier 2: Blast Radius*,,,,,,,,,
Path of Least Resistance,2827764482,"""6917529851171800281""",,Legendary,0,Trace Rifle,rasputin,Energy,Arc,special,10,Adaptive Frame,Range,1,Vault,false,false,false,5,19,,95,100,6,70,16,0,0,0,78,1000,40,102,67,0,0,0,0,0,0,0,0,12,41,0,0,false,0,2,omolon,,,Adaptive Frame*,Fluted Barrel*,Enhanced Battery*,Adaptive Munitions*,One for All*,Ambush,Omolon Fluid Dynamics*,Kill Tracker,Tier 1: Range*,,,,,,,,,,
Patron of Lost Causes,2249996761,"""6917530022285941967""",,Legendary,0,Scout Rifle,echoes,KineticSlot,Kinetic,primary,10,Lightweight Frame,Handling,1,Vault,false,false,false,7,24,,89,67,60,43,20,0,0,0,32,200,53,15,74,0,0,0,0,0,0,0,0,10,52,0,0,false,0,0,,,,Lightweight Frame*,Arrowhead Brake*,Hammer-Forged Rifling,Accurized Rounds*,Tactical Mag,Triple Tap*,Precision Instrument*,Cast No Shadows*,Kill Tracker,Tier 1: Handling*,,,,,,,,,
Patron of Lost Causes,2249996761,"""6917530023335531409""",,Legendary,0,Scout Rifle,echoes,KineticSlot,Kinetic,primary,10,Lightweight Frame,Range,2,Vault,false,false,false,7,24,,59,67,60,40,20,0,0,0,37,200,53,17,68,0,0,0,0,0,0,0,0,10,52,0,0,false,0,0,,,,Lightweight Frame*,Corkscrew Rifling*,Hammer-Forged Rifling,Appended Mag*,Tactical Mag,Discord*,Kinetic Tremors*,Cast No Shadows*,Kill Tracker,Tier 2: Range*,,,,,,,,,
Patron of Lost Causes,2249996761,"""6917530023350138452""",,Legendary,0,Scout Rifle,echoes,KineticSlot,Kinetic,primary,10,Lightweight Frame,Range,3,Vault,false,false,false,7,24,,89,67,60,36,20,0,0,0,37,200,63,16,73,0,0,0,0,0,0,0,0,10,52,0,0,false,0,0,,,,Lightweight Frame*,Arrowhead Brake*,Polygonal Rifling,Tactical Mag*,Steady Rounds,Strategist*,Focused Fury*,Cast No Shadows*,Kill Tracker,Tier 3: Range*,,,,,,,,,
Perfect Paradox,4108648762,"""6917530187929332913""",,Legendary,3,Shotgun,echoes,KineticSlot,Kinetic,special,394,Rapid-Fire Frame,Range,2,Vault,false,false,false,8,28,,61,70,65,49,12,0,0,0,46,140,74,8,43,0,0,0,0,0,0,0,0,2,54,0,0,false,0,0,,,,Rapid-Fire Frame*,Smoothbore*,Barrel Shroud,Tactical Mag*,Light Mag,Threat Detector*,Pugilist,Vorpal Weapon*,One-Two Punch,Cast No Shadows*,Kill Tracker,Tier 2: Range*,,,,,,,
Perfect Paradox,4108648762,"""6917530188300740452""",,Legendary,3,Shotgun,echoes,KineticSlot,Kinetic,special,405,Rapid-Fire Frame,Stability,2,Vault,false,false,false,8,28,,61,70,65,32,12,0,0,0,48,140,64,8,53,0,0,0,0,0,0,0,0,2,54,0,0,false,0,0,,,,Rapid-Fire Frame*,Barrel Shroud*,Full Choke,Appended Mag*,Tactical Mag,Threat Detector*,Stopping Power,One-Two Punch*,Ancillary Ordinance,Cast No Shadows*,Kill Tracker,Tier 2: Stability*,,,,,,,
Perfect Paradox,4108648762,"""6917530192934868173""",,Legendary,5,Shotgun,echoes,KineticSlot,Kinetic,special,478,Rapid-Fire Frame,Reload Speed,1,Warlock(482),true,false,false,8,28,,61,70,65,42,12,0,0,0,36,140,67,8,45,0,0,0,0,0,0,0,0,2,54,0,0,false,0,0,,,,Rapid-Fire Frame*,Rifled Barrel,Full Choke*,Appended Mag*,Extended Mag,Stopping Power,Pugilist*,Threat Remover,Swashbuckler*,Vorpal Weapon,Ancillary Ordinance,Cast No Shadows*,Kill Tracker,Enhanced Range*,Tier 1: Reload Speed*,Triumphant Pulse*,,,
Perfect Pitch,2191451996,"""6917530188603133575""",,Legendary,3,Submachine Gun,monumentoftriumph,Energy,Solar,primary,420,Precision Frame,Handling,3,Vault,false,false,false,8,28,,93,54,25,52,15,0,0,0,44,600,0,34,38,0,0,0,0,0,0,0,0,25,21,0,0,false,0,0,,,,Precision Frame*,Fluted Barrel*,Hammer-Forged Rifling,Extended Mag*,Ricochet Rounds,Keep Away*,Heal Clip,Harmony*,Rangefinder,Vanguard Determination*,Kill Tracker,Tier 3: Handling*,,,,,,,
Perfect Pitch,2191451996,"""6917530188825206366""",,Legendary,4,Submachine Gun,monumentoftriumph,Energy,Solar,primary,426,Precision Frame,Range,2,Vault,false,false,false,8,28,,100,54,25,61,15,0,0,0,50,600,18,30,16,0,0,0,0,0,0,0,0,15,21,0,0,false,0,0,,,,Precision Frame*,Chambered Compensator*,Fluted Barrel,Armor-Piercing Rounds*,Flared Magwell,Keep Away*,Enlightened Action,Harmony*,Rampage,Vanguard Determination*,Kill Tracker,Tier 2: Range*,,,,,,,
Perfect Pitch,2191451996,"""6917530192719318532""",,Legendary,4,Submachine Gun,monumentoftriumph,Energy,Solar,primary,472,Precision Frame,Reload Speed,1,Vault,false,false,false,8,28,,93,54,25,58,15,0,0,0,45,600,21,33,25,0,0,0,0,0,0,0,0,15,21,0,0,false,0,0,,,,Precision Frame*,Corkscrew Rifling*,Polygonal Rifling,Appended Mag*,Flared Magwell,Enlightened Action*,Discord,Incandescent*,Target Lock,Vanguard Determination*,Kill Tracker,Tier 1: Reload Speed*,,,,,,,
Perpetualis,392008588,"""6917529880868387708""",,Legendary,0,Auto Rifle,seasonpass,KineticSlot,Strand,primary,10,Adaptive Frame,Range,3,Vault,false,false,false,6,20,,83,67,21,46,16,0,0,0,35,600,38,49,72,0,0,0,0,0,0,0,0,29,54,0,0,false,0,0,,,,Adaptive Frame*,Arrowhead Brake*,Hammer-Forged Rifling,Extended Mag*,Flared Magwell,Zen Moment*,Demolitionist*,Noble Deeds*,Kill Tracker,Tier 3: Range*,,,,,,,,,
Perpetualis,392008588,"""6917529967837962296""",,Legendary,0,Auto Rifle,seasonpass,KineticSlot,Strand,primary,10,Adaptive Frame,Range,10,Titan(10),false,false,false,6,20,,83,67,21,63,16,0,0,0,37,600,60,41,74,0,0,0,0,0,0,0,0,19,54,0,0,crafted,20,992,,00001:PvP,,Adaptive Frame*,Arrowhead Brake*,Accurized Rounds*,Zen Moment*,Target Lock*,Noble Deeds*,Kill Tracker,Nightfall Memento*,,,,,,,,,,,
Perses-D,1019000888,"""6917529680237059505""",,Legendary,0,Scout Rifle,engram,KineticSlot,Stasis,primary,10,High-Impact Frame,Reload Speed,1,Vault,true,false,false,5,16,,100,36,67,78,22,0,0,0,22,150,34,13,41,0,0,0,0,0,0,0,0,12,45,0,0,false,0,37,hakke,,,High-Impact Frame*,Arrowhead Brake*,Extended Barrel,Accurized Rounds*,Alloy Magazine,Compulsive Reloader*,Headstone*,Häkke Breach Armaments*,Kill Tracker,Tier 1: Reload Speed*,,,,,,,,,
Perses-D,1019000888,"""6917529786596616033""",,Legendary,0,Scout Rifle,engram,KineticSlot,Stasis,primary,10,High-Impact Frame,Range,1,Vault,true,false,false,5,16,,100,36,67,69,22,0,0,0,22,150,33,15,41,0,0,0,0,0,0,0,0,12,45,0,0,false,0,0,hakke,,,High-Impact Frame*,Arrowhead Brake*,Full Bore,Appended Mag*,Steady Rounds,Shoot to Loot*,Explosive Payload*,Häkke Breach Armaments*,Kill Tracker,Tier 1: Range*,,,,,,,,,
Perses-D,1019000888,"""6917529957597106539""",,Legendary,0,Scout Rifle,engram,KineticSlot,Stasis,primary,10,High-Impact Frame,Stability,5,Vault,false,false,false,5,16,,74,36,67,83,22,0,0,0,17,150,33,15,26,0,0,0,0,0,0,0,0,12,45,0,0,false,0,0,hakke,,,High-Impact Frame*,Full Bore*,Smallbore,Appended Mag*,Steady Rounds,Rapid Hit*,Focused Fury*,Häkke Breach Armaments*,Kill Tracker,Tier 5: Stability*,,,,,,,,,
Phoneutria Fera,3496887154,"""6917530188844345162""",,Legendary,4,Hand Cannon,events,Energy,Solar,primary,415,Spread Shot,Reload Speed,1,Vault,false,false,false,8,27,,100,65,96,46,12,0,0,0,46,100,37,9,26,0,0,0,0,0,0,0,0,23,56,0,0,false,0,0,hakke,,,Spread Shot*,Extended Barrel*,Hammer-Forged Rifling,Tactical Mag*,Flared Magwell,Slideshot*,Proximity Power,Surrounded*,Frenzy,Tenacity*,Häkke Breach Armaments,Kill Tracker,Tier 1: Reload Speed*,,,,,,
Phyllotactic Spiral,3635821806,"""6917529885317885811""",,Legendary,0,Pulse Rifle,campaign,Energy,Arc,primary,10,High-Impact Frame,Reload Speed,2,Vault,true,false,false,6,20,,100,31,33,63,18,0,0,0,44,340,34,28,36,0,0,0,0,0,0,0,0,16,48,0,0,false,0,8,,,,High-Impact Frame*,Arrowhead Brake*,Smallbore,High-Caliber Rounds*,Light Mag,Keep Away*,Voltshot*,Nanotech Tracer Missiles*,Kill Tracker,Tier 2: Reload Speed*,,,,,,,,,
Phyllotactic Spiral,3635821806,"""6917529891240276190""",,Legendary,0,Pulse Rifle,campaign,Energy,Arc,primary,10,High-Impact Frame,Stability,2,Vault,false,false,false,6,20,,100,31,33,58,18,0,0,0,51,340,47,28,36,0,0,0,0,0,0,0,0,16,48,0,0,false,0,0,,,,High-Impact Frame*,Arrowhead Brake*,Extended Barrel,Extended Mag,Flared Magwell*,Keep Away*,Headseeker*,Nanotech Tracer Missiles*,Kill Tracker,Tier 2: Stability*,,,,,,,,,
Pizzicato-22,4100775158,"""6917529841295509176""",,Legendary,0,Submachine Gun,engram,KineticSlot,Kinetic,primary,10,Adaptive Frame,Handling,10,Vault,false,false,false,5,18,,100,45,20,63,14,0,0,0,40,900,50,38,66,0,0,0,0,0,0,0,0,22,40,0,0,false,0,0,suros,,,Adaptive Frame*,Full Bore*,Smallbore,High-Caliber Rounds*,Ricochet Rounds,Ambitious Assassin*,Demolitionist*,Suros Synergy*,Kill Tracker,Counterbalance Stock*,Masterworked: Handling*,,,,,,,,
Planck's Stride,820890091,"""6917529841294308423""",,Legendary,0,Machine Gun,seasonpass,Power,Arc,heavy,10,Rapid-Fire Frame,Handling,1,Vault,false,false,false,5,18,,66,63,25,46,16,0,0,0,33,900,57,75,38,0,0,0,0,0,0,0,0,9,36,0,0,false,0,370,,,,Rapid-Fire Frame*,Extended Barrel*,Full Bore,Accurized Rounds*,Tactical Mag,Perpetual Motion*,Tap the Trigger*,Right Hook*,Kill Tracker,Tier 1: Handling*,,,,,,,,,
Planck's Stride,820890091,"""6917529841371301603""",,Legendary,0,Machine Gun,seasonpass,Power,Arc,heavy,10,Rapid-Fire Frame,Range,3,Vault,false,false,false,5,18,,86,63,25,29,16,0,0,0,33,900,37,96,57,0,0,0,0,0,0,0,0,19,36,0,0,false,0,0,,,,Rapid-Fire Frame*,Arrowhead Brake*,Chambered Compensator,Extended Mag*,Flared Magwell,Killing Wind*,One for All*,Right Hook*,Kill Tracker,Tier 3: Range*,,,,,,,,,
Pleiades Corrector,3556999246,"""6917529869197689483""",,Legendary,0,Scout Rifle,engram,Energy,Solar,primary,10,Lightweight Frame,Stability,1,Vault,false,false,false,4,14,,62,76,60,28,25,0,0,0,54,200,63,15,66,0,0,0,0,0,0,0,0,10,53,0,0,false,0,0,omolon,,,Lightweight Frame*,Chambered Compensator*,Extended Barrel,Alloy Magazine*,Armor-Piercing Rounds,Outlaw*,Multikill Clip*,Kill Tracker,Tier 1: Stability*,,,,,,,,,,
PLUG ONE.1,1289000550,"""6917529386638667465""",favorite,Legendary,0,Fusion Rifle,nightfall,Energy,Arc,special,10,Precision Frame,Reload Speed,1,Vault,true,false,false,4,14,,75,66,80,63,17,0,0,0,64,0,32,6,41,800,0,0,0,0,0,0,0,8,40,0,0,false,0,0,,,,Precision Frame*,Corkscrew Rifling*,Smallbore,Accelerated Coils,Particle Repeater*,Quickdraw*,Cornered*,Kill Tracker,Tier 1: Reload Speed*,,,,,,,,,,
PLUG ONE.1,1289000550,"""6917529396625193117""",,Legendary,0,Fusion Rifle,nightfall,Energy,Arc,special,10,Precision Frame,Charge Time,2,Vault,true,false,false,4,14,,100,66,80,58,17,0,0,0,49,0,31,7,46,793,0,0,0,0,0,0,0,8,40,0,0,false,0,0,,,,Precision Frame*,Arrowhead Brake*,Hammer-Forged Rifling,Enhanced Battery*,Projection Fuse,Heating Up*,Backup Plan*,Kill Tracker,Tier 2: Charge Time*,,,,,,,,,,
PLUG ONE.1,1289000550,"""6917529951139702545""",,Legendary,0,Fusion Rifle,nightfall,Energy,Arc,special,10,Precision Frame,Handling,2,Vault,false,false,false,4,14,,85,66,80,58,17,0,0,0,59,0,11,8,33,800,0,0,0,0,0,0,0,8,40,0,0,false,0,0,,,,Precision Frame*,Chambered Compensator*,Fluted Barrel,Ionized Battery*,Particle Repeater,Under Pressure*,Successful Warm-Up*,Stunning Recovery*,Vanguard's Vindication,Kill Tracker,Tier 2: Handling*,,,,,,,,
PLUG ONE.1,1289000550,"""6917529951142870256""",,Legendary,0,Fusion Rifle,nightfall,Energy,Arc,special,10,Precision Frame,Stability,3,Vault,false,false,false,4,14,,85,66,80,58,17,0,0,0,72,0,31,7,31,800,0,0,0,0,0,0,0,8,40,0,0,false,0,0,,,,Precision Frame*,Chambered Compensator*,Smallbore,Particle Repeater*,Projection Fuse,Adaptive Munitions*,Reservoir Burst*,Stunning Recovery*,Vanguard's Vindication,Kill Tracker,Tier 3: Stability*,,,,,,,,
Pointed Inquiry,297296830,"""6917529894763000382""",,Legendary,0,Scout Rifle,throneworld,Energy,Void,primary,10,High-Impact Frame,Reload Speed,10,Vault,true,false,false,5,16,,74,28,67,75,21,0,0,0,29,150,42,12,42,0,0,0,0,0,0,0,0,14,48,0,0,crafted,35,1333,,,,High-Impact Frame*,Fluted Barrel*,Armor-Piercing Rounds*,Genesis*,Adaptive Munitions*,Psychohack*,Kill Tracker,,,,,,,,,,,,
Polaris Lance,3413074534,"""6917529969476783880""",,Exotic,0,Scout Rifle,,Energy,Solar,primary,10,The Perfect Fifth,,10,Vault,false,false,false,1,3,,97,39,67,77,21,0,0,0,72,150,43,14,24,0,0,0,0,0,0,0,0,27,55,0,0,false,0,223,,,,The Perfect Fifth*,Smallbore*,Tactical Mag*,Zen Moment*,Fitted Stock*,Kill Tracker,Polaris Lance Catalyst*,,,,,,,,,,,,
Positive Outlook,491078457,"""6917529905690359559""",,Legendary,0,Auto Rifle,strikes,Energy,Void,primary,10,Precision Frame,Range,1,Vault,false,false,false,6,21,,76,26,29,70,16,0,0,0,62,450,43,33,41,0,0,0,0,0,0,0,0,25,59,0,0,false,0,0,omolon,,,Precision Frame*,Chambered Compensator*,Polygonal Rifling,Ricochet Rounds*,Light Mag,Tunnel Vision*,Destabilizing Rounds*,Vanguard's Vindication*,Omolon Fluid Dynamics,Kill Tracker,Icarus Grip*,Tier 1: Range*,,,,,,,
Positive Outlook,3625635456,"""6917530188004329580""",,Legendary,3,Auto Rifle,monumentoftriumph,Energy,Void,primary,413,Precision Frame,Handling,4,Vault,false,false,false,8,28,,66,26,29,69,16,0,0,0,47,450,48,37,55,0,0,0,0,0,0,0,0,10,59,0,0,false,0,0,omolon,,,Precision Frame*,Corkscrew Rifling*,Smallbore,Appended Mag*,Armor-Piercing Rounds,Ambitious Assassin*,Repulsor Brace,Destabilizing Rounds*,Target Lock,Vanguard Determination*,Omolon Fluid Dynamics,Kill Tracker,Tier 4: Handling*,,,,,,
Positive Outlook,3625635456,"""6917530188837056706""",,Legendary,2,Auto Rifle,monumentoftriumph,Energy,Void,primary,414,Precision Frame,Range,1,Vault,false,false,false,8,28,,66,26,29,70,16,0,0,0,47,450,48,33,61,0,0,0,0,0,0,0,0,10,59,0,0,false,0,0,omolon,,,Precision Frame*,Fluted Barrel*,Hammer-Forged Rifling,Armor-Piercing Rounds*,High-Caliber Rounds,Ambitious Assassin*,Golden Tricorn Enhanced*,Vanguard Determination*,Omolon Fluid Dynamics,Kill Tracker,Tier 1: Range*,,,,,,,,
Positive Outlook,3625635456,"""6917530189635433380""",,Legendary,2,Auto Rifle,monumentoftriumph,Energy,Void,primary,440,Precision Frame,Handling,1,Vault,false,false,false,8,28,,66,26,29,74,16,0,0,0,42,450,43,37,47,0,0,0,0,0,0,0,0,10,59,0,0,false,0,0,omolon,,,Precision Frame*,Hammer-Forged Rifling*,Polygonal Rifling,Appended Mag*,Light Mag,Withering Gaze*,Golden Tricorn Enhanced*,Vanguard Determination*,Omolon Fluid Dynamics,Kill Tracker,Tier 1: Handling*,,,,,,,,
Positive Outlook,3625635456,"""6917530189637070427""",,Legendary,5,Auto Rifle,monumentoftriumph,Energy,Void,primary,451,Precision Frame,Handling,5,Vault,false,false,false,8,28,,66,26,29,79,16,0,0,0,33,450,45,37,47,0,0,0,0,0,0,0,0,10,59,0,0,false,0,0,omolon,,,Precision Frame*,Full Bore*,Polygonal Rifling,Appended Mag*,Flared Magwell,Repulsor Brace*,Withering Gaze,Feeding Frenzy,Feeding Frenzy*,Target Lock,Tap the Trigger,Vanguard Determination*,Omolon Fluid Dynamics,Kill Tracker,Tier 5: Handling*,Triumphant Pulse*,,,
Positive Outlook,3625635456,"""6917530191313801792""",,Legendary,5,Auto Rifle,monumentoftriumph,Energy,Void,primary,466,Precision Frame,Stability,1,Vault,false,false,false,8,28,,66,26,29,64,16,0,0,0,54,450,45,37,62,0,0,0,0,0,0,0,0,10,59,0,0,false,0,0,omolon,,,Precision Frame*,Fluted Barrel*,Polygonal Rifling,Appended Mag*,Ricochet Rounds,Zen Moment*,Dynamic Sway Reduction,Feeding Frenzy,Mega Kill Clip*,Dragonfly,Feeding Frenzy,Vanguard Determination*,Omolon Fluid Dynamics,Kill Tracker,Tier 1: Stability*,Triumphant Pulse*,,,
Positive Outlook,3625635456,"""6917530192884619338""",,Legendary,2,Auto Rifle,monumentoftriumph,Energy,Void,primary,467,Precision Frame,Handling,4,Vault,false,false,false,8,28,,96,26,29,69,16,0,0,0,42,450,43,33,60,0,0,0,0,0,0,0,0,10,59,0,0,false,0,0,omolon,,,Precision Frame*,Arrowhead Brake*,Hammer-Forged Rifling,Armor-Piercing Rounds*,Ricochet Rounds,Feeding Frenzy*,Golden Tricorn Enhanced*,Vanguard Determination*,Omolon Fluid Dynamics,Kill Tracker,Tier 4: Handling*,,,,,,,,
Positive Outlook,3625635456,"""6917530193058529995""",,Legendary,2,Auto Rifle,monumentoftriumph,Energy,Void,primary,468,Precision Frame,Range,3,Vault,false,false,false,8,28,,76,26,29,67,16,0,0,0,62,450,58,33,41,0,0,0,0,0,0,0,0,10,59,0,0,false,0,0,omolon,,,Precision Frame*,Chambered Compensator*,Polygonal Rifling,Flared Magwell*,Light Mag,Zen Moment*,Destabilizing Rounds*,Vanguard Determination*,Omolon Fluid Dynamics,Kill Tracker,Tier 3: Range*,,,,,,,,
Precipial,367772693,"""6917530185922853927""",,Legendary,1,Shotgun,kepler,Energy,Void,special,300,Precision Frame,Range,3,Vault,false,false,false,8,27,,75,70,70,81,12,0,0,0,60,70,38,5,26,0,0,0,0,0,0,0,0,4,45,0,0,false,0,0,,,,Precision Frame*,Rifled Barrel*,Smoothbore,Assault Mag*,Light Mag,Reconstruction*,Opening Shot*,Exhaustive Research*,Kill Tracker,Tier 3: Range*,,,,,,,,,
Precipial,367772693,"""6917530186043103651""",,Legendary,1,Shotgun,kepler,Energy,Void,special,334,Precision Frame,Reload Speed,1,Vault,false,false,false,8,27,,75,70,70,78,12,0,0,0,50,65,49,6,26,0,0,0,0,0,0,0,0,4,45,0,0,false,0,0,,,,Precision Frame*,Rifled Barrel*,Smallbore,Tactical Mag*,Light Mag,Reconstruction*,Discord*,Exhaustive Research*,Kill Tracker,Tier 1: Reload Speed*,,,,,,,,,
Precipial,367772693,"""6917530188027110465""",,Legendary,2,Shotgun,kepler,Energy,Void,special,401,Precision Frame,Range,1,Vault,false,false,false,8,27,,75,70,70,71,12,0,0,0,67,65,38,5,41,0,0,0,0,0,0,0,0,11,45,0,0,false,0,0,,,,Precision Frame*,Smallbore*,Corkscrew Rifling,Steady Rounds*,Light Mag,One-Two Punch*,Swashbuckler*,Exhaustive Research*,Kill Tracker,Tier 1: Range*,,,,,,,,,
Precipial,367772693,"""6917530193068698613""",,Legendary,2,Shotgun,kepler,Energy,Void,special,471,Precision Frame,Range,3,Vault,false,false,false,8,27,,75,70,70,66,12,0,0,0,60,65,38,6,41,0,0,0,0,0,0,0,0,11,45,0,0,false,0,0,,,,Precision Frame*,Barrel Shroud,Full Choke*,Extended Mag,Steady Rounds*,Moving Target*,Binary Orbit*,Exhaustive Research*,Kill Tracker,Backup Mag*,Tier 3: Range*,,,,,,,,
Precipial,367772693,"""6917530193078728673""",,Legendary,3,Shotgun,kepler,Energy,Void,special,483,Precision Frame,Stability,1,Hunter(60),false,false,false,8,27,,75,70,70,83,12,0,0,0,46,65,18,6,41,0,0,0,0,0,0,0,0,14,45,0,0,false,0,0,,,,Precision Frame*,Smoothbore*,Barrel Shroud,Extended Mag*,Accurized Rounds,Repulsor Brace*,Proximity Power,Slideshot*,Vorpal Weapon,Exhaustive Research*,Kill Tracker,Tier 1: Stability*,,,,,,,
Premonition,1969802090,"""6917530186016047493""",,Legendary,3,Pulse Rifle,dungeon,Energy,Void,primary,303,High-Impact Frame,Reload Speed,1,Vault,false,false,false,8,28,,77,37,33,70,18,0,0,0,70,340,41,28,38,0,0,0,0,0,0,0,0,10,53,0,0,false,0,0,,,,High-Impact Frame*,Corkscrew Rifling*,Polygonal Rifling,Ricochet Rounds*,Flared Magwell,Zen Moment*,Perpetual Motion,Kill Clip*,Headseeker,Loss*,Kill Tracker,Tier 1: Reload Speed*,,,,,,,
Pro Memoria,3605603507,"""6917530022227302973""",,Legendary,0,Machine Gun,paleheart,Power,Strand,heavy,10,Aggressive Frame,Range,3,Vault,true,false,false,7,24,,79,46,33,53,17,0,0,0,55,600,56,80,60,0,0,0,0,0,0,0,0,15,45,0,0,false,0,0,,,,Aggressive Frame*,Fluted Barrel*,Smallbore,Alloy Magazine,Light Mag*,Envious Assassin*,Bait and Switch*,Dealer's Choice*,Kill Tracker,Backup Mag*,Tier 3: Range*,,,,,,,,
Pro Memoria,3605603507,"""6917530022278763956""",,Legendary,0,Machine Gun,paleheart,Power,Strand,heavy,10,Aggressive Frame,Range,2,Vault,false,false,false,7,24,,79,46,33,47,17,0,0,0,60,600,29,80,45,0,0,0,0,0,0,0,0,25,45,0,0,false,0,144,,,,Aggressive Frame*,Polygonal Rifling*,Smallbore,Extended Mag*,Appended Mag,Reconstruction*,Frenzy*,Dealer's Choice*,Kill Tracker,Tier 2: Range*,,,,,,,,,
Pro Memoria,3605603507,"""6917530025279008076""",,Legendary,0,Machine Gun,paleheart,Power,Strand,heavy,10,Aggressive Frame,Range,1,Vault,false,false,false,7,24,,79,46,33,61,17,0,0,0,40,600,47,75,40,0,0,0,0,0,0,0,0,15,45,0,0,false,0,0,,,,Aggressive Frame*,Full Bore*,Smallbore,Appended Mag*,Armor-Piercing Rounds,Envious Assassin*,Collective Action*,Dealer's Choice*,Kill Tracker,Tier 1: Range*,,,,,,,,,
Pro Memoria,3605603507,"""6917530025319776650""",,Legendary,0,Machine Gun,paleheart,Power,Strand,heavy,10,Aggressive Frame,Range,3,Vault,false,false,false,7,24,,79,46,33,68,17,0,0,0,50,600,47,64,40,0,0,0,0,0,0,0,0,15,45,0,0,false,0,0,,,,Aggressive Frame*,Full Bore*,Smallbore,Ricochet Rounds*,Light Mag,Hatchling*,Target Lock*,Dealer's Choice*,Kill Tracker,Tier 3: Range*,,,,,,,,,
Pro Memoria,3605603507,"""6917530025828188558""",,Legendary,0,Machine Gun,paleheart,Power,Strand,heavy,10,Aggressive Frame,Range,1,Vault,false,false,false,7,24,,100,46,33,46,17,0,0,0,50,600,29,80,55,0,0,0,0,0,0,0,0,25,45,0,0,false,0,0,,,,Aggressive Frame*,Arrowhead Brake*,Corkscrew Rifling,Extended Mag*,High-Caliber Rounds,Envious Assassin*,Tap the Trigger*,Dealer's Choice*,Kill Tracker,Tier 1: Range*,,,,,,,,,
Pro Memoria,3605603507,"""6917530034621769530""",,Legendary,0,Machine Gun,paleheart,Power,Strand,heavy,10,Aggressive Frame,Stability,3,Titan(10),false,false,false,7,24,,89,46,33,60,17,0,0,0,53,600,47,80,35,0,0,0,0,0,0,0,0,15,45,0,0,false,0,0,,,,Aggressive Frame*,Extended Barrel*,Full Bore,Armor-Piercing Rounds*,High-Caliber Rounds,Hatchling*,Desperate Measures*,Dealer's Choice*,Kill Tracker,Backup Mag*,Tier 3: Stability*,,,,,,,,
Prodigal Return,268260373,"""6917529881723605348""",,Legendary,0,Grenade Launcher,seasonpass,Energy,Arc,special,10,Lightweight Frame,Reload Speed,1,Vault,false,false,false,6,20,,78,71,0,0,13,85,78,0,28,90,63,1,63,0,0,0,0,0,0,0,0,3,64,0,0,false,0,0,,,,Lightweight Frame*,Linear Compensator*,Smart Drift Control,Proximity Grenades*,Implosion Rounds,Shot Swap*,Adrenaline Junkie*,Noble Deeds*,Kill Tracker,Tier 1: Reload Speed*,,,,,,,,,
Prodigal Return,268260373,"""6917529895420898796""",,Legendary,0,Grenade Launcher,seasonpass,Energy,Arc,special,10,Lightweight Frame,Reload Speed,1,Vault,true,false,false,6,20,,78,71,0,0,13,95,68,0,23,90,63,1,58,0,0,0,0,0,0,0,0,3,64,0,0,false,0,12,,,,Lightweight Frame*,Volatile Launch*,Hard Launch,Proximity Grenades*,Implosion Rounds,Envious Assassin*,Harmony*,Noble Deeds*,Kill Tracker,Tier 1: Reload Speed*,,,,,,,,,
Prodigal Return,268260373,"""6917529902857970237""",,Legendary,0,Grenade Launcher,seasonpass,Energy,Arc,special,10,Lightweight Frame,Reload Speed,2,Vault,false,false,false,6,20,,78,71,0,0,13,90,63,0,38,90,64,1,63,0,0,0,0,0,0,0,0,3,64,0,0,false,0,0,,,,Lightweight Frame*,Confined Launch*,Countermass,Proximity Grenades*,Spike Grenades,Turnabout*,Danger Zone*,Noble Deeds*,Kill Tracker,Tier 2: Reload Speed*,,,,,,,,,
Prodigal Return,268260373,"""6917529950053228308""",,Legendary,0,Grenade Launcher,seasonpass,Energy,Arc,special,10,Lightweight Frame,Handling,3,Vault,false,false,false,6,20,,100,71,0,0,13,0,73,0,33,90,62,1,76,0,0,0,0,0,0,0,0,3,64,0,0,false,0,0,,,,Lightweight Frame*,Countermass*,Smart Drift Control,Disorienting Grenades*,High-Velocity Rounds,Envious Assassin*,Danger Zone*,Noble Deeds*,Kill Tracker,Quick Access Sling*,Tier 3: Handling*,,,,,,,,
Prolonged Engagement,1066772626,"""6917530188006262486""",,Legendary,5,Submachine Gun,,KineticSlot,Stasis,primary,414,Lightweight Frame,Stability,10,Vault,false,false,false,8,28,,100,55,15,30,14,0,0,0,61,900,36,44,85,0,0,0,0,0,0,0,0,21,60,0,0,false,0,0,veist,,,Lightweight Frame*,Arrowhead Brake*,Fluted Barrel,Appended Mag*,Flared Magwell,Feeding Frenzy*,Perpetual Motion,Demolitionist,Multikill Clip*,Harmony,Tap the Trigger,Accelerated Assault*,Vanguard Determination,Veist Stinger,Kill Tracker,Masterworked: Stability*,Triumphant Pulse*,,
Prolonged Engagement,2624561525,"""6917530189596605851""",,Legendary,4,Submachine Gun,monumentoftriumph,KineticSlot,Stasis,primary,441,Lightweight Frame,Handling,1,Vault,false,false,false,8,28,,85,55,15,25,14,0,0,0,58,900,45,41,85,0,0,0,0,0,0,0,0,21,60,0,0,false,0,0,veist,,,Lightweight Frame*,Fluted Barrel*,Full Bore,Flared Magwell*,Light Mag,Demolitionist*,Dynamic Sway Reduction,Perfect Float*,Tap the Trigger,Vanguard Determination*,Veist Stinger,Kill Tracker,Tier 1: Handling*,,,,,,
Prolonged Engagement,2624561525,"""6917530189596606678""",,Legendary,4,Submachine Gun,monumentoftriumph,KineticSlot,Stasis,primary,440,Lightweight Frame,Handling,2,Vault,false,false,false,8,28,,85,55,15,25,14,0,0,0,52,900,11,45,86,0,0,0,0,0,0,0,0,31,60,0,0,false,0,0,veist,,,Lightweight Frame*,Fluted Barrel*,Polygonal Rifling,Extended Mag*,High-Caliber Rounds,Proximity Power*,Demolitionist,Headstone*,Target Lock,Vanguard Determination*,Veist Stinger,Kill Tracker,Tier 2: Handling*,,,,,,
Prolonged Engagement,2624561525,"""6917530189850769085""",,Legendary,5,Submachine Gun,monumentoftriumph,KineticSlot,Stasis,primary,458,Lightweight Frame,Reload Speed,1,Vault,false,false,false,8,28,,85,55,15,38,14,0,0,0,52,900,30,41,73,0,0,0,0,0,0,0,0,21,60,0,0,false,0,0,veist,,,Lightweight Frame*,Corkscrew Rifling*,Polygonal Rifling,High-Caliber Rounds*,Ricochet Rounds,Proximity Power*,Demolitionist,Dynamic Sway Reduction,Headstone*,Multikill Clip,Desperate Measures,Vanguard Determination*,Veist Stinger,Kill Tracker,Tier 1: Reload Speed*,Triumphant Pulse*,,,
Prolonged Engagement,2624561525,"""6917530191318323488""",,Legendary,5,Submachine Gun,monumentoftriumph,KineticSlot,Stasis,primary,468,Lightweight Frame,Handling,3,Vault,false,false,false,8,28,,95,55,15,31,14,0,0,0,68,900,29,41,67,0,0,0,0,0,0,0,0,21,60,0,0,false,0,0,veist,,,Lightweight Frame*,Chambered Compensator*,Polygonal Rifling,Ricochet Rounds*,Flared Magwell,Outlaw*,Subsistence,Proximity Power,Desperate Measures*,Target Lock,Tap the Trigger,Vanguard Determination*,Veist Stinger,Kill Tracker,Tier 3: Handling*,Triumphant Pulse*,,,
Prolonged Engagement,2624561525,"""6917530191318327747""",,Legendary,4,Submachine Gun,monumentoftriumph,KineticSlot,Stasis,primary,467,Lightweight Frame,Handling,1,Vault,false,false,false,8,28,,95,55,15,32,14,0,0,0,57,900,29,41,65,0,0,0,0,0,0,0,0,21,60,0,0,false,0,0,veist,,,Lightweight Frame*,Chambered Compensator*,Hammer-Forged Rifling,High-Caliber Rounds*,Flared Magwell,Proximity Power*,Dynamic Sway Reduction,Perfect Float*,Desperate Measures,Vanguard Determination*,Veist Stinger,Kill Tracker,Tier 1: Handling*,,,,,,
Prometheus Lens,19024058,"""6917529895766494403""",,Exotic,0,Trace Rifle,,Energy,Solar,special,461,Prismatic Inferno,,10,Vault,false,false,false,1,2,,100,100,6,70,16,0,0,0,60,1000,40,100,35,0,0,0,0,0,0,0,0,16,100,0,0,false,0,0,,,,Prismatic Inferno*,Chambered Compensator*,Projection Fuse*,Flame Refraction*,Composite Stock*,Kill Tracker,Prometheus Catalyst*,,,,,,,,,,,,
Psi Aeterna IV,3556730800,"""6917530189639159307""",,Legendary,4,Pulse Rifle,monumentoftriumph,Energy,Arc,special,450,Micro-Missile Frame,Handling,4,Vault,false,false,false,8,28,,71,68,0,0,20,74,69,0,50,200,30,5,30,0,0,0,0,0,0,0,0,20,11,0,0,false,0,0,cassoid,,,Micro-Missile Frame*,Linear Compensator*,Smart Drift Control,Alloy Magazine*,High-Explosive Ordnance,Eddy Current*,Stats for All,Jolting Feedback*,One for All,Vanguard Determination*,Wild Card,Kill Tracker,Tier 4: Handling*,,,,,,
Psi Hermetic V,358788212,"""6917529973036317076""",,Legendary,0,Pulse Rifle,engram,KineticSlot,Stasis,primary,10,High-Impact Frame,Range,3,Vault,false,false,false,6,22,,85,32,33,69,18,0,0,0,63,340,34,28,16,0,0,0,0,0,0,0,0,22,52,0,0,false,0,0,cassoid,,,High-Impact Frame*,Extended Barrel*,Full Bore,Steady Rounds*,Alloy Magazine,Elemental Capacitor*,Headseeker*,Wild Card*,Kill Tracker,Tier 3: Range*,,,,,,,,,
Psi Hermetic V,358788212,"""6917530022139980205""",,Legendary,0,Pulse Rifle,engram,KineticSlot,Stasis,primary,10,High-Impact Frame,Range,1,Vault,false,false,false,6,22,,85,32,33,62,18,0,0,0,58,340,14,37,21,0,0,0,0,0,0,0,0,25,52,0,0,false,0,69,cassoid,,,High-Impact Frame*,Chambered Compensator*,Fluted Barrel,Extended Mag*,Steady Rounds,Encore*,Headstone*,Wild Card*,Kill Tracker,Tier 1: Range*,,,,,,,,,
Psi Hermetic V,358788212,"""6917530025712165047""",,Legendary,0,Pulse Rifle,engram,KineticSlot,Stasis,primary,10,High-Impact Frame,Stability,3,Vault,false,false,false,6,22,,85,32,33,71,18,0,0,0,51,340,14,37,16,0,0,0,0,0,0,0,0,25,52,0,0,false,0,0,cassoid,,,High-Impact Frame*,Extended Barrel*,Full Bore,Extended Mag*,Alloy Magazine,Outlaw*,Headstone*,Wild Card*,Kill Tracker,Tier 3: Stability*,,,,,,,,,
Psi Hermetic V,358788212,"""6917530029641082546""",,Legendary,0,Pulse Rifle,engram,KineticSlot,Stasis,primary,10,High-Impact Frame,Reload Speed,1,Vault,false,false,false,6,22,,100,32,33,56,18,0,0,0,63,340,35,28,36,0,0,0,0,0,0,0,0,22,52,0,0,false,0,0,cassoid,,,High-Impact Frame*,Arrowhead Brake*,Extended Barrel,Steady Rounds*,Flared Magwell,Elemental Capacitor*,Headseeker*,Wild Card*,Kill Tracker,Tier 1: Reload Speed*,,,,,,,,,
Punching Out,1469372193,"""6917530188002166776""",,Legendary,3,Sidearm,monumentoftriumph,Energy,Solar,primary,413,Rapid-Fire Frame,Stability,1,Vault,false,false,false,8,28,,88,56,35,21,12,0,0,0,69,450,43,18,72,0,0,0,0,0,0,0,0,12,65,0,0,false,0,0,suros,,,Rapid-Fire Frame*,Fluted Barrel*,Smallbore,Appended Mag*,Ricochet Rounds,Rangefinder*,Heal Clip,Feeding Frenzy*,Swashbuckler,Vanguard Determination*,Suros Synergy,Kill Tracker,Tier 1: Stability*,,,,,,
Punching Out,1469372193,"""6917530188004324579""",,Legendary,3,Sidearm,monumentoftriumph,Energy,Solar,primary,413,Rapid-Fire Frame,Handling,2,Vault,false,false,false,8,28,,98,56,35,31,12,0,0,0,63,450,43,18,44,0,0,0,0,0,0,0,0,12,65,0,0,false,0,0,suros,,,Rapid-Fire Frame*,Extended Barrel*,Full Bore,Appended Mag*,Flared Magwell,Overflow*,Light Touch,Feeding Frenzy*,Meganeura,Vanguard Determination*,Suros Synergy,Kill Tracker,Tier 2: Handling*,,,,,,
Punching Out,1469372193,"""6917530188004330920""",,Legendary,3,Sidearm,monumentoftriumph,Energy,Solar,primary,413,Rapid-Fire Frame,Reload Speed,2,Vault,false,false,false,8,28,,100,56,35,26,12,0,0,0,63,450,45,16,62,0,0,0,0,0,0,0,0,12,65,0,0,false,0,0,suros,,,Rapid-Fire Frame*,Arrowhead Brake*,Full Bore,Armor-Piercing Rounds*,Flared Magwell,Light Touch*,Demolitionist,Kill Clip*,Adrenaline Junkie,Vanguard Determination*,Suros Synergy,Kill Tracker,Tier 2: Reload Speed*,,,,,,
Punching Out,1469372193,"""6917530188611620045""",,Legendary,3,Sidearm,monumentoftriumph,Energy,Solar,primary,425,Rapid-Fire Frame,Reload Speed,1,Vault,false,false,false,8,28,,88,56,35,36,12,0,0,0,53,450,24,20,47,0,0,0,0,0,0,0,0,22,65,0,0,false,0,0,suros,,,Rapid-Fire Frame*,Full Bore*,Hammer-Forged Rifling,Extended Mag*,Ricochet Rounds,Overflow*,Light Touch,Feeding Frenzy*,Incandescent,Vanguard Determination*,Suros Synergy,Kill Tracker,Tier 1: Reload Speed*,,,,,,
Punching Out,1469372193,"""6917530189382419374""",,Legendary,4,Sidearm,monumentoftriumph,Energy,Solar,primary,439,Rapid-Fire Frame,Stability,2,Vault,false,false,false,8,28,,98,56,35,28,12,0,0,0,76,450,43,16,48,0,0,0,0,0,0,0,0,12,65,0,0,false,0,0,suros,,,Rapid-Fire Frame*,Chambered Compensator*,Full Bore,Armor-Piercing Rounds*,High-Caliber Rounds,Recycled Energy*,Heal Clip,Feeding Frenzy*,Adrenaline Junkie,Vanguard Determination*,Suros Synergy,Kill Tracker,Tier 2: Stability*,,,,,,
Punching Out,1469372193,"""6917530189382421528""",,Legendary,4,Sidearm,monumentoftriumph,Energy,Solar,primary,439,Rapid-Fire Frame,Reload Speed,1,Vault,false,false,false,8,28,,98,56,35,32,12,0,0,0,63,450,44,16,43,0,0,0,0,0,0,0,0,12,65,0,0,false,0,0,suros,,,Rapid-Fire Frame*,Extended Barrel*,Full Bore,Alloy Magazine*,Appended Mag,Overflow*,Demolitionist,Feeding Frenzy*,Adrenaline Junkie,Vanguard Determination*,Suros Synergy,Kill Tracker,Tier 1: Reload Speed*,,,,,,
Punching Out,1469372193,"""6917530191304799262""",,Legendary,5,Sidearm,monumentoftriumph,Energy,Solar,primary,465,Rapid-Fire Frame,Handling,2,Vault,false,false,false,8,28,,88,56,35,40,12,0,0,0,63,450,43,16,54,0,0,0,0,0,0,0,0,12,65,0,0,false,0,0,suros,,,Rapid-Fire Frame*,Hammer-Forged Rifling*,Polygonal Rifling,Armor-Piercing Rounds*,Ricochet Rounds,Overflow*,Rangefinder,Recycled Energy,Feeding Frenzy*,Binary Orbit,Adrenaline Junkie,Vanguard Determination*,Suros Synergy,Kill Tracker,Tier 2: Handling*,Triumphant Pulse*,,,
Punching Out,1469372193,"""6917530192865325978""",,Legendary,3,Sidearm,monumentoftriumph,Energy,Solar,primary,476,Rapid-Fire Frame,Stability,2,Vault,false,false,false,8,28,,88,56,35,26,12,0,0,0,70,450,23,20,62,0,0,0,0,0,0,0,0,22,65,0,0,false,0,0,suros,,,Rapid-Fire Frame*,Corkscrew Rifling*,Full Bore,Extended Mag*,Ricochet Rounds,Rangefinder*,Demolitionist,Meganeura*,Adrenaline Junkie,Vanguard Determination*,Suros Synergy,Kill Tracker,Tier 2: Stability*,,,,,,
Punching Out,1469372193,"""6917530192867092480""",,Legendary,4,Sidearm,monumentoftriumph,Energy,Solar,primary,478,Rapid-Fire Frame,Range,1,Vault,false,false,false,8,28,,98,56,35,22,12,0,0,0,74,450,45,18,48,0,0,0,0,0,0,0,0,12,65,0,0,false,0,0,suros,,,Rapid-Fire Frame*,Chambered Compensator*,Extended Barrel,Appended Mag*,Armor-Piercing Rounds,Recycled Energy*,Heal Clip,Binary Orbit*,Incandescent,Vanguard Determination*,Suros Synergy,Kill Tracker,Tier 1: Range*,,,,,,
Pyroclastic Flow,3161496501,"""6917530187986168524""",,Legendary,3,Rocket Launcher,monumentoftriumph,Power,Solar,heavy,401,Precision Frame,Handling,1,Vault,false,false,false,8,28,,93,59,0,0,20,5,57,0,44,15,39,1,52,0,0,0,0,0,0,0,0,3,42,0,0,false,0,0,hakke,,,Precision Frame*,Countermass*,Hard Launch,Alloy Casing*,Implosion Rounds,Perpetual Motion*,Heal Clip,Bipod*,Bait and Switch,Fail-deadly*,Kill Tracker,Tier 1: Handling*,,,,,,,
Pyroclastic Flow,3161496501,"""6917530188887228591""",,Legendary,4,Rocket Launcher,monumentoftriumph,Power,Solar,heavy,417,Precision Frame,Reload Speed,2,Vault,false,false,false,8,28,,93,59,0,0,20,36,57,0,46,15,26,1,52,0,0,0,0,0,0,0,0,3,42,0,0,false,0,0,hakke,,,Precision Frame*,Countermass*,Hard Launch,Black Powder*,High-Velocity Rounds,Auto-Loading Holster*,Perpetual Motion,Demolitionist*,Explosive Light,Fail-deadly*,Kill Tracker,Tier 2: Reload Speed*,,,,,,,
Pyroclastic Flow,3161496501,"""6917530189109913151""",,Legendary,5,Rocket Launcher,monumentoftriumph,Power,Solar,heavy,419,Precision Frame,Handling,3,Vault,false,false,false,8,28,,63,59,0,0,20,6,59,0,75,15,9,1,44,0,0,0,0,0,0,0,0,3,42,0,0,false,0,0,hakke,,,Precision Frame*,Confined Launch*,Smart Drift Control,Implosion Rounds*,Impact Casing,Auto-Loading Holster*,Incandescent,Field Prep,Bipod*,Explosive Light,Bait and Switch,Fail-deadly*,Kill Tracker,Tier 3: Handling*,Triumphant Pulse*,,,,
Pyroclastic Flow,3161496501,"""6917530189111830572""",,Legendary,5,Rocket Launcher,monumentoftriumph,Power,Solar,heavy,419,Precision Frame,Handling,2,Vault,false,false,false,8,28,,63,59,0,0,20,57,53,0,35,15,29,1,38,0,0,0,0,0,0,0,0,3,42,0,0,false,0,0,hakke,,,Precision Frame*,Volatile Launch*,Hard Launch,Black Powder*,Impact Casing,Danger Zone*,Heal Clip,Field Prep,Quickdraw*,Bipod,Surrounded,Fail-deadly*,Kill Tracker,Tier 2: Handling*,Triumphant Pulse*,,,,
Qua Furor V,751880654,"""6917530087302483025""",,Legendary,0,Machine Gun,engram,Power,Stasis,heavy,10,Aggressive Frame,Range,3,Vault,false,false,false,7,26,,58,54,33,47,16,0,0,0,48,600,46,58,42,0,0,0,0,0,0,0,0,11,39,0,0,false,0,0,cassoid,,,Aggressive Frame*,Hammer-Forged Rifling*,Smallbore,Alloy Magazine*,Armor-Piercing Rounds,Offhand Strike*,Tap the Trigger*,Wild Card*,Kill Tracker,Tier 3: Range*,,,,,,,,,
Qua Furor V,751880654,"""6917530087308105751""",,Legendary,0,Machine Gun,engram,Power,Stasis,heavy,10,Aggressive Frame,Stability,3,Vault,false,false,false,7,26,,68,54,33,34,16,0,0,0,61,600,46,58,37,0,0,0,0,0,0,0,0,11,39,0,0,false,0,0,cassoid,,,Aggressive Frame*,Chambered Compensator*,Smallbore,Alloy Magazine*,Flared Magwell,Rimestealer*,Dragonfly*,Wild Card*,Kill Tracker,Tier 3: Stability*,,,,,,,,,
Qua Vinctus IV,337893613,"""6917530189592504438""",,Legendary,4,Machine Gun,monumentoftriumph,Power,Strand,heavy,441,High-Impact Frame,Stability,10,Vault,false,false,false,8,28,,59,32,70,60,16,0,0,0,45,360,46,44,33,0,0,0,0,0,0,0,0,14,38,0,0,false,0,0,cassoid,,,High-Impact Frame*,Polygonal Rifling*,Flared Magwell*,Triple Tap*,Meganeura*,Roar of Battle*,Wild Card,Kill Tracker,Masterworked: Stability*,,,,,,,,,,
Qua Vinctus IV,337893613,"""6917530192939379039""",,Legendary,4,Machine Gun,monumentoftriumph,Power,Strand,heavy,482,High-Impact Frame,Reload Speed,1,Vault,false,false,false,8,28,,59,32,70,60,16,0,0,0,38,360,43,48,33,0,0,0,0,0,0,0,0,14,38,0,0,false,0,0,cassoid,,,High-Impact Frame*,Polygonal Rifling*,Smallbore,Tactical Mag*,Extended Mag,Built to Blast*,Hatchling,Rewind Rounds*,Lone Wolf,Roar of Battle*,Wild Card,Kill Tracker,Tier 1: Reload Speed*,,,,,,
Quickfang,2782325300,"""6917529396734299129""",,Legendary,0,Sword,engram,Power,Void,heavy,10,Lightweight Frame,Impact,2,Vault,true,false,false,4,14,,0,0,61,0,0,0,0,0,0,0,0,88,0,0,0,0,30,10,40,80,0,0,0,0,0,false,0,0,veist,,,Lightweight Frame*,Hungry Edge*,Honed Edge,Tempered Edge,Swordmaster's Guard*,Relentless Strikes*,One for All*,Kill Tracker,Tier 2: Impact*,,,,,,,,,,
Quicksilver Storm,4293613902,"""6917529869769529779""",,Exotic,0,Auto Rifle,deluxe,KineticSlot,Kinetic,primary,465,Missile Tracers,,,Vault,false,false,false,5,18,,88,83,18,50,16,0,0,0,100,720,54,50,53,0,0,0,0,0,0,0,0,26,59,0,0,false,0,26,,,,Missile Tracers*,Corkscrew Rifling*,High-Caliber Rounds*,Grenade Chaser*,Hand-Laid Stock*,Kill Tracker,Empty Catalyst Socket*,,,,,,,,,,,,
Qullim's Terminus,1321506184,"""6917530009120761571""",,Legendary,0,Machine Gun,kingsfall,Power,Stasis,heavy,10,High-Impact Frame,Stability,4,Vault,false,false,false,5,18,,80,32,70,73,16,0,0,0,29,360,16,57,35,0,0,0,0,0,0,0,0,25,46,0,0,false,0,0,,,,High-Impact Frame*,Corkscrew Rifling*,Hammer-Forged Rifling,Extended Mag*,Flared Magwell,Unrelenting*,Headstone*,Runneth Over*,Kill Tracker,Tier 4: Stability*,,,,,,,,,
Raconteur,45643573,"""6917529884961348150""",,Legendary,0,Combat Bow,seasonpass,KineticSlot,Stasis,primary,10,Precision Frame,Reload Speed,3,Vault,true,false,false,6,20,,72,64,76,0,18,0,0,0,53,0,43,0,56,0,667,85,0,0,0,0,0,20,54,0,0,false,0,0,,,,Precision Frame*,Tactile String*,Flexible String,Fiberglass Arrow Shaft*,Natural Fletching,Archer's Tempo*,Successful Warm-Up*,Noble Deeds*,Kill Tracker,Tier 3: Reload Speed*,,,,,,,,,
Raconteur,45643573,"""6917529894810210129""",,Legendary,0,Combat Bow,seasonpass,KineticSlot,Stasis,primary,10,Precision Frame,Reload Speed,4,Vault,false,false,false,6,20,,72,64,76,0,18,0,0,0,63,0,44,0,61,0,600,50,0,0,0,0,0,20,54,0,0,false,0,0,,,,Precision Frame*,Elastic String*,Natural String,Natural Fletching*,Straight Fletching,Archer's Tempo*,Headstone*,Noble Deeds*,Kill Tracker,Tier 4: Reload Speed*,,,,,,,,,
Raconteur,45643573,"""6917529957401281751""",favorite,Legendary,0,Combat Bow,seasonpass,KineticSlot,Stasis,primary,10,Precision Frame,,,Vault,false,false,false,6,20,,72,69,76,0,18,0,0,0,63,0,40,0,71,0,667,65,0,0,0,0,0,20,54,0,0,crafted,1,58,,,,Precision Frame*,Agile Bowstring*,Carbon Arrow Shaft*,Wellspring*,Eye of the Storm*,Noble Deeds*,Kill Tracker,Targeting Adjuster*,,,,,,,,,,,
Ragnhild-D,4225322581,"""6917529677719378282""",favorite,Legendary,0,Shotgun,engram,KineticSlot,Kinetic,special,10,Aggressive Frame,Range,10,Titan(10),true,false,false,5,16,,64,38,80,38,12,0,0,0,39,55,33,6,40,0,0,0,0,0,0,0,0,3,37,0,0,false,0,68,hakke,,,Aggressive Frame*,Rifled Barrel,Barrel Shroud*,Appended Mag*,Accurized Rounds,Auto-Loading Holster*,One-Two Punch*,Häkke Breach Armaments*,Kill Tracker,Masterworked: Range*,,,,,,,,,
Ragnhild-D,4225322581,"""6917529957403289152""",favorite,Legendary,0,Shotgun,engram,KineticSlot,Kinetic,special,10,Aggressive Frame,Range,10,Titan(10),true,false,false,5,16,,64,38,80,48,12,0,0,0,36,55,45,5,37,0,0,0,0,0,0,0,0,3,37,0,0,crafted,52,1787,hakke,"00003:Gambit,Solar,Strike",,Aggressive Frame*,Corkscrew Rifling*,Light Mag*,Subsistence*,Demolitionist*,Häkke Breach Armaments*,Kill Tracker,,,,,,,,,,,,
Rapacious Appetite,1081724548,"""6917529905370635335""",,Legendary,0,Submachine Gun,dungeon,KineticSlot,Stasis,primary,10,Aggressive Frame,Stability,3,Vault,false,false,false,6,21,,94,27,22,50,14,0,0,0,21,720,37,30,53,0,0,0,0,0,0,0,0,18,34,0,0,false,0,0,,,,Aggressive Frame*,Extended Barrel,Smallbore*,Armor-Piercing Rounds,Flared Magwell*,Well-Rounded*,Headstone*,Kill Tracker,Unsated Hunger*,Tier 3: Stability*,,,,,,,,,
Rapacious Appetite,1081724548,"""6917530186363993440""",,Legendary,0,Submachine Gun,dungeon,KineticSlot,Stasis,primary,360,Aggressive Frame,Range,4,Vault,false,false,false,6,21,,100,27,22,47,14,0,0,0,6,720,2,34,63,0,0,0,0,0,0,0,0,28,34,0,0,false,0,0,,,,Aggressive Frame*,Arrowhead Brake*,Chambered Compensator,Extended Mag*,High-Caliber Rounds,Envious Assassin*,Focused Fury*,Kill Tracker,Unsated Hunger*,Tier 4: Range*,,,,,,,,,
Rat King,2362471601,"""6917529895756349206""",,Exotic,0,Sidearm,,KineticSlot,Kinetic,primary,10,Rat Pack,,10,Vault,false,false,false,1,1,,80,60,49,37,12,0,0,0,57,300,50,15,45,0,0,0,0,0,0,0,0,31,80,0,0,false,0,0,,,,Rat Pack*,Smallbore*,Tactical Mag*,Vermin*,Smooth Grip*,Kill Tracker,Rat King Catalyst*,,,,,,,,,,,,
Recurrent Impact,1572896086,"""6917529971515616406""",,Legendary,0,Machine Gun,psiops,Power,Stasis,heavy,10,Rapid-Fire Frame,Handling,2,Vault,false,false,false,5,16,,53,67,25,34,17,0,0,0,49,900,72,85,52,0,0,0,0,0,0,0,0,10,43,0,0,false,0,582,,,,Rapid-Fire Frame*,Smallbore*,Tactical Mag*,Perpetual Motion*,Headstone*,Land Tank*,Kill Tracker,Tier 2: Handling*,,,,,,,,,,,
Red Death Reformed,427899681,"""6917530019396195402""",,Exotic,0,Pulse Rifle,seasonpass,Energy,Solar,primary,10,Redemption,,,Vault,false,false,false,7,24,,86,32,33,85,17,0,0,0,49,340,46,29,29,0,0,0,0,0,0,0,0,24,58,0,0,false,0,72,,,,Redemption*,Full Bore*,High-Caliber Rounds*,Inverse Relationship*,Fitted Stock*,Kill Tracker,Empty Catalyst Socket*,,,,,,,,,,,,
Red Herring,3175851496,"""6917529690850073592""",,Legendary,0,Rocket Launcher,campaign,Power,Void,heavy,10,Adaptive Frame,Reload Speed,3,Vault,false,false,false,5,16,,66,62,0,0,20,55,58,0,37,20,75,1,40,0,0,0,0,0,0,0,0,3,36,0,0,false,0,0,,,,Adaptive Frame*,Linear Compensator*,Quick Launch,Alloy Casing*,Black Powder,Tracking Module*,Adrenaline Junkie*,Psychohack*,Kill Tracker,Tier 3: Reload Speed*,,,,,,,,,
Red Herring,3175851496,"""6917529690875181953""",,Legendary,0,Rocket Launcher,campaign,Power,Void,heavy,10,Adaptive Frame,,,Vault,false,false,false,5,16,,66,62,0,0,20,60,53,0,57,20,52,1,40,0,0,0,0,0,0,0,0,3,36,0,0,crafted,1,0,,,,Adaptive Frame*,Confined Launch*,High-Velocity Rounds*,Ensemble*,Golden Tricorn*,Psychohack*,Kill Tracker,,,,,,,,,,,,
Red Tape,736362511,"""6917530187770985083""",,Legendary,4,Scout Rifle,monumentoftriumph,KineticSlot,Stasis,primary,397,Lightweight Frame,Handling,4,Vault,false,false,false,8,28,,56,69,60,38,20,0,0,0,45,200,63,16,73,0,0,0,0,0,0,0,0,16,53,0,0,false,0,0,,,,Lightweight Frame*,Corkscrew Rifling*,Fluted Barrel,Tactical Mag*,Alloy Magazine,Keep Away*,Attrition Orbs,Headstone*,Adrenaline Junkie,Dark Ether Reaper*,Kill Tracker,Tier 4: Handling*,,,,,,,
Red Tape,736362511,"""6917530192836303522""",,Legendary,3,Scout Rifle,monumentoftriumph,KineticSlot,Stasis,primary,300,Lightweight Frame,Range,2,Vault,false,false,false,8,28,,86,69,60,34,20,0,0,0,33,200,52,17,74,0,0,0,0,0,0,0,0,16,53,0,0,false,0,0,,,,Lightweight Frame*,Arrowhead Brake*,Hammer-Forged Rifling,Appended Mag*,Tactical Mag,Closing Time*,Keep Away,High-Impact Reserves*,Adrenaline Junkie,Dark Ether Reaper*,Kill Tracker,Tier 2: Range*,,,,,,,
Red Tape,736362511,"""6917530192902371293""",,Legendary,3,Scout Rifle,monumentoftriumph,KineticSlot,Stasis,primary,468,Lightweight Frame,Stability,1,Vault,false,false,false,8,28,,56,69,60,32,20,0,0,0,49,200,62,16,64,0,0,0,0,0,0,0,0,16,53,0,0,false,0,0,,,,Lightweight Frame*,Polygonal Rifling*,Smallbore,Tactical Mag*,Flared Magwell,Fourth Time's the Charm*,Demolitionist,Rampage*,Explosive Payload,Dark Ether Reaper*,Kill Tracker,Tier 1: Stability*,,,,,,,
Red Tape,736362511,"""6917530193068693725""",,Legendary,3,Scout Rifle,monumentoftriumph,KineticSlot,Stasis,primary,470,Lightweight Frame,Handling,4,Warlock(482),false,false,false,8,28,,56,69,60,37,20,0,0,0,38,200,32,18,73,0,0,0,0,0,0,0,0,26,53,0,0,false,0,0,,,,Lightweight Frame*,Corkscrew Rifling*,Polygonal Rifling,Extended Mag*,Flared Magwell,Rimestealer*,Fourth Time's the Charm,Focused Fury*,Rampage,Dark Ether Reaper*,Kill Tracker,Tier 4: Handling*,,,,,,,
Redback-5si,1687353095,"""6917529872769504617""",,Legendary,0,Sidearm,engram,Energy,Solar,primary,10,Lightweight Frame,Handling,1,Vault,false,false,false,5,16,,89,69,43,40,12,0,0,0,43,360,53,16,68,0,0,0,0,0,0,0,0,20,45,0,0,false,0,0,veist,,,Lightweight Frame*,Hammer-Forged Rifling*,Polygonal Rifling,Appended Mag*,Alloy Magazine,Perpetual Motion*,One for All*,Veist Stinger*,Kill Tracker,Tier 1: Handling*,,,,,,,,,
Redback-5si,1687353095,"""6917529950024011393""",,Legendary,0,Sidearm,engram,Energy,Solar,primary,10,Lightweight Frame,Stability,3,Vault,false,false,false,5,16,,99,69,43,30,12,0,0,0,56,360,33,17,62,0,0,0,0,0,0,0,0,30,45,0,0,false,0,0,veist,,,Lightweight Frame*,Chambered Compensator*,Smallbore,Extended Mag*,Flared Magwell,Perpetual Motion*,Rampage*,Veist Stinger*,Kill Tracker,Tier 3: Stability*,,,,,,,,,
Regnant,268260372,"""6917529895130816439""",favorite,Legendary,0,Grenade Launcher,seasonpass,Power,Void,heavy,10,Adaptive Frame,,,Hunter(60),false,true,false,6,20,,100,61,0,0,13,50,28,0,37,120,69,5,50,0,0,0,0,0,0,0,0,14,34,0,0,crafted,11,555,,"00002:Gambit,Void",,Adaptive Frame*,Countermass*,Alloy Casing*,Thresh*,Unrelenting*,Noble Deeds*,Kill Tracker,,,,,,,,,,,,
Regnant,268260372,"""6917530018700268392""",,Legendary,0,Grenade Launcher,seasonpass,Power,Void,heavy,10,Adaptive Frame,Reload Speed,1,Vault,false,false,false,6,20,,74,61,0,0,13,65,23,0,37,120,20,7,35,0,0,0,0,0,0,0,0,14,34,0,0,false,0,15,,,,Adaptive Frame*,Volatile Launch*,Smart Drift Control,Augmented Drum*,High-Velocity Rounds,Auto-Loading Holster*,Explosive Light*,Noble Deeds*,Kill Tracker,Tier 1: Reload Speed*,,,,,,,,,
Resounding,3273807888,"""6917530188837058526""",,Legendary,3,Fusion Rifle,monumentoftriumph,KineticSlot,Strand,special,428,Aggressive Frame,Stability,1,Vault,false,false,false,8,28,,59,50,90,40,15,0,0,0,46,0,32,6,33,667,0,0,0,0,0,0,0,8,38,0,0,false,0,0,,,,Aggressive Frame*,Corkscrew Rifling*,Fluted Barrel,Accelerated Coils*,Projection Fuse,Compulsive Reloader*,Feeding Frenzy,Aggregate Charge*,Strategist,Vanguard Determination*,Wild Card,Kill Tracker,Tier 1: Stability*,,,,,,
Retold Tale,346136302,"""6917529873772194141""",,Legendary,0,Shotgun,dreaming,Energy,Void,special,10,Precision Frame,Range,5,Vault,false,false,false,2,4,,64,75,70,75,12,0,0,0,65,70,41,6,39,0,0,0,0,0,0,0,0,2,58,0,0,false,0,0,,,,Precision Frame*,Smallbore,Corkscrew Rifling*,Assault Mag*,Accurized Rounds,Field Prep*,One-Two Punch*,Kill Tracker,Tier 5: Range*,,,,,,,,,,
Retold Tale,871900124,"""6917529961359944416""",,Legendary,0,Shotgun,,Energy,Void,special,10,Precision Frame,Handling,5,Vault,false,false,false,6,23,,64,75,70,70,12,0,0,0,55,65,51,7,44,0,0,0,0,0,0,0,0,2,38,0,0,false,0,0,,,,Precision Frame*,Corkscrew Rifling*,Full Choke,Tactical Mag*,Steady Rounds,Slideshot*,One-Two Punch*,Advanced Reflexes*,Kill Tracker,Tier 5: Handling*,,,,,,,,,
Retold Tale,871900124,"""6917529961362650356""",,Legendary,0,Shotgun,,Energy,Void,special,10,Precision Frame,Stability,1,Vault,false,false,false,6,23,,64,75,70,80,12,0,0,0,61,70,41,6,34,0,0,0,0,0,0,0,0,2,38,0,0,false,0,8,,,,Precision Frame*,Smoothbore*,Corkscrew Rifling,Assault Mag*,Steady Rounds,Slideshot*,Destabilizing Rounds*,Advanced Reflexes*,Kill Tracker,Tier 1: Stability*,,,,,,,,,
Retold Tale,871900124,"""6917529975894726723""",,Legendary,0,Shotgun,,Energy,Void,special,10,Precision Frame,Reload Speed,3,Vault,false,false,false,6,23,,64,75,70,80,12,0,0,0,50,65,54,7,34,0,0,0,0,0,0,0,0,2,38,0,0,false,0,0,,,,Precision Frame*,Smoothbore*,Barrel Shroud,Tactical Mag*,Light Mag,Repulsor Brace*,Barrel Constrictor*,Advanced Reflexes*,Kill Tracker,Tier 3: Reload Speed*,,,,,,,,,
Retold Tale,3442151842,"""6917530187760632372""",,Legendary,5,Shotgun,dreaming,Energy,Void,special,396,Precision Frame,Stability,4,Vault,false,false,false,8,28,,64,75,70,65,12,0,0,0,65,65,28,7,45,0,0,0,0,0,0,0,0,12,38,0,0,false,0,0,,,,Precision Frame*,Barrel Shroud*,Corkscrew Rifling,Extended Mag*,Light Mag,Quickdraw*,Slideshot,Threat Detector,Snapshot Sights*,One-Two Punch,Withering Gaze,Advanced Reflexes*,Kill Tracker,Tier 4: Stability*,Triumphant Pulse*,,,,
Retold Tale,3442151842,"""6917530187781171705""",,Legendary,3,Shotgun,dreaming,Energy,Void,special,399,Precision Frame,Handling,2,Vault,false,false,false,8,28,,64,75,70,70,12,0,0,0,65,65,41,6,21,0,0,0,0,0,0,0,0,9,38,0,0,false,0,0,,,"AI v2.3 COULD DELETE — same weapon name, hash/version, and intrinsic frame as the proposed retained copy. Selected main-trait pair is duplicated by a stronger retained copy. Retain Retold Tale ID 6917530189141749536. Still review origin-trait selection, barrels, magazines, Masterwork, stats, source, build role, and personal feel before dismantling.",Precision Frame*,Rifled Barrel*,Smallbore,Steady Rounds*,Accurized Rounds,Repulsor Brace*,Barrel Constrictor,Snapshot Sights*,Destabilizing Rounds,Advanced Reflexes*,Kill Tracker,Tier 2: Handling*,,,,,,,
Retold Tale,3442151842,"""6917530187921023683""",,Legendary,3,Shotgun,dreaming,Energy,Void,special,400,Precision Frame,Reload Speed,2,Vault,false,false,false,8,28,,64,75,70,75,12,0,0,0,65,70,43,6,19,0,0,0,0,0,0,0,0,2,38,0,0,false,0,0,,,"AI v2.3 COULD DELETE — same weapon name, hash/version, and intrinsic frame as the proposed retained copy. Best legal perk combo scores 4.3 below the best copy; selected main-trait pair is duplicated by a stronger retained copy. Retain Retold Tale ID 6917530189141749536. Still review origin-trait selection, barrels, magazines, Masterwork, stats, source, build role, and personal feel before dismantling.",Precision Frame*,Rifled Barrel*,Corkscrew Rifling,Assault Mag*,Extended Mag,Repulsor Brace*,Lone Wolf,Snapshot Sights*,Closing Time,Advanced Reflexes*,Kill Tracker,Tier 2: Reload Speed*,,,,,,,
Retold Tale,3442151842,"""6917530189140155708""",,Legendary,5,Shotgun,dreaming,Energy,Void,special,420,Precision Frame,Stability,1,Vault,false,false,false,8,28,,64,75,70,76,12,0,0,0,46,65,43,7,20,0,0,0,0,0,0,0,0,2,38,0,0,false,0,0,,,,Precision Frame*,Rifled Barrel*,Corkscrew Rifling,Appended Mag*,Accurized Rounds,Slideshot*,Loose Change,Barrel Constrictor,Kill Clip*,Proximity Power,Closing Time,Advanced Reflexes*,Kill Tracker,Tier 1: Stability*,Triumphant Pulse*,,,,
Retold Tale,3442151842,"""6917530189141749536""",,Legendary,5,Shotgun,dreaming,Energy,Void,special,420,Precision Frame,Reload Speed,4,Vault,false,false,false,8,28,,64,75,70,67,12,0,0,0,72,65,45,6,39,0,0,0,0,0,0,0,0,9,38,0,0,false,0,0,,,,Precision Frame*,Corkscrew Rifling*,Full Choke,Steady Rounds*,Accurized Rounds,Repulsor Brace*,Barrel Constrictor,Threat Detector,Snapshot Sights*,Kill Clip,Proximity Power,Advanced Reflexes*,Kill Tracker,Tier 4: Reload Speed*,Triumphant Pulse*,,,,
Retraced Path,548958835,"""6917529892801063798""",,Legendary,0,Trace Rifle,30th,Energy,Solar,special,10,Adaptive Frame,Reload Speed,1,Vault,false,false,false,4,15,,94,100,6,64,16,0,0,0,80,1000,46,100,61,0,0,0,0,0,0,0,0,10,47,0,0,false,0,0,,,,Adaptive Frame*,Fluted Barrel*,Hammer-Forged Rifling,Enhanced Battery*,Light Battery,Feeding Frenzy*,Incandescent*,Hot Swap*,Kill Tracker,Tier 1: Reload Speed*,,,,,,,,,
Retrofuturist,1402766122,"""6917529415571826004""",keep,Legendary,0,Shotgun,engram,Energy,Void,special,10,Lightweight Frame,Reload Speed,1,Vault,false,false,false,4,13,,55,50,65,55,12,0,0,0,51,90,57,7,65,0,0,0,0,0,0,0,0,2,20,0,0,false,0,0,,,,Lightweight Frame*,Smoothbore*,Corkscrew Rifling,Assault Mag*,Appended Mag,Pulse Monitor*,Trench Barrel*,Kill Tracker,Tier 1: Reload Speed*,,,,,,,,,,
Ribbontail,407150808,"""6917530188844351392""",,Legendary,5,Trace Rifle,,KineticSlot,Strand,special,415,Adaptive Frame,Handling,1,Vault,false,false,true,8,27,,100,100,6,60,16,0,0,0,100,1000,44,97,50,0,0,0,0,0,0,0,0,10,58,0,0,false,0,0,omolon,,,Adaptive Frame*,Chambered Compensator*,Polygonal Rifling,Particle Repeater*,Light Battery,Envious Arsenal*,Transcendent Moment,Wellspring,Surrounded*,Detonator Beam,Binary Orbit,Tenacity*,Omolon Fluid Dynamics,Kill Tracker,Tier 1: Handling*,Sparks Everlasting*,,,
Riptide,2715240478,"""6917529885759145111""",favorite,Legendary,0,Fusion Rifle,crucible,KineticSlot,Stasis,special,10,Rapid-Fire Frame,Reload Speed,10,Titan(10),false,true,false,5,17,,53,31,55,31,15,0,0,0,31,0,55,8,50,533,0,0,0,0,0,0,0,3,46,0,0,false,0,316,,,,Rapid-Fire Frame*,Extended Barrel,Hammer-Forged Rifling*,Enhanced Battery*,Ionized Battery,Feeding Frenzy*,Cornered*,One Quiet Moment*,Kill Tracker,Masterworked: Reload Speed*,,,,,,,,,
Riptide,2715240478,"""6917529957561022554""",,Legendary,0,Fusion Rifle,crucible,KineticSlot,Stasis,special,10,Rapid-Fire Frame,Range,1,Vault,false,false,false,5,17,,53,31,50,37,15,0,0,0,21,0,45,7,45,533,0,0,0,0,0,0,0,3,46,0,0,false,0,0,,,,Rapid-Fire Frame*,Full Bore*,Smallbore,Accelerated Coils*,Enhanced Battery,Heating Up*,Demolitionist*,One Quiet Moment*,Kill Tracker,Tier 1: Range*,,,,,,,,,
Riptide,2297554989,"""6917530188842416279""",,Legendary,4,Fusion Rifle,crucible,KineticSlot,Stasis,special,415,Rapid-Fire Frame,Charge Time,1,Vault,false,false,false,8,28,,83,31,50,21,15,0,0,0,31,0,47,7,62,530,0,0,0,0,0,0,0,3,46,0,0,false,0,0,,,,Rapid-Fire Frame*,Arrowhead Brake*,Fluted Barrel,Accelerated Coils*,Enhanced Battery,Overflow*,Built to Blast,Closing Time*,Controlled Burst,Roar of Battle*,Wild Card,Kill Tracker,Tier 1: Charge Time*,,,,,,
Riskrunner,3089417789,"""6917529201060807668""",favorite,Exotic,0,Submachine Gun,,Energy,Arc,primary,488,Arc Conductor,Range,10,Warlock(482),true,true,false,1,1,,100,50,20,80,14,0,0,0,55,900,15,47,71,0,0,0,0,0,0,0,0,41,50,0,0,false,0,8460,,"00003:Arc,Gamma,Vanish-Warmind",,Arc Conductor*,Arrowhead Brake*,Extended Mag*,Superconductor*,Short-Action Stock*,Kill Tracker,Riskrunner Catalyst*,Electric Violet*,,,,,,,,,,,
Romantic Death,4169082039,"""6917530188844344950""",,Legendary,4,Grenade Launcher,reclaim,Energy,Void,special,415,Wave Frame,Velocity,5,Vault,false,false,false,8,27,,47,71,0,0,13,61,80,0,38,72,77,1,65,0,0,0,0,0,0,0,0,3,61,0,0,false,0,0,,,,Wave Frame*,Confined Launch*,Smart Drift Control,High-Velocity Rounds*,Implosion Rounds,Repulsor Brace*,Proximity Power,Surrounded*,One for All,Tenacity*,Kill Tracker,Tier 5: Velocity*,,,,,,,
Romantic Death,2979965246,"""6917530192914791608""",,Legendary,5,Grenade Launcher,,Energy,Void,special,468,Wave Frame,Reload Speed,3,Vault,false,false,true,8,27,,47,71,0,0,13,61,75,0,38,72,80,1,65,0,0,0,0,0,0,0,0,3,61,0,0,false,0,0,,,,Wave Frame*,Confined Launch*,Hard Launch,High-Velocity Rounds*,Implosion Rounds,Proximity Power*,Feeding Frenzy,Threat Detector,Aggregate Charge*,Impulse Amplifier,Surrounded,Tenacity*,Kill Tracker,Tier 3: Reload Speed*,Sparks Everlasting*,,,,
Ros Arago IV,3583275737,"""6917529997625962370""",,Legendary,0,Auto Rifle,engram,Energy,Void,primary,10,Adaptive Frame,Stability,2,Vault,false,false,false,6,23,,57,68,21,52,16,0,0,0,49,600,56,39,52,0,0,0,0,0,0,0,0,18,54,0,0,false,0,0,cassoid,,,Adaptive Frame*,Chambered Compensator*,Extended Barrel,Accurized Rounds*,Appended Mag,Subsistence*,Onslaught*,Wild Card*,Kill Tracker,Tier 2: Stability*,,,,,,,,,
Ros Arago IV,3583275737,"""6917530025224625348""",,Legendary,0,Auto Rifle,engram,Energy,Void,primary,10,Adaptive Frame,Stability,1,Vault,false,false,false,6,23,,57,68,21,37,16,0,0,0,63,600,56,39,52,0,0,0,0,0,0,0,0,25,54,0,0,false,0,0,cassoid,,,Adaptive Frame*,Chambered Compensator*,Smallbore,Steady Rounds*,Alloy Magazine,Dynamic Sway Reduction*,Attrition Orbs*,Wild Card*,Kill Tracker,Tier 1: Stability*,,,,,,,,,
Round Robin,2034215657,"""6917529883185147074""",,Legendary,0,Hand Cannon,neomuna,KineticSlot,Strand,primary,10,Aggressive Frame,Stability,1,Vault,false,false,false,6,20,,100,58,92,56,14,0,0,0,21,120,2,11,34,0,0,0,0,0,0,0,0,24,52,0,0,false,0,0,,,,Aggressive Frame*,Arrowhead Brake*,Full Bore,Extended Mag*,Flared Magwell,Subsistence*,Golden Tricorn*,Nanotech Tracer Missiles*,Kill Tracker,Tier 1: Stability*,,,,,,,,,
Round Robin,2034215657,"""6917529973005450089""",,Legendary,0,Hand Cannon,neomuna,KineticSlot,Strand,primary,10,Aggressive Frame,Reload Speed,4,Vault,false,false,false,6,20,,100,58,92,56,14,0,0,0,30,120,6,11,19,0,0,0,0,0,0,0,0,24,52,0,0,false,0,0,,,,Aggressive Frame*,Chambered Compensator*,Smallbore,Extended Mag*,Armor-Piercing Rounds,Envious Assassin*,Opening Shot*,Nanotech Tracer Missiles*,Kill Tracker,Tier 4: Reload Speed*,,,,,,,,,
Royal Chase,2776503072,"""6917529218587310485""",,Legendary,0,Scout Rifle,seasonpass,Energy,Void,primary,10,Precision Frame,Range,10,Vault,true,false,false,4,12,,93,63,62,48,20,0,0,0,43,180,55,15,51,0,0,0,0,0,0,0,0,10,48,0,0,false,0,501,,,,Precision Frame*,Arrowhead Brake*,Flared Magwell*,Auto-Loading Holster*,Dragonfly*,Kill Tracker,Masterworked: Range*,Crucible Peppermint*,,,,,,,,,,,
Royal Executioner,1720503118,"""6917529877395505470""",favorite,Legendary,0,Fusion Rifle,seasonpass,Energy,Solar,special,10,Adaptive Frame,Handling,10,Hunter(60),true,false,false,6,20,,58,43,70,36,15,0,0,0,40,0,32,8,45,667,0,0,0,0,0,0,0,6,34,0,0,false,0,376,,,,Adaptive Frame*,Chambered Compensator,Corkscrew Rifling*,Enhanced Battery*,Liquid Coils,Envious Assassin*,Reservoir Burst*,Noble Deeds*,Kill Tracker,Masterworked: Handling*,,,,,,,,,
Royal Executioner,1720503118,"""6917529892089514349""",,Legendary,0,Fusion Rifle,seasonpass,Energy,Solar,special,10,Adaptive Frame,Range,2,Vault,true,false,false,6,20,,88,43,65,33,15,0,0,0,35,0,32,6,40,667,0,0,0,0,0,0,0,6,34,0,0,false,0,0,,,,Adaptive Frame*,Arrowhead Brake*,Hammer-Forged Rifling,Accelerated Coils*,Liquid Coils,Envious Assassin*,Pugilist*,Noble Deeds*,Kill Tracker,Tier 2: Range*,,,,,,,,,
Royal Executioner,1720503118,"""6917529894777579763""",favorite,Legendary,0,Fusion Rifle,seasonpass,Energy,Solar,special,10,Adaptive Frame,,,Vault,true,false,false,6,20,,58,43,70,31,15,0,0,0,45,0,32,7,30,667,0,0,0,0,0,0,0,6,34,0,0,crafted,9,646,,00001:Gambit,,Adaptive Frame*,Polygonal Rifling*,Enhanced Battery*,Grave Robber*,Pugilist*,Noble Deeds*,Kill Tracker,,,,,,,,,,,,
Ruinous Effigy,1363238943,"""6917529206326608572""",,Exotic,0,Trace Rifle,,Energy,Void,special,10,Transmutation,,10,Vault,false,false,false,3,11,,96,84,8,45,12,0,0,0,78,1000,33,94,53,0,0,0,0,0,0,0,0,16,46,0,0,false,0,158,,,,Transmutation*,Hammer-Forged Rifling*,Particle Repeater*,Evolution*,Composite Stock*,Kill Tracker,Ruinous Effigy Catalyst*,,,,,,,,,,,,
Sailspy Pitchglass,1184309824,"""6917529841398692276""",,Legendary,0,Linear Fusion Rifle,plunder,Power,Arc,heavy,10,Precision Frame,Handling,3,Vault,false,false,false,5,18,,73,60,41,37,25,0,0,0,57,0,23,5,33,533,0,0,0,0,0,0,0,15,26,0,0,false,0,20,,,,Precision Frame*,Corkscrew Rifling*,Full Bore,Liquid Coils,Particle Repeater*,Compulsive Reloader*,Voltshot*,Right Hook*,Kill Tracker,Tier 3: Handling*,,,,,,,,,
Salvager's Salvo,2060863616,"""6917529385561215153""",favorite,Legendary,0,Grenade Launcher,gunsmith,Energy,Arc,special,10,Lightweight Frame,Handling,10,Titan(10),true,false,false,4,13,,75,70,0,0,13,100,80,0,36,90,70,1,95,0,0,0,0,0,0,0,0,2,70,0,0,false,0,1572,,,,Lightweight Frame*,Quick Launch*,Spike Grenades*,Ambitious Assassin,Demolitionist*,Vorpal Weapon,Chain Reaction*,Kill Tracker,Masterworked: Handling*,,,,,,,,,,
Salvation's Grip,370712896,"""6917529895438484538""",,Exotic,0,Grenade Launcher,europa,Power,Stasis,heavy,10,Cryocannon,,,Vault,false,false,false,4,12,,63,68,0,0,13,55,37,0,36,120,55,8,57,0,0,0,0,0,0,0,0,19,40,0,0,false,0,0,,,,Cryocannon*,Linear Compensator*,Alloy Casing*,Shatter Shot*,Polymer Grip*,Kill Tracker,Empty Catalyst Socket*,,,,,,,,,,,,
Sarpedon-D,1242785638,"""6917530192840057827""",,Legendary,5,Hand Cannon,monumentoftriumph,Energy,Arc,primary,475,Spread Shot,Range,10,Warlock(482),true,false,false,8,28,,85,63,96,63,12,0,0,0,38,100,48,12,30,0,0,0,0,0,0,0,0,21,52,0,0,false,0,126,hakke,,,Spread Shot*,Smoothbore*,Corkscrew Rifling,Tactical Mag,Flared Magwell*,Eddy Current*,Lead From Light,To the Pain,Collective Pugilism,Rolling Storm,Voltshot*,Problem Solver*,Vanguard Determination,Häkke Breach Armaments,Kill Tracker,Backup Mag*,Masterworked: Range*,Infamous Sarpedon-D*,Roguish Bolts*
Scalar Potential,2563668388,"""6917529966124537393""",,Legendary,0,Pulse Rifle,seasonpass,Energy,Arc,primary,10,Rapid-Fire Frame,Stability,1,Vault,false,false,false,6,23,,63,76,23,33,17,0,0,0,60,540,35,35,15,0,0,0,0,0,0,0,0,22,47,0,0,false,0,0,,,,Rapid-Fire Frame*,Extended Barrel*,Smallbore,Steady Rounds*,Alloy Magazine,Keep Away*,Under-Over*,Dragon's Vengeance*,Kill Tracker,Tier 1: Stability*,,,,,,,,,
Scalar Potential,2563668388,"""6917530018708680468""",,Legendary,0,Pulse Rifle,seasonpass,Energy,Arc,primary,10,Rapid-Fire Frame,Range,2,Vault,true,false,false,6,23,,83,76,23,40,17,0,0,0,44,540,35,35,35,0,0,0,0,0,0,0,0,15,47,0,0,false,0,0,,,,Rapid-Fire Frame*,Arrowhead Brake*,Full Bore,Accurized Rounds*,Appended Mag,Overflow*,Focused Fury*,Dragon's Vengeance*,Kill Tracker,Tier 2: Range*,,,,,,,,,
Scathelocke,3332538050,"""6917530186167783852""",,Legendary,5,Auto Rifle,edz,KineticSlot,Kinetic,primary,357,Adaptive Frame,Stability,3,Vault,false,false,false,8,28,,90,65,21,49,20,0,0,0,42,600,56,47,74,0,0,0,0,0,0,0,0,10,50,0,0,false,0,0,field-forged,,,Adaptive Frame*,Arrowhead Brake*,Fluted Barrel,Appended Mag*,Extended Mag,Shoot to Loot*,Keep Away,Attrition Orbs,Ancillary Ordinance*,Rangefinder,Kinetic Tremors,Veteran's Wisdom*,Field-Tested,Kill Tracker,Tier 3: Stability*,Triumphant Pulse*,,,
Scathelocke,3332538050,"""6917530188310931206""",,Legendary,5,Auto Rifle,edz,KineticSlot,Kinetic,primary,405,Adaptive Frame,Reload Speed,1,Vault,false,false,false,8,28,,60,65,21,50,20,0,0,0,45,600,57,47,67,0,0,0,0,0,0,0,0,10,50,0,0,false,0,0,field-forged,,,Adaptive Frame*,Corkscrew Rifling*,Smallbore,Appended Mag*,Alloy Magazine,Subsistence*,Keep Away,Rewind Rounds,One for All*,Kinetic Tremors,Kill Clip,Veteran's Wisdom*,Field-Tested,Kill Tracker,Tier 1: Reload Speed*,Triumphant Pulse*,,,
Scathelocke,3332538050,"""6917530188596897724""",,Legendary,5,Auto Rifle,edz,KineticSlot,Kinetic,primary,405,Adaptive Frame,Stability,4,Vault,false,false,false,8,28,,70,65,21,44,20,0,0,0,54,600,36,49,58,0,0,0,0,0,0,0,0,20,50,0,0,false,0,0,field-forged,,,Adaptive Frame*,Chambered Compensator*,Corkscrew Rifling,Extended Mag*,Flared Magwell,Heating Up*,Attrition Orbs,Rewind Rounds,All-Star*,Ancillary Ordinance,Kill Clip,Veteran's Wisdom*,Field-Tested,Kill Tracker,Tier 4: Stability*,Triumphant Pulse*,,,
Scathelocke,3332538050,"""6917530189365707625""",,Legendary,5,Auto Rifle,edz,KineticSlot,Kinetic,primary,422,Adaptive Frame,Range,3,Vault,false,false,false,8,28,,60,65,21,47,20,0,0,0,51,600,65,44,78,0,0,0,0,0,0,0,0,10,50,0,0,false,0,0,field-forged,,,Adaptive Frame*,Fluted Barrel*,Smallbore,Tactical Mag*,Alloy Magazine,Subsistence*,Shoot to Loot,Keep Away,Rampage*,Ancillary Ordinance,Kinetic Tremors,Veteran's Wisdom*,Field-Tested,Kill Tracker,Tier 3: Range*,Triumphant Pulse*,,,
Scatter Signal,2558925366,"""6917529966126613906""",favorite,Legendary,0,Fusion Rifle,rivenslair,KineticSlot,Strand,special,10,Rapid-Fire Frame,Reload Speed,5,Vault,true,false,false,6,23,,59,39,55,23,15,0,0,0,41,0,51,8,67,533,0,0,0,0,0,0,0,4,52,0,0,false,0,0,,,,Rapid-Fire Frame*,Fluted Barrel*,Smallbore,Enhanced Battery*,Liquid Coils,Overflow*,Controlled Burst*,Dragon's Vengeance*,Kill Tracker,Tier 5: Reload Speed*,,,,,,,,,
Scatter Signal,2558925366,"""6917529967446757224""",,Legendary,0,Fusion Rifle,rivenslair,KineticSlot,Strand,special,10,Rapid-Fire Frame,Reload Speed,2,Vault,true,false,false,6,23,,89,39,60,23,15,0,0,0,36,0,48,7,62,533,0,0,0,0,0,0,0,4,52,0,0,false,0,0,,,,Rapid-Fire Frame*,Arrowhead Brake*,Hammer-Forged Rifling,Liquid Coils*,Particle Repeater,Overflow*,Hatchling*,Dragon's Vengeance*,Kill Tracker,Tier 2: Reload Speed*,,,,,,,,,
Scatter Signal,2558925366,"""6917530193054648464""",,Legendary,2,Fusion Rifle,rivenslair,KineticSlot,Strand,special,476,Rapid-Fire Frame,,,Warlock(482),true,false,false,6,23,,59,39,55,23,15,0,0,0,46,0,46,8,52,533,0,0,0,0,0,0,0,4,52,0,0,crafted,17,0,,,,Rapid-Fire Frame*,Polygonal Rifling*,Enhanced Battery*,Perpetual Motion*,Under-Over*,Dragon's Vengeance*,Kill Tracker,,,,,,,,,,,,
Semiotician,2922749929,"""6917529950104709605""",,Legendary,0,Rocket Launcher,seasonpass,Power,Strand,heavy,10,High-Impact Frame,Blast Radius,1,Vault,false,false,false,6,22,,60,72,0,0,20,100,34,0,61,15,68,1,69,0,0,0,0,0,0,0,0,6,40,0,0,false,0,0,,,,High-Impact Frame*,Confined Launch*,Quick Launch,Alloy Casing*,High-Velocity Rounds,Wellspring*,Explosive Light*,Head Rush*,Kill Tracker,Tier 1: Blast Radius*,,,,,,,,,
Senuna SI6,5159537,"""6917529961365475267""",,Legendary,0,Sidearm,engram,KineticSlot,Stasis,primary,10,Adaptive Burst,Stability,1,Vault,false,false,false,6,20,,100,67,75,35,12,0,0,0,93,491,29,30,59,0,0,0,0,0,0,0,0,22,46,0,0,false,0,25,omolon,,,Adaptive Burst*,Arrowhead Brake*,Polygonal Rifling,Ricochet Rounds*,Light Mag,Envious Assassin*,Headstone*,Omolon Fluid Dynamics*,Kill Tracker,Tier 1: Stability*,,,,,,,,,
Service of Luzaku,4284533075,"""6917530186298143207""",,Exotic,0,Machine Gun,seasonpass,Power,Strand,heavy,416,Dichotomous Thinking,,,Vault,false,false,false,8,28,,72,51,70,73,16,0,0,0,41,360,29,48,95,0,0,0,0,0,0,0,0,16,49,0,0,false,0,66,,,,Dichotomous Thinking*,Fluted Barrel*,Accurized Rounds*,Meaning-Making*,Hand-Laid Stock*,Kill Tracker,Empty Catalyst Socket*,,,,,,,,,,,,
Service Revolver,3796682229,"""6917530187991836356""",,Legendary,3,Hand Cannon,monumentoftriumph,KineticSlot,Kinetic,primary,413,Precision Frame,Handling,1,Vault,false,false,false,8,28,,98,67,78,52,14,0,0,0,52,180,30,12,22,0,0,0,0,0,0,0,0,35,48,0,0,false,0,0,,,,Precision Frame*,Extended Barrel*,Fluted Barrel,Accurized Rounds*,Steady Rounds,Moving Target*,Stopping Power,Opening Shot*,Kinetic Tremors,Vanguard Determination*,Nadir Focus,Kill Tracker,Tier 1: Handling*,,,,,,
Service Revolver,59060498,"""6917530189141747148""",,Legendary,5,Hand Cannon,,KineticSlot,Kinetic,primary,434,Precision Frame,Handling,10,Vault,false,false,false,8,28,,100,67,78,37,14,0,0,0,63,180,46,13,63,0,0,0,0,0,0,0,0,35,48,0,0,false,0,0,,,,Precision Frame*,Arrowhead Brake*,Chambered Compensator,Tactical Mag*,Flared Magwell,Rangefinder*,Outlaw,Shoot to Loot,Rampage*,Kinetic Tremors,Explosive Payload,Accelerated Assault*,Vanguard Determination,Nadir Focus,Kill Tracker,Masterworked: Handling*,Triumphant Pulse*,,
Service Revolver,3796682229,"""6917530189382417353""",,Legendary,4,Hand Cannon,monumentoftriumph,KineticSlot,Kinetic,primary,439,Precision Frame,Reload Speed,1,Vault,false,false,false,8,28,,100,67,78,28,14,0,0,0,68,180,31,12,43,0,0,0,0,0,0,0,0,42,48,0,0,false,0,0,,,,Precision Frame*,Arrowhead Brake*,Smallbore,Steady Rounds*,Flared Magwell,Moving Target*,Stopping Power,Opening Shot*,Explosive Payload,Vanguard Determination*,Nadir Focus,Kill Tracker,Tier 1: Reload Speed*,,,,,,
Service Revolver,3796682229,"""6917530189848679404""",,Legendary,5,Hand Cannon,monumentoftriumph,KineticSlot,Kinetic,primary,458,Precision Frame,Stability,1,Vault,false,false,false,8,28,,88,67,78,38,14,0,0,0,59,180,30,12,36,0,0,0,0,0,0,0,0,35,48,0,0,false,0,0,,,,Precision Frame*,Corkscrew Rifling*,Smallbore,Alloy Magazine*,Flared Magwell,Rapid Hit*,Shoot to Loot,Stopping Power,Mega Kill Clip*,Lucky Shot,Kinetic Tremors,Vanguard Determination*,Nadir Focus,Kill Tracker,Tier 1: Stability*,Triumphant Pulse*,,,
Service Revolver,59060498,"""6917530190039867567""",,Legendary,5,Hand Cannon,,KineticSlot,Kinetic,primary,460,Precision Frame,Range,10,Vault,false,false,false,8,28,,100,67,78,43,14,0,0,0,73,180,35,12,53,0,0,0,0,0,0,0,0,42,48,0,0,false,0,0,,,,Precision Frame*,Arrowhead Brake*,Full Bore,Steady Rounds*,Flared Magwell,Rangefinder*,Outlaw,Moving Target,Mega Kill Clip*,Lucky Shot,Kinetic Tremors,Accelerated Assault*,Vanguard Determination,Nadir Focus,Kill Tracker,Masterworked: Range*,Triumphant Pulse*,,
Service Revolver,3796682229,"""6917530191315386184""",,Legendary,5,Hand Cannon,monumentoftriumph,KineticSlot,Kinetic,primary,468,Precision Frame,Reload Speed,5,Vault,false,false,false,8,28,,88,67,78,47,14,0,0,0,43,180,17,16,27,0,0,0,0,0,0,0,0,45,48,0,0,false,0,0,,,,Precision Frame*,Full Bore*,Smallbore,Extended Mag*,Alloy Magazine,Rapid Hit*,Outlaw,Stopping Power,Rampage*,Lucky Shot,Kinetic Tremors,Vanguard Determination*,Nadir Focus,Kill Tracker,Tier 5: Reload Speed*,Triumphant Pulse*,,,
Service Revolver,3796682229,"""6917530193064887703""",,Legendary,4,Hand Cannon,monumentoftriumph,KineticSlot,Kinetic,primary,483,Precision Frame,Reload Speed,5,Warlock(482),false,false,false,8,28,,100,67,78,32,14,0,0,0,52,180,17,16,43,0,0,0,0,0,0,0,0,45,48,0,0,false,0,0,,,,Precision Frame*,Arrowhead Brake*,Full Bore,Extended Mag*,Steady Rounds,Rapid Hit*,Stopping Power,Opening Shot*,Lucky Shot,Vanguard Determination*,Nadir Focus,Kill Tracker,Tier 5: Reload Speed*,,,,,,
Seventh Seraph Carbine,4070357005,"""6917529994919630614""",,Legendary,0,Auto Rifle,dungeon,KineticSlot,Kinetic,primary,10,Precision Frame,Range,1,Vault,false,false,false,5,19,,100,39,29,64,16,0,0,0,39,450,21,40,49,0,0,0,0,0,0,0,0,27,51,0,0,false,0,0,,,,Precision Frame*,Arrowhead Brake*,Extended Barrel,Extended Mag*,Steady Rounds,Hip-Fire Grip*,Target Lock*,Rasputin's Arsenal*,Kill Tracker,Tier 1: Range*,,,,,,,,,
Seventh Seraph Carbine,2560370239,"""6917530188298689793""",,Legendary,5,Auto Rifle,cosmodrome,KineticSlot,Kinetic,primary,405,Precision Frame,Stability,5,Vault,false,false,false,8,28,,74,39,29,73,16,0,0,0,58,450,41,34,44,0,0,0,0,0,0,0,0,17,51,0,0,false,0,0,,,,Precision Frame*,Corkscrew Rifling*,Hammer-Forged Rifling,Seraph Rounds*,Appended Mag,Reconstruction*,Stopping Power,Enlightened Action,Target Lock*,All-Star,Kinetic Tremors,Eyes Up*,Rasputin's Arsenal,Kill Tracker,Tier 5: Stability*,Triumphant Pulse*,,,
Seventh Seraph Carbine,2560370239,"""6917530188304414673""",,Legendary,4,Auto Rifle,cosmodrome,KineticSlot,Kinetic,primary,405,Precision Frame,Reload Speed,1,Vault,false,false,false,8,28,,74,39,29,69,16,0,0,0,45,450,24,40,44,0,0,0,0,0,0,0,0,27,51,0,0,false,0,0,,,,Precision Frame*,Corkscrew Rifling*,Extended Barrel,Extended Mag*,Flared Magwell,Stopping Power*,Attrition Orbs,All-Star*,Ancillary Ordinance,Eyes Up*,Rasputin's Arsenal,Kill Tracker,Tier 1: Reload Speed*,,,,,,
Seventh Seraph Carbine,2560370239,"""6917530188304418887""",,Legendary,5,Auto Rifle,cosmodrome,KineticSlot,Kinetic,primary,405,Precision Frame,Reload Speed,1,Vault,false,false,false,8,28,,74,39,29,67,16,0,0,0,53,450,42,34,55,0,0,0,0,0,0,0,0,17,51,0,0,false,0,0,,,,Precision Frame*,Fluted Barrel*,Hammer-Forged Rifling,Seraph Rounds*,Extended Mag,Dynamic Sway Reduction*,Ambitious Assassin,Enlightened Action,Onslaught*,All-Star,Ancillary Ordinance,Eyes Up*,Rasputin's Arsenal,Kill Tracker,Tier 1: Reload Speed*,Triumphant Pulse*,,,
Seventh Seraph CQC-12,1821724780,"""6917529203770155782""",keep,Legendary,0,Shotgun,seasonpass,Energy,Solar,special,10,Lightweight Frame,Range,10,Vault,false,false,false,3,10,,56,46,65,53,12,0,0,0,59,90,60,6,79,0,0,0,0,0,0,0,0,2,27,0,0,false,0,0,suros,,,Lightweight Frame*,Barrel Shroud*,Corkscrew Rifling,Assault Mag*,Tactical Mag,Auto-Loading Holster*,Shield Disorient,Trench Barrel*,Kill Tracker,Masterworked: Range*,,,,,,,,,
Seventh Seraph CQC-12,1821724780,"""6917529207516705383""",favorite,Legendary,0,Shotgun,seasonpass,Energy,Solar,special,10,Lightweight Frame,Range,3,Vault,false,false,false,3,10,,56,46,65,56,12,0,0,0,49,90,60,6,54,0,0,0,0,0,0,0,0,2,27,0,0,false,0,0,suros,,,Lightweight Frame*,Rifled Barrel*,Full Choke,Assault Mag*,Tactical Mag,Slideshot*,Vorpal Weapon,Snapshot Sights*,Kill Tracker,Tier 3: Range*,,,,,,,,,
Seventh Seraph CQC-12,1821724780,"""6917529207521513768""",favorite,Legendary,0,Shotgun,seasonpass,Energy,Solar,special,10,Lightweight Frame,Reload Speed,2,Vault,true,false,false,3,10,,56,46,65,48,12,0,0,0,44,80,72,7,74,0,0,0,0,0,0,0,0,17,27,0,0,false,0,0,suros,,,Lightweight Frame*,Smoothbore,Corkscrew Rifling*,Tactical Mag*,Extended Mag,Quickdraw*,Vorpal Weapon,Snapshot Sights*,Kill Tracker,Icarus Grip*,Tier 2: Reload Speed*,,,,,,,,
Seventh Seraph CQC-12,2308010345,"""6917530186166016918""",,Legendary,5,Shotgun,monumentoftriumph,Energy,Solar,special,356,Lightweight Frame,Stability,4,Vault,false,false,false,8,28,,56,46,65,51,12,0,0,0,62,95,65,6,69,0,0,0,0,0,0,0,0,2,27,0,0,false,0,0,suros,,,Lightweight Frame*,Smallbore*,Corkscrew Rifling,Assault Mag*,Steady Rounds,Quickdraw*,Threat Detector,Heal Clip,Closing Time*,One-Two Punch,Incandescent,Eyes Up*,Rasputin's Arsenal,Kill Tracker,Tier 4: Stability*,Triumphant Pulse*,,,
Seventh Seraph CQC-12,2308010345,"""6917530186167783064""",,Legendary,3,Shotgun,monumentoftriumph,Energy,Solar,special,355,Lightweight Frame,Handling,1,Vault,false,false,false,8,28,,56,46,65,50,12,0,0,0,41,80,40,7,70,0,0,0,0,0,0,0,0,12,27,0,0,false,0,0,suros,,,Lightweight Frame*,Smallbore*,Barrel Shroud,Extended Mag*,Steady Rounds,Discord*,Quickdraw,Closing Time*,Incandescent,Eyes Up*,Rasputin's Arsenal,Kill Tracker,Tier 1: Handling*,,,,,,
Seventh Seraph CQC-12,2308010345,"""6917530188304419484""",,Legendary,5,Shotgun,monumentoftriumph,Energy,Solar,special,405,Lightweight Frame,Range,1,Vault,false,false,false,8,28,,56,46,65,73,12,0,0,0,34,80,60,6,69,0,0,0,0,0,0,0,0,2,27,0,0,false,0,0,suros,,,Lightweight Frame*,Smoothbore*,Corkscrew Rifling,Accurized Rounds*,Light Mag,Threat Detector*,Heal Clip,Dual Loader,Trench Barrel*,Chain Reaction,Incandescent,Eyes Up*,Rasputin's Arsenal,Kill Tracker,Tier 1: Range*,Triumphant Pulse*,,,
Seventh Seraph CQC-12,2308010345,"""6917530188588202705""",,Legendary,5,Shotgun,monumentoftriumph,Energy,Solar,special,405,Lightweight Frame,Handling,4,Vault,false,false,false,8,28,,56,46,65,51,12,0,0,0,63,95,60,6,73,0,0,0,0,0,0,0,0,2,27,0,0,false,0,0,suros,,,Lightweight Frame*,Smallbore*,Full Choke,Assault Mag*,Accurized Rounds,Discord*,Quickdraw,Heal Clip,Snapshot Sights*,One-Two Punch,Chain Reaction,Eyes Up*,Rasputin's Arsenal,Kill Tracker,Tier 4: Handling*,Triumphant Pulse*,,,
Seventh Seraph CQC-12,2308010345,"""6917530188588203789""",,Legendary,3,Shotgun,monumentoftriumph,Energy,Solar,special,405,Lightweight Frame,Handling,2,Vault,false,false,false,8,28,,56,46,65,58,12,0,0,0,49,90,60,6,71,0,0,0,0,0,0,0,0,2,27,0,0,false,0,0,suros,,,Lightweight Frame*,Smoothbore*,Barrel Shroud,Assault Mag*,Steady Rounds,Disruption Break*,Dual Loader,Closing Time*,Trench Barrel,Eyes Up*,Rasputin's Arsenal,Kill Tracker,Tier 2: Handling*,,,,,,
Seventh Seraph Officer Revolver,3037520408,"""6917529216506594299""",favorite,Legendary,0,Hand Cannon,rasputin,KineticSlot,Kinetic,primary,10,Precision Frame,Reload Speed,10,Vault,true,false,false,3,10,,84,74,78,44,14,0,0,0,52,180,89,16,30,0,0,0,0,0,0,0,0,43,52,0,0,false,0,505,,,,Precision Frame*,Chambered Compensator,Hammer-Forged Rifling*,Accurized Rounds,Drop Mag*,Pulse Monitor*,Timed Payload*,Kill Tracker,Backup Mag*,Masterworked: Reload Speed*,,,,,,,,,
Seventh Seraph Officer Revolver,1555959830,"""6917529957839891335""",,Legendary,0,Hand Cannon,dungeon,KineticSlot,Kinetic,primary,10,Precision Frame,Stability,4,Vault,false,false,false,5,19,,84,68,78,33,14,0,0,0,66,180,59,13,35,0,0,0,0,0,0,0,0,43,52,0,0,false,0,0,,,,Precision Frame*,Corkscrew Rifling*,Full Bore,Tactical Mag*,Extended Mag,Well-Rounded*,Harmony*,Rasputin's Arsenal*,Kill Tracker,Tier 4: Stability*,,,,,,,,,
Seventh Seraph Officer Revolver,1555959830,"""6917529972563517796""",,Legendary,0,Hand Cannon,dungeon,KineticSlot,Kinetic,primary,10,Precision Frame,Reload Speed,2,Vault,false,false,false,5,19,,100,68,78,28,14,0,0,0,52,180,51,11,40,0,0,0,0,0,0,0,0,43,52,0,0,false,0,0,,,,Precision Frame*,Arrowhead Brake*,Chambered Compensator,Alloy Magazine*,Flared Magwell,Rangefinder*,Vorpal Weapon*,Rasputin's Arsenal*,Kill Tracker,Tier 2: Reload Speed*,,,,,,,,,
Seventh Seraph Officer Revolver,3490736392,"""6917530188298685989""",,Legendary,5,Hand Cannon,dungeon,KineticSlot,Kinetic,primary,405,Precision Frame,Handling,1,Vault,false,false,false,8,28,,94,74,78,38,14,0,0,0,71,180,54,12,27,0,0,0,0,0,0,0,0,43,52,0,0,false,0,0,,,,Precision Frame*,Chambered Compensator*,Corkscrew Rifling,Seraph Rounds*,Flared Magwell,Reconstruction*,Ambitious Assassin,Shoot to Loot,Explosive Payload*,All-Star,Frenzy,Eyes Up*,Rasputin's Arsenal,Kill Tracker,Tier 1: Handling*,Triumphant Pulse*,,,
Seventh Seraph Officer Revolver,3490736392,"""6917530188583589130""",,Legendary,5,Hand Cannon,dungeon,KineticSlot,Kinetic,primary,405,Precision Frame,Stability,1,Vault,false,false,false,8,28,,84,74,78,52,14,0,0,0,59,180,54,12,35,0,0,0,0,0,0,0,0,43,52,0,0,false,0,0,,,,Precision Frame*,Corkscrew Rifling*,Extended Barrel,Accurized Rounds*,Steady Rounds,Fourth Time's the Charm*,Ambitious Assassin,Shoot to Loot,Explosive Payload*,Collective Action,Frenzy,Eyes Up*,Rasputin's Arsenal,Kill Tracker,Tier 1: Stability*,Triumphant Pulse*,,,
Seventh Seraph Officer Revolver,3490736392,"""6917530188592239571""",,Legendary,5,Hand Cannon,dungeon,KineticSlot,Kinetic,primary,405,Precision Frame,Reload Speed,5,Vault,false,false,false,8,28,,84,74,78,46,14,0,0,0,58,180,54,12,46,0,0,0,0,0,0,0,0,43,52,0,0,false,0,0,,,,Precision Frame*,Fluted Barrel*,Hammer-Forged Rifling,Accurized Rounds*,Appended Mag,Lone Wolf*,Bewildering Burst,Shoot to Loot,All-Star*,Adhesive Ordnance,Frenzy,Eyes Up*,Rasputin's Arsenal,Kill Tracker,Tier 5: Reload Speed*,Triumphant Pulse*,,,
Seventh Seraph SAW,2582755344,"""6917529321322514143""",favorite,Legendary,0,Machine Gun,rasputin,Power,Arc,heavy,10,High-Impact Frame,Handling,10,Vault,true,false,false,3,10,,71,30,70,67,16,0,0,0,42,360,31,44,43,0,0,0,0,0,0,0,0,6,40,0,0,false,0,6,,,,High-Impact Frame*,Chambered Compensator,Polygonal Rifling*,Alloy Magazine,Ricochet Rounds*,Auto-Loading Holster*,Vorpal Weapon*,Kill Tracker,Masterworked: Handling*,,,,,,,,,,
Seventh Seraph SAW,2584201248,"""6917530188586069407""",,Legendary,5,Machine Gun,monumentoftriumph,Power,Arc,heavy,405,High-Impact Frame,Reload Speed,4,Vault,false,false,false,8,28,,71,30,70,62,16,0,0,0,28,360,37,52,49,0,0,0,0,0,0,0,0,6,40,0,0,false,0,0,,,,High-Impact Frame*,Fluted Barrel*,Full Bore,Appended Mag*,Extended Mag,Attrition Orbs*,Light Touch,Collective Demolition,Jolting Feedback*,Mega Kill Clip,Meganeura,Eyes Up*,Rasputin's Arsenal,Kill Tracker,Tier 4: Reload Speed*,Triumphant Pulse*,,,
Seventh Seraph SAW,2584201248,"""6917530188588209291""",,Legendary,5,Machine Gun,monumentoftriumph,Power,Arc,heavy,405,High-Impact Frame,Range,3,Vault,false,false,false,8,28,,71,30,70,75,16,0,0,0,36,360,31,48,38,0,0,0,0,0,0,0,0,6,40,0,0,false,0,0,,,,High-Impact Frame*,Corkscrew Rifling*,Fluted Barrel,Seraph Rounds*,Steady Rounds,Attrition Orbs*,Supercharged Magazine,Trickle Charge,Killing Tally*,Jolting Feedback,Rolling Storm,Eyes Up*,Rasputin's Arsenal,Kill Tracker,Tier 3: Range*,Triumphant Pulse*,,,
Seventh Seraph SAW,2584201248,"""6917530188588210065""",,Legendary,4,Machine Gun,monumentoftriumph,Power,Arc,heavy,405,High-Impact Frame,Range,1,Vault,false,false,false,8,28,,71,30,70,75,16,0,0,0,28,360,31,44,49,0,0,0,0,0,0,0,0,6,40,0,0,false,0,0,,,,High-Impact Frame*,Fluted Barrel*,Smallbore,Accurized Rounds*,Tactical Mag,Light Touch*,Grave Robber,Mega Kill Clip*,Meganeura,Eyes Up*,Rasputin's Arsenal,Kill Tracker,Tier 1: Range*,,,,,,
Seventh Seraph SAW,2584201248,"""6917530188588212388""",,Legendary,5,Machine Gun,monumentoftriumph,Power,Arc,heavy,459,High-Impact Frame,Reload Speed,10,Warlock(482),false,false,false,8,28,,71,30,70,67,16,0,0,0,39,360,57,73,54,0,0,0,0,0,0,0,0,6,40,0,0,false,0,1,,,,High-Impact Frame*,Corkscrew Rifling,Fluted Barrel*,Appended Mag,Tactical Mag*,Light Touch,Grave Robber,Supercharged Magazine*,Firing Line,Onslaught*,Meganeura,Eyes Up*,Rasputin's Arsenal,Kill Tracker,Backup Mag*,Masterworked: Reload Speed*,Triumphant Pulse*,,
Seventh Seraph SAW,2584201248,"""6917530188590372503""",,Legendary,3,Machine Gun,monumentoftriumph,Power,Arc,heavy,405,High-Impact Frame,Reload Speed,2,Vault,false,false,false,8,28,,71,30,70,62,16,0,0,0,27,360,33,52,48,0,0,0,0,0,0,0,0,6,40,0,0,false,0,0,,,,High-Impact Frame*,Fluted Barrel*,Full Bore,Appended Mag*,Steady Rounds,Attrition Orbs*,Light Touch,Firing Line*,Rolling Storm,Eyes Up*,Rasputin's Arsenal,Kill Tracker,Tier 2: Reload Speed*,,,,,,
Seventh Seraph SAW,2584201248,"""6917530188592240671""",,Legendary,3,Machine Gun,monumentoftriumph,Power,Arc,heavy,405,High-Impact Frame,Handling,1,Vault,false,false,false,8,28,,71,30,70,77,16,0,0,0,27,360,31,44,39,0,0,0,0,0,0,0,0,6,40,0,0,false,0,0,,,,High-Impact Frame*,Corkscrew Rifling*,Polygonal Rifling,Accurized Rounds*,Alloy Magazine,Light Touch*,Trickle Charge,Onslaught*,Meganeura,Eyes Up*,Rasputin's Arsenal,Kill Tracker,Tier 1: Handling*,,,,,,
Seventh Seraph SI-2,3937866388,"""6917529210631736672""",favorite,Legendary,0,Sidearm,rasputin,Energy,Void,primary,10,Lightweight Frame,Range,10,Vault,true,false,false,3,10,,100,73,43,45,12,0,0,0,36,360,77,14,56,0,0,0,0,0,0,0,0,22,31,0,0,false,0,900,,,,Lightweight Frame*,Chambered Compensator,Extended Barrel*,Drop Mag*,Tactical Mag,Full Auto Trigger System*,Dragonfly*,Kill Tracker,Masterworked: Range*,,,,,,,,,,
Seventh Seraph SI-2,3937866388,"""6917529271395836350""",keep,Legendary,0,Sidearm,rasputin,Energy,Void,primary,10,Lightweight Frame,Stability,10,Vault,true,false,false,3,10,,95,73,43,40,12,0,0,0,51,360,47,14,71,0,0,0,0,0,0,0,0,22,31,0,0,false,0,42,,,,Lightweight Frame*,Corkscrew Rifling*,Full Bore,Accurized Rounds*,Steady Rounds,Threat Detector*,Surrounded*,Kill Tracker,Masterworked: Stability*,,,,,,,,,,
Seventh Seraph VY-7,766323545,"""6917529194307520879""",favorite,Legendary,0,Submachine Gun,seasonpass,Energy,Arc,primary,10,Precision Frame,Range,1,Vault,false,false,false,3,10,,91,57,25,73,14,0,0,0,32,600,49,30,15,0,0,0,0,0,0,0,0,12,30,0,0,false,0,0,,,,Precision Frame*,Full Bore*,Smallbore,Drop Mag*,Appended Mag,Ambitious Assassin*,Dragonfly*,Kill Tracker,Tier 1: Range*,,,,,,,,,,
Seventh Seraph VY-7,1719169808,"""6917530188301798092""",,Legendary,5,Submachine Gun,monumentoftriumph,Energy,Arc,primary,405,Precision Frame,Range,5,Vault,false,false,false,8,28,,100,57,25,73,14,0,0,0,48,600,35,32,11,0,0,0,0,0,0,0,0,12,30,0,0,false,0,0,,,,Precision Frame*,Extended Barrel*,Hammer-Forged Rifling,Tactical Mag*,Steady Rounds,Ambitious Assassin*,Disruption Break,Supercharged Magazine,Jolting Feedback*,Gear Shift,Onslaught,Eyes Up*,Rasputin's Arsenal,Kill Tracker,Tier 5: Range*,Triumphant Pulse*,,,
Seventh Seraph VY-7,1719169808,"""6917530188592232537""",,Legendary,3,Submachine Gun,monumentoftriumph,Energy,Arc,primary,405,Precision Frame,Stability,1,Vault,false,false,false,8,28,,91,57,25,60,14,0,0,0,55,600,19,30,35,0,0,0,0,0,0,0,0,12,30,0,0,false,0,0,,,,Precision Frame*,Fluted Barrel*,Full Bore,Seraph Rounds*,Flared Magwell,Lone Wolf*,Supercharged Magazine,Onslaught*,Frenzy,Eyes Up*,Rasputin's Arsenal,Kill Tracker,Tier 1: Stability*,,,,,,
Shadow Price,2633186522,"""6917529348279632166""",,Legendary,0,Auto Rifle,,Energy,Arc,primary,10,Precision Frame,Range,4,Vault,false,false,false,4,13,,79,43,29,67,16,0,0,0,50,450,27,39,58,0,0,0,0,0,0,0,0,31,48,0,0,false,0,0,,,,Precision Frame*,Fluted Barrel*,Polygonal Rifling,Accurized Rounds,Extended Mag*,Surplus*,Swashbuckler*,Kill Tracker,Tier 4: Range*,,,,,,,,,,
Shattered Cipher,2434225986,"""6917529394370907462""",favorite,Legendary,0,Machine Gun,seasonpass,Power,Void,heavy,10,Rapid-Fire Frame,Range,3,Vault,true,false,false,4,14,,75,64,25,23,16,0,0,0,33,900,45,96,62,0,0,0,0,0,0,0,0,16,37,0,0,false,0,0,,,,Rapid-Fire Frame*,Arrowhead Brake*,Smallbore,Accurized Rounds,Extended Mag*,Auto-Loading Holster*,Surrounded*,Kill Tracker,Tier 3: Range*,,,,,,,,,,
Shattered Cipher,2434225986,"""6917529416282757340""",,Legendary,0,Machine Gun,seasonpass,Power,Void,heavy,10,Rapid-Fire Frame,Reload Speed,10,Vault,true,false,false,4,14,,55,64,25,30,16,0,0,0,33,900,55,96,42,0,0,0,0,0,0,0,0,16,37,0,0,false,0,417,,,,Rapid-Fire Frame*,Arrowhead Brake,Extended Barrel*,Extended Mag*,Alloy Magazine,Auto-Loading Holster*,Rampage,Adrenaline Junkie*,Kill Tracker,Masterworked: Reload Speed*,,,,,,,,,
Sightline Survey,2350330520,"""6917530023327765892""",,Legendary,0,Hand Cannon,echoes,Energy,Arc,primary,10,Precision Frame,Handling,1,Vault,false,false,false,7,24,,92,72,78,44,14,0,0,0,53,180,31,12,20,0,0,0,0,0,0,0,0,51,52,0,0,false,0,0,,,,Precision Frame*,Extended Barrel*,Hammer-Forged Rifling,Extended Mag*,Steady Rounds,Triple Tap*,Opening Shot*,Radiolaria Transposer*,Kill Tracker,Tier 1: Handling*,,,,,,,,,
Sightline Survey,2350330520,"""6917530027789184495""",,Legendary,0,Hand Cannon,echoes,Energy,Arc,primary,10,Precision Frame,Reload Speed,3,Vault,false,false,false,7,24,,92,72,78,34,14,0,0,0,63,180,54,11,24,0,0,0,0,0,0,0,0,41,52,0,0,false,0,0,,,,Precision Frame*,Chambered Compensator*,Corkscrew Rifling,Appended Mag*,Tactical Mag,Triple Tap*,Kill Clip*,Radiolaria Transposer*,Kill Tracker,Tier 3: Reload Speed*,,,,,,,,,
Skyburner's Oath,4255268456,"""6917529969474178585""",,Exotic,0,Scout Rifle,,Energy,Solar,primary,10,Slug Rifle,,10,Vault,false,false,false,1,1,,100,90,67,80,21,0,0,0,50,150,30,20,85,0,0,0,0,0,0,0,0,45,60,0,0,false,0,0,,,,Slug Rifle*,Extended Barrel*,Extended Mag*,For the Empire*,Short-Action Stock*,Kill Tracker,Skyburner Catalyst*,,,,,,,,,,,,
Sleeper Simulant,4036115577,"""6917529396887609868""",,Exotic,0,Linear Fusion Rifle,,Power,Solar,heavy,10,Dornröschen,,10,Vault,false,false,false,1,3,,65,57,41,59,25,0,0,0,54,0,44,4,40,1024,0,0,0,0,0,0,0,9,10,0,0,false,0,0,,,,Dornröschen*,Polygonal Rifling*,Flared Magwell*,Moving Target*,Composite Stock*,Kill Tracker,,,,,,,,,,,,,
Sleepless,1738552769,"""6917530187760624313""",,Legendary,4,Rocket Launcher,dreaming,Power,Arc,heavy,394,High-Impact Frame,Velocity,4,Vault,false,false,false,8,28,,58,72,0,0,20,100,40,0,49,15,64,1,61,0,0,0,0,0,0,0,0,3,36,0,0,false,0,0,,,,High-Impact Frame*,Volatile Launch*,Quick Launch,Alloy Casing*,Implosion Rounds,Reconstruction*,Impulse Amplifier,Chain Reaction*,Elemental Honing,Advanced Reflexes*,Kill Tracker,Tier 4: Velocity*,,,,,,,
Sleepless,1738552769,"""6917530187762597339""",,Legendary,5,Rocket Launcher,dreaming,Power,Arc,heavy,395,High-Impact Frame,Handling,4,Vault,false,false,false,8,28,,58,72,0,0,20,91,56,0,40,15,33,1,70,0,0,0,0,0,0,0,0,3,36,0,0,false,0,0,,,,High-Impact Frame*,Hard Launch*,Quick Launch,Black Powder*,High-Velocity Rounds,Auto-Loading Holster*,Field Prep,Reconstruction,Chain Reaction*,Demolitionist,Gear Shift,Advanced Reflexes*,Kill Tracker,Tier 4: Handling*,Triumphant Pulse*,,,,
Sleepless,1738552769,"""6917530187777118401""",,Legendary,3,Rocket Launcher,dreaming,Power,Arc,heavy,399,High-Impact Frame,Velocity,3,Vault,false,false,false,8,28,,58,72,0,0,20,70,48,0,53,15,48,1,66,0,0,0,0,0,0,0,0,3,36,0,0,false,0,0,,,,High-Impact Frame*,Linear Compensator*,Smart Drift Control,Alloy Casing*,Impact Casing,Wellspring*,Reconstruction,Bipod*,Bait and Switch,Advanced Reflexes*,Kill Tracker,Tier 3: Velocity*,,,,,,,
Sleepless,1738552769,"""6917530187781164790""",,Legendary,4,Rocket Launcher,dreaming,Power,Arc,heavy,399,High-Impact Frame,Velocity,2,Vault,false,false,false,8,28,,58,72,0,0,20,87,38,0,49,15,18,1,61,0,0,0,0,0,0,0,0,3,36,0,0,false,0,0,,,"AI v2.3 COULD DELETE — same weapon name, hash/version, and intrinsic frame as the proposed retained copy. Best legal perk combo scores 3.0 below the best copy. Retain Sleepless ID 6917530187762597339. Still review origin-trait selection, barrels, magazines, Masterwork, stats, source, build role, and personal feel before dismantling.",High-Impact Frame*,Volatile Launch*,Confined Launch,Black Powder*,Impact Casing,Auto-Loading Holster*,Wellspring,Bipod*,Demolitionist,Advanced Reflexes*,Kill Tracker,Tier 2: Velocity*,,,,,,,
Sleepless,1738552769,"""6917530187783066833""",,Legendary,3,Rocket Launcher,dreaming,Power,Arc,heavy,400,High-Impact Frame,Blast Radius,1,Vault,false,false,false,8,28,,58,72,0,0,20,91,55,0,38,15,33,1,66,0,0,0,0,0,0,0,0,3,66,0,0,false,0,0,,,,High-Impact Frame*,Hard Launch*,Quick Launch,Black Powder*,Implosion Rounds,Field Prep*,Reconstruction,Chain Reaction*,Permeability,Advanced Reflexes*,Kill Tracker,Tier 1: Blast Radius*,,,,,,,
Snorri FR5,4114929480,"""6917529738727972070""",,Legendary,0,Fusion Rifle,engram,Energy,Void,special,10,Precision Frame,Reload Speed,1,Vault,false,false,false,5,16,,79,62,75,66,17,0,0,0,55,0,34,6,42,800,0,0,0,0,0,0,0,6,38,0,0,false,0,0,omolon,,,Precision Frame*,Corkscrew Rifling*,Hammer-Forged Rifling,Accelerated Coils*,Projection Fuse,Heating Up*,Frenzy*,Omolon Fluid Dynamics*,Kill Tracker,Tier 1: Reload Speed*,,,,,,,,,
Sojourner's Tale,599895591,"""6917529394343160931""",,Legendary,0,Shotgun,seasonpass,Energy,Solar,special,10,Pinpoint Slug Frame,Stability,3,Vault,false,false,false,4,14,,56,35,70,61,12,0,0,0,63,70,44,6,78,0,0,0,0,0,0,0,0,2,43,0,0,false,0,0,,,,Pinpoint Slug Frame*,Fluted Barrel*,Full Bore,Assault Mag*,Steady Rounds,Threat Detector*,Killing Wind*,Dragonfly,Kill Tracker,Tier 3: Stability*,,,,,,,,,
Sojourner's Tale,599895591,"""6917529399385033467""",favorite,Legendary,0,Shotgun,seasonpass,Energy,Solar,special,10,Pinpoint Slug Frame,Range,2,Vault,true,false,false,4,14,,56,35,70,78,12,0,0,0,40,65,54,6,63,0,0,0,0,0,0,0,0,2,43,0,0,false,0,0,,,,Pinpoint Slug Frame*,Hammer-Forged Rifling*,Smallbore,Steady Rounds,Light Mag*,Quickdraw*,Opening Shot*,Kill Tracker,Tier 2: Range*,,,,,,,,,,
Someday,3232203524,"""6917530022223700171""",,Legendary,0,Shotgun,paleheart,KineticSlot,Kinetic,special,10,Precision Frame,Handling,1,Vault,false,false,false,7,24,,79,74,70,88,12,0,0,0,46,65,61,6,41,0,0,0,0,0,0,0,0,3,37,0,0,false,0,0,,,,Precision Frame*,Smoothbore*,Full Choke,Steady Rounds,Light Mag*,Lead from Gold*,Vorpal Weapon*,Dealer's Choice*,Kill Tracker,Backup Mag*,Tier 1: Handling*,,,,,,,,
Someday,3232203524,"""6917530022275957653""",,Legendary,0,Shotgun,paleheart,KineticSlot,Kinetic,special,10,Precision Frame,Stability,2,Vault,false,false,false,7,24,,79,74,70,78,12,0,0,0,58,65,51,5,50,0,0,0,0,0,0,0,0,3,37,0,0,false,0,0,,,"AI v2.3 COULD DELETE — same weapon name, hash/version, and intrinsic frame as the proposed retained copy. Best legal perk combo scores 3.0 below the best copy. Retain Someday ID 6917530022223700171. Still review origin-trait selection, barrels, magazines, Masterwork, stats, source, build role, and personal feel before dismantling.",Precision Frame*,Barrel Shroud*,Full Choke,Accurized Rounds*,Light Mag,Dual Loader*,Collective Action*,Dealer's Choice*,Kill Tracker,Tier 2: Stability*,,,,,,,,,
Someday,3232203524,"""6917530025303667468""",,Legendary,0,Shotgun,paleheart,KineticSlot,Kinetic,special,10,Precision Frame,Reload Speed,3,Vault,false,false,false,7,24,,79,74,70,75,12,0,0,0,53,65,54,6,40,0,0,0,0,0,0,0,0,3,37,0,0,false,0,0,,,"AI v2.3 COULD DELETE — same weapon name, hash/version, and intrinsic frame as the proposed retained copy. Best legal perk combo scores 3.5 below the best copy. Retain Someday ID 6917530022223700171. Still review origin-trait selection, barrels, magazines, Masterwork, stats, source, build role, and personal feel before dismantling.",Precision Frame*,Smallbore*,Barrel Shroud,Appended Mag*,Accurized Rounds,Threat Remover*,Opening Shot*,Dealer's Choice*,Kill Tracker,Tier 3: Reload Speed*,,,,,,,,,
Someday,3232203524,"""6917530029653892225""",,Legendary,0,Shotgun,paleheart,KineticSlot,Kinetic,special,10,Precision Frame,Range,3,Vault,false,false,false,7,24,,79,74,70,81,12,0,0,0,61,70,51,5,25,0,0,0,0,0,0,0,0,3,37,0,0,false,0,0,,,,Precision Frame*,Rifled Barrel*,Smoothbore,Assault Mag*,Steady Rounds,Dual Loader*,Recombination*,Dealer's Choice*,Kill Tracker,Tier 3: Range*,,,,,,,,,
Something New,1705150753,"""6917530192912241796""",,Legendary,4,Hand Cannon,,KineticSlot,Stasis,primary,468,Aggressive Frame,Range,1,Vault,false,false,false,8,28,,100,60,92,66,14,0,0,0,41,120,25,8,26,0,0,0,0,0,0,0,0,23,51,0,0,false,0,0,,,,Aggressive Frame*,Chambered Compensator*,Full Bore,Armor-Piercing Rounds*,High-Caliber Rounds,Rapid Hit*,Wellspring,Headstone*,Opening Shot,Dream Work*,Nadir Focus,Kill Tracker,Tier 1: Range*,,,,,,
Something New,1705150753,"""6917530192914790901""",,Legendary,4,Hand Cannon,,KineticSlot,Stasis,primary,468,Aggressive Frame,Reload Speed,1,Vault,false,false,false,8,28,,98,60,92,70,14,0,0,0,30,120,8,11,30,0,0,0,0,0,0,0,0,33,51,0,0,false,0,0,,,,Aggressive Frame*,Hammer-Forged Rifling*,Polygonal Rifling,Extended Mag*,Light Mag,Rapid Hit*,Built to Blast,Kill Clip*,Precision Instrument,Dream Work*,Nadir Focus,Kill Tracker,Tier 1: Reload Speed*,,,,,,
Sorrow's Verse,2496875173,"""6917529897458858089""",,Legendary,0,Auto Rifle,crucible,Energy,Arc,primary,10,Adaptive Frame,Stability,3,Vault,false,false,false,4,15,,83,68,21,44,16,0,0,0,37,600,38,47,74,0,0,0,0,0,0,0,0,20,49,0,0,false,0,0,suros,,,Adaptive Frame*,Arrowhead Brake*,Smallbore,Extended Mag*,Alloy Magazine,Outlaw*,Harmony*,One Quiet Moment*,Suros Synergy,Kill Tracker,Tier 3: Stability*,,,,,,,,
Sorrow's Verse,2496875173,"""6917529950029325161""",,Legendary,0,Auto Rifle,crucible,Energy,Arc,primary,10,Adaptive Frame,Handling,1,Vault,false,false,false,4,15,,83,68,21,54,16,0,0,0,34,600,58,39,75,0,0,0,0,0,0,0,0,10,49,0,0,false,0,0,suros,,,Adaptive Frame*,Arrowhead Brake*,Corkscrew Rifling,Accurized Rounds*,Flared Magwell,Dynamic Sway Reduction*,Demolitionist*,One Quiet Moment*,Suros Synergy,Kill Tracker,Tier 1: Handling*,,,,,,,,
Spare Rations,3236112986,"""6917529906224742033""",favorite,Legendary,0,Hand Cannon,seasonpass,KineticSlot,Kinetic,primary,10,Adaptive Frame,Range,3,Vault,false,false,false,6,21,,100,83,84,44,14,0,0,0,57,140,71,13,76,0,0,0,0,0,0,0,0,10,57,0,0,false,0,0,,,,Adaptive Frame*,Corkscrew Rifling*,Smallbore,High-Caliber Rounds,Flared Magwell*,Rapid Hit*,Focused Fury*,Kill Tracker,Disaster Plan*,Tier 3: Range*,,,,,,,,,
Spare Rations,3236112986,"""6917529957414180306""",,Legendary,0,Hand Cannon,seasonpass,KineticSlot,Kinetic,primary,10,Adaptive Frame,Handling,2,Vault,false,false,false,6,21,,100,83,84,51,14,0,0,0,37,140,56,13,68,0,0,0,0,0,0,0,0,10,57,0,0,false,0,0,,,,Adaptive Frame*,Full Bore*,Polygonal Rifling,Alloy Magazine*,Light Mag,Slideshot*,Kill Clip*,Kill Tracker,Disaster Plan*,Tier 2: Handling*,,,,,,,,,
Spare Rations,3236112986,"""6917529979574169107""",,Legendary,0,Hand Cannon,seasonpass,KineticSlot,Kinetic,primary,10,Adaptive Frame,Range,3,Vault,false,false,false,6,21,,100,83,84,39,14,0,0,0,52,140,56,13,86,0,0,0,0,0,0,0,0,10,57,0,0,false,0,0,,,,Adaptive Frame*,Fluted Barrel*,Polygonal Rifling,Alloy Magazine*,Flared Magwell,Rapid Hit*,Kill Clip*,Kill Tracker,Disaster Plan*,Tier 3: Range*,,,,,,,,,
Staccato-46,4019668921,"""6917529811373370881""",,Legendary,0,Scout Rifle,engram,Energy,Solar,primary,10,Precision Frame,Handling,5,Vault,true,false,false,5,17,,58,63,62,49,20,0,0,0,49,180,40,15,58,0,0,0,0,0,0,0,0,9,54,0,0,false,0,0,suros,,,Precision Frame*,Fluted Barrel*,Full Bore,Accurized Rounds*,Appended Mag,Triple Tap*,Explosive Payload*,Suros Synergy*,Kill Tracker,Tier 5: Handling*,,,,,,,,,
Staccato-46,4019668921,"""6917529907952356170""",,Legendary,0,Scout Rifle,engram,Energy,Solar,primary,10,Precision Frame,Stability,3,Vault,false,false,false,5,17,,68,63,62,49,20,0,0,0,57,180,40,15,33,0,0,0,0,0,0,0,0,9,54,0,0,false,0,0,suros,,,Precision Frame*,Chambered Compensator*,Fluted Barrel,Accurized Rounds*,Alloy Magazine,Compulsive Reloader*,Incandescent*,Suros Synergy*,Kill Tracker,Tier 3: Stability*,,,,,,,,,
Staccato-46,4019668921,"""6917529957189348096""",,Legendary,0,Scout Rifle,engram,Energy,Solar,primary,10,Precision Frame,Reload Speed,4,Vault,false,false,false,5,17,,58,63,62,39,20,0,0,0,54,180,24,18,38,0,0,0,0,0,0,0,0,19,54,0,0,false,0,0,suros,,"AI v2.3 COULD DELETE — same weapon name, hash/version, and intrinsic frame as the proposed retained copy. Best legal perk combo scores 3.1 below the best copy. Retain Staccato-46 ID 6917529811373370881. Still review origin-trait selection, barrels, magazines, Masterwork, stats, source, build role, and personal feel before dismantling.",Precision Frame*,Polygonal Rifling*,Smallbore,Extended Mag*,Alloy Magazine,Compulsive Reloader*,Rampage*,Suros Synergy*,Kill Tracker,Tier 4: Reload Speed*,,,,,,,,,
Stars in Shadow,2050789284,"""6917529892089522099""",,Legendary,0,Pulse Rifle,crucible,Energy,Solar,primary,10,High-Impact Frame,Stability,1,Vault,false,false,false,4,12,,64,28,33,67,18,0,0,0,54,340,44,31,28,0,0,0,0,0,0,0,0,10,49,0,0,false,0,0,,,,High-Impact Frame*,Corkscrew Rifling*,Polygonal Rifling,Tactical Mag*,Alloy Magazine,Pulse Monitor*,Dragonfly*,One Quiet Moment*,Kill Tracker,Tier 1: Stability*,,,,,,,,,
Stars in Shadow,3602242905,"""6917530188847015380""",,Legendary,4,Pulse Rifle,crucible,Energy,Solar,primary,415,High-Impact Frame,Reload Speed,4,Vault,false,false,false,8,27,,64,28,29,80,18,0,0,0,49,340,38,27,28,0,0,0,0,0,0,0,0,17,49,0,0,false,0,0,,,,High-Impact Frame*,Corkscrew Rifling*,Extended Barrel,Accurized Rounds*,Steady Rounds,Heal Clip*,Rapid Hit,Sword Logic*,Incandescent,Roar of Battle*,Wild Card,Kill Tracker,Tier 4: Reload Speed*,,,,,,
Steelfeather Repeater,771811870,"""6917530187783070925""",,Legendary,3,Auto Rifle,engram,KineticSlot,Kinetic,primary,400,Rapid-Fire Frame,Handling,1,Vault,false,false,false,8,28,,57,72,18,34,16,0,0,0,46,720,50,56,39,0,0,0,0,0,0,0,0,10,53,0,0,false,0,0,,,,Rapid-Fire Frame*,Hammer-Forged Rifling*,Polygonal Rifling,Appended Mag*,High-Caliber Rounds,Bewildering Burst*,Firmly Planted,All-Star*,Multikill Clip,Cast No Shadows*,Kill Tracker,Tier 1: Handling*,,,,,,,
Steelfeather Repeater,771811870,"""6917530189352937089""",,Legendary,3,Auto Rifle,engram,KineticSlot,Kinetic,primary,422,Rapid-Fire Frame,Stability,1,Vault,false,false,false,8,28,,87,72,18,24,16,0,0,0,47,720,50,56,48,0,0,0,0,0,0,0,0,10,53,0,0,false,0,0,,,,Rapid-Fire Frame*,Arrowhead Brake*,Chambered Compensator,Appended Mag*,Flared Magwell,Bewildering Burst*,Proximity Power,Swashbuckler*,Multikill Clip,Cast No Shadows*,Kill Tracker,Tier 1: Stability*,,,,,,,
Steelfeather Repeater,771811870,"""6917530189379579972""",,Legendary,4,Auto Rifle,engram,KineticSlot,Kinetic,primary,424,Rapid-Fire Frame,Stability,5,Vault,false,false,false,8,28,,87,72,18,24,16,0,0,0,51,720,32,59,50,0,0,0,0,0,0,0,0,20,53,0,0,false,0,0,,,,Rapid-Fire Frame*,Arrowhead Brake*,Smallbore,Extended Mag*,Flared Magwell,Subsistence*,Bewildering Burst,Surrounded*,Vorpal Weapon,Cast No Shadows*,Kill Tracker,Tier 5: Stability*,,,,,,,
Steelfeather Repeater,771811870,"""6917530192908282836""",,Legendary,5,Auto Rifle,engram,KineticSlot,Kinetic,primary,478,Rapid-Fire Frame,Range,1,Vault,false,false,false,8,28,,57,72,18,40,16,0,0,0,37,720,52,56,39,0,0,0,0,0,0,0,0,10,53,0,0,false,0,0,,,,Rapid-Fire Frame*,Full Bore*,Smallbore,Appended Mag*,Flared Magwell,Grave Robber*,Slideways,Firmly Planted,Ancillary Ordinance*,All-Star,Multikill Clip,Cast No Shadows*,Kill Tracker,Tier 1: Range*,Triumphant Pulse*,,,,
Still Hunt,2905188646,"""6917530021522445763""",,Exotic,0,Sniper Rifle,exoticquest,Energy,Solar,special,10,Cayde's Retribution,,,Vault,false,false,false,7,24,,69,68,70,64,40,0,0,0,59,90,44,6,62,0,0,0,0,0,0,0,0,4,70,0,0,false,0,0,,,,Cayde's Retribution*,Polygonal Rifling*,Golden Munitions*,Sharpshooter*,Short-Action Stock*,Kill Tracker,Empty Catalyst Socket*,,,,,,,,,,,,
Stochastic Variable,2272470786,"""6917529397073204336""",favorite,Legendary,0,Submachine Gun,engram,Energy,Arc,primary,10,Lightweight Frame,Handling,2,Vault,false,false,false,4,14,,95,52,25,33,14,0,0,0,40,600,27,41,67,0,0,0,0,0,0,0,0,12,40,0,0,false,0,0,omolon,,,Lightweight Frame*,Extended Barrel,Fluted Barrel*,Appended Mag,Flared Magwell,Phase Magazine*,Feeding Frenzy*,Dragonfly*,Kill Tracker,Tier 2: Handling*,,,,,,,,,
Stochastic Variable,2272470786,"""6917529930270646570""",,Legendary,0,Submachine Gun,engram,Energy,Arc,primary,10,Lightweight Frame,Range,2,Vault,false,false,false,4,14,,95,52,15,40,14,0,0,0,40,900,27,41,55,0,0,0,0,0,0,0,0,12,40,0,0,false,0,0,omolon,,,Lightweight Frame*,Corkscrew Rifling*,Hammer-Forged Rifling,Alloy Magazine*,High-Caliber Rounds,Light Mag,Killing Wind*,Multikill Clip*,Kill Tracker,Tier 2: Range*,,,,,,,,,
Strident Whistle,2591241074,"""6917529895388271734""",,Legendary,0,Combat Bow,strikes,Energy,Solar,primary,10,Precision Frame,Draw Time,3,Vault,false,false,false,5,17,,76,64,76,0,18,0,0,0,36,0,40,0,55,0,590,79,0,0,0,0,0,5,59,0,0,false,0,0,,,,Precision Frame*,Elastic String*,Polymer String,Fiberglass Arrow Shaft*,Natural Fletching,Shoot to Loot*,Adrenaline Junkie*,Vanguard's Vindication*,Kill Tracker,Tier 3: Draw Time*,,,,,,,,,
Strident Whistle,2591241074,"""6917529896501096925""",,Legendary,0,Combat Bow,strikes,Energy,Solar,primary,10,Precision Frame,Accuracy,2,Vault,false,false,false,5,17,,76,64,76,0,18,0,0,0,31,0,40,0,50,0,700,100,0,0,0,0,0,5,59,0,0,false,0,0,,,,Precision Frame*,High Tension String*,Polymer String,Fiberglass Arrow Shaft*,Straight Fletching,Archer's Tempo*,Successful Warm-Up*,Vanguard's Vindication*,Kill Tracker,Tier 2: Target Acquisition*,,,,,,,,,
Stryker's Sure-Hand,2490460292,"""6917530189612816418""",,Legendary,3,Sword,blackarmory,Power,Void,heavy,444,Aggressive Frame,Impact,1,Vault,false,false,false,8,28,,0,0,71,0,0,0,0,0,0,0,0,61,0,0,0,0,20,80,0,40,0,0,0,0,0,false,0,0,,,,Aggressive Frame*,Enduring Blade*,Honed Edge,Burst Guard*,Swordmaster's Guard,Tireless Blade*,Duelist's Trance,Surrounded*,Binary Orbit,Forge's Kin*,Kill Tracker,Tier 1: Impact*,,,,,,,
Sturm,2907129556,"""6917529895769414146""",,Exotic,0,Hand Cannon,,KineticSlot,Kinetic,primary,10,Accomplice,"Handling, Range",10,Vault,false,false,false,1,1,,100,50,92,90,14,0,0,0,51,120,30,12,70,0,0,0,0,0,0,0,0,22,80,0,0,false,0,601,,,,Accomplice*,Extended Barrel*,Extended Mag*,Storm and Stress*,Combat Grip*,Kill Tracker,Sturm Catalyst*,,,,,,,,,,,,
Subjunctive,1447836603,"""6917529961046853049""",,Legendary,0,Submachine Gun,rivenslair,Energy,Arc,primary,10,Lightweight Frame,Handling,1,Vault,false,false,false,6,23,,92,52,15,36,13,0,0,0,42,900,28,41,82,0,0,0,0,0,0,0,0,12,63,0,0,false,0,154,,,,Lightweight Frame*,Fluted Barrel*,Polygonal Rifling,Accurized Rounds*,Alloy Magazine,Shoot to Loot*,Voltshot*,Nano-Munitions*,Kill Tracker,Tier 1: Handling*,,,,,,,,,
Subjunctive,1447836603,"""6917529971508581789""",,Legendary,0,Submachine Gun,rivenslair,Energy,Arc,primary,10,Lightweight Frame,Reload Speed,2,Vault,false,false,false,6,23,,92,52,15,41,13,0,0,0,27,900,30,43,61,0,0,0,0,0,0,0,0,12,63,0,0,false,0,0,,,,Lightweight Frame*,Full Bore*,Hammer-Forged Rifling,Appended Mag*,Tactical Mag,Threat Detector*,Golden Tricorn*,Nano-Munitions*,Kill Tracker,Tier 2: Reload Speed*,,,,,,,,,
Subjunctive,1447836603,"""6917530014413719014""",,Legendary,0,Submachine Gun,rivenslair,Energy,Arc,primary,10,Lightweight Frame,Range,3,Vault,false,false,false,6,23,,100,52,15,39,13,0,0,0,37,900,28,41,76,0,0,0,0,0,0,0,0,12,63,0,0,false,0,0,,,,Lightweight Frame*,Arrowhead Brake*,Extended Barrel,Accurized Rounds*,Steady Rounds,Shoot to Loot*,Swashbuckler*,Nano-Munitions*,Kill Tracker,Tier 3: Range*,,,,,,,,,
Sublimation,1674692344,"""6917530186029422434""",,Legendary,2,Scout Rifle,kepler,Energy,Arc,primary,321,High-Impact Frame,Range,4,Vault,false,false,false,8,27,,72,38,67,81,21,0,0,0,31,150,27,14,32,0,0,0,0,0,0,0,0,19,54,0,0,false,0,0,,,,High-Impact Frame*,Corkscrew Rifling*,Hammer-Forged Rifling,Appended Mag*,Extended Mag,Eddy Current*,Voltshot*,Exhaustive Research*,Kill Tracker,Tier 4: Range*,,,,,,,,,
Sublimation,1674692344,"""6917530186031835274""",,Legendary,1,Scout Rifle,kepler,Energy,Arc,primary,323,High-Impact Frame,Handling,1,Vault,false,false,false,8,27,,82,38,67,82,21,0,0,0,36,150,27,12,23,0,0,0,0,0,0,0,0,19,54,0,0,false,0,0,,,"AI v2.3 COULD DELETE — same weapon name, hash/version, and intrinsic frame as the proposed retained copy. Best legal perk combo scores 3.7 below the best copy. Retain Sublimation ID 6917530186384981965. Still review origin-trait selection, barrels, magazines, Masterwork, stats, source, build role, and personal feel before dismantling.",High-Impact Frame*,Chambered Compensator*,Full Bore,Accurized Rounds*,Flared Magwell,Moving Target*,Adagio*,Exhaustive Research*,Kill Tracker,Tier 1: Handling*,,,,,,,,,
Sublimation,1674692344,"""6917530186098355582""",,Legendary,1,Scout Rifle,kepler,Energy,Arc,primary,362,High-Impact Frame,Handling,2,Vault,false,false,false,8,27,,82,38,67,72,21,0,0,0,36,150,27,14,24,0,0,0,0,0,0,0,0,19,54,0,0,false,0,0,,,,High-Impact Frame*,Chambered Compensator*,Hammer-Forged Rifling,Appended Mag*,Flared Magwell,Rapid Hit*,Adagio*,Exhaustive Research*,Kill Tracker,Tier 2: Handling*,,,,,,,,,
Sublimation,1674692344,"""6917530186384981965""",,Legendary,1,Scout Rifle,kepler,Energy,Arc,primary,389,High-Impact Frame,Range,2,Vault,false,false,false,8,27,,82,38,67,74,21,0,0,0,36,150,27,14,22,0,0,0,0,0,0,0,0,19,54,0,0,false,0,0,,,,High-Impact Frame*,Chambered Compensator*,Polygonal Rifling,Appended Mag*,Steady Rounds,Demolitionist*,Rolling Storm*,Exhaustive Research*,Kill Tracker,Tier 2: Range*,,,,,,,,,
Sublimation,1674692344,"""6917530186394223957""",,Legendary,1,Scout Rifle,kepler,Energy,Arc,primary,392,High-Impact Frame,Range,5,Vault,false,false,false,8,27,,82,38,67,87,21,0,0,0,26,150,7,15,17,0,0,0,0,0,0,0,0,29,54,0,0,false,0,0,,,"AI v2.3 COULD DELETE — same weapon name, hash/version, and intrinsic frame as the proposed retained copy. Best legal perk combo scores 4.2 below the best copy. Retain Sublimation ID 6917530186384981965. Still review origin-trait selection, barrels, magazines, Masterwork, stats, source, build role, and personal feel before dismantling.",High-Impact Frame*,Extended Barrel*,Fluted Barrel,Extended Mag*,Steady Rounds,Moving Target*,No Distractions*,Exhaustive Research*,Kill Tracker,Tier 5: Range*,,,,,,,,,
Sublimation,1674692344,"""6917530193089370174""",,Legendary,2,Scout Rifle,kepler,Energy,Arc,primary,489,High-Impact Frame,Range,4,Warlock(482),false,false,false,8,27,,72,38,67,81,21,0,0,0,31,150,32,14,32,0,0,0,0,0,0,0,0,19,54,0,0,false,0,0,,,,High-Impact Frame*,Corkscrew Rifling*,Full Bore,Appended Mag*,Steady Rounds,Impromptu Ammunition*,Explosive Payload*,Exhaustive Research*,Kill Tracker,Tier 4: Range*,,,,,,,,,
Submersion,3524386983,"""6917530186059834453""",,Legendary,3,Combat Bow,events,Power,Stasis,heavy,324,High-Impact Frame,Persistence,5,Vault,false,false,false,8,27,,0,53,47,0,19,0,32,30,0,0,72,0,29,0,0,0,0,0,0,0,0,14,26,0,0,false,0,0,,,,High-Impact Frame*,Quickload Rail*,Frictionless Rail,Spring-Auger Bolts*,Heavy Bolts,Bolt Scavenger*,Lead From Light,Chill Clip*,Collective Action,Contending Cascade*,Kill Tracker,Tier 5: Persistence*,,,,,,,
Submersion,1724104236,"""6917530192908285804""",,Legendary,5,Combat Bow,,Power,Stasis,heavy,468,High-Impact Frame,Handling,3,Vault,false,false,true,8,27,,0,53,47,0,19,0,42,25,0,0,33,0,63,0,0,0,0,0,0,0,0,14,28,0,0,false,0,0,,,,High-Impact Frame*,Ultralight Rail*,Frictionless Rail,Explosive Bolts*,Heavy Bolts,Auto-Loading Holster*,No Distractions,Lead From Light,Aggregate Charge*,Headstone,Collective Action,Contending Cascade*,Kill Tracker,Tier 3: Handling*,Sparks Everlasting*,,,,
Submersion,3524386983,"""6917530192914784255""",,Legendary,4,Combat Bow,events,Power,Stasis,heavy,468,High-Impact Frame,Handling,1,Vault,false,false,false,8,27,,0,53,47,0,19,0,73,18,0,0,42,0,30,0,0,0,0,0,0,0,0,14,26,0,0,false,0,0,,,,High-Impact Frame*,Mag-lev Rail*,Empowered Rail,Serrated Bolts*,Heavy Bolts,No Distractions*,Lead From Light,Chill Clip*,Firing Line,Contending Cascade*,Kill Tracker,Tier 1: Handling*,,,,,,,
Submersion,3524386983,"""6917530192914790193""",,Legendary,4,Combat Bow,events,Power,Stasis,heavy,468,High-Impact Frame,Persistence,4,Vault,false,false,false,8,27,,0,53,47,0,19,0,73,20,0,0,44,0,29,0,0,0,0,0,0,0,0,14,26,0,0,false,0,0,,,,High-Impact Frame*,Mag-lev Rail*,Low-Profile Rail,Spring-Auger Bolts*,Heavy Bolts,No Distractions*,Lead From Light,Aggregate Charge*,Headstone,Contending Cascade*,Kill Tracker,Tier 4: Persistence*,,,,,,,
Subzero Salvo,978122008,"""6917530186310226510""",,Legendary,5,Rocket Launcher,europa,Power,Arc,heavy,367,Precision Frame,Handling,1,Vault,false,false,false,8,28,,79,61,0,0,20,16,50,0,54,15,19,1,42,0,0,0,0,0,0,0,0,3,34,0,0,false,0,0,,,,Precision Frame*,Confined Launch*,Quick Launch,High-Velocity Rounds*,Implosion Rounds,Supercharged Magazine*,Impromptu Ammunition,Envious Assassin,Bipod*,Rolling Storm,Gear Shift,Winterized Gear*,Kill Tracker,Tier 1: Handling*,Triumphant Pulse*,,,,
Subzero Salvo,978122008,"""6917530186314297745""",,Legendary,4,Rocket Launcher,europa,Power,Arc,heavy,366,Precision Frame,Blast Radius,1,Vault,false,false,false,8,28,,100,61,0,0,20,31,48,0,41,15,54,1,52,0,0,0,0,0,0,0,0,3,34,0,0,false,0,0,,,,Precision Frame*,Countermass*,Linear Compensator,Alloy Casing*,Implosion Rounds,Voltshot*,Envious Assassin,Gear Shift*,Aggregate Charge,Winterized Gear*,Kill Tracker,Tier 1: Blast Radius*,,,,,,,
Succession,2990047042,"""6917530009144876788""",,Legendary,0,Sniper Rifle,deepstonecrypt,KineticSlot,Kinetic,special,10,Aggressive Frame,Range,3,Vault,false,false,false,4,12,,80,48,90,94,50,0,0,0,28,72,35,3,35,0,0,0,0,0,0,0,0,4,50,0,0,false,0,0,,,,Aggressive Frame*,Corkscrew Rifling*,Full Bore,Accurized Rounds*,Alloy Magazine,Moving Target*,Focused Fury*,Bray Inheritance*,Kill Tracker,Tier 3: Range*,,,,,,,,,
Sunshot,2907129557,"""6917529205046918174""",favorite,Exotic,0,Hand Cannon,,Energy,Solar,primary,469,Sunburn,"Stability, Range",10,Hunter(60),true,false,false,1,1,,100,60,80,71,14,0,0,0,65,150,72,12,91,0,0,0,0,0,0,0,0,27,53,0,0,false,0,26643,,"00007:Gambit,PvP,PvP,Solar,Strike,Support,Vanguard",,Sunburn*,Chambered Compensator*,Accurized Rounds*,Sun Blast*,Textured Grip*,Kill Tracker,Sunshot Catalyst*,Quark Star*,,,,,,,,,,,
Supercluster,92459755,"""6917529958663059442""",,Legendary,0,Shotgun,rivenslair,KineticSlot,Strand,special,10,Pinpoint Slug Frame,Handling,1,Vault,true,false,false,6,23,,59,41,70,75,12,0,0,0,54,65,45,6,87,0,0,0,0,0,0,0,0,4,46,0,0,false,0,14,,,,Pinpoint Slug Frame*,Extended Barrel,Fluted Barrel*,Extended Mag,Accurized Rounds*,Slice*,Surrounded*,Dragon's Vengeance*,Kill Tracker,Tier 1: Handling*,,,,,,,,,
Supercluster,92459755,"""6917529958683802177""",,Legendary,0,Shotgun,rivenslair,KineticSlot,Strand,special,10,Pinpoint Slug Frame,Reload Speed,1,Vault,false,false,false,6,23,,59,41,70,75,12,0,0,0,54,65,56,6,76,0,0,0,0,0,0,0,0,4,46,0,0,false,0,0,,,,Pinpoint Slug Frame*,Corkscrew Rifling*,Light Mag*,Lead from Gold*,Hatchling*,Dragon's Vengeance*,Kill Tracker,Tier 1: Reload Speed*,,,,,,,,,,,
Supercluster,92459755,"""6917529967432286070""",,Legendary,0,Shotgun,rivenslair,KineticSlot,Strand,special,10,Pinpoint Slug Frame,Stability,1,Vault,false,false,false,6,23,,89,41,70,75,12,0,0,0,50,65,45,6,81,0,0,0,0,0,0,0,0,4,46,0,0,false,0,0,,,,Pinpoint Slug Frame*,Arrowhead Brake*,Smallbore,Tactical Mag,Accurized Rounds*,Threat Detector*,Vorpal Weapon*,Dragon's Vengeance*,Kill Tracker,Tier 1: Stability*,,,,,,,,,
Survivor's Epitaph,4059111040,"""6917530189360832157""",,Legendary,4,Hand Cannon,dungeon,KineticSlot,Kinetic,primary,436,Precision Frame,Range,5,Vault,false,false,false,8,28,,83,74,78,64,14,0,0,0,47,180,45,12,39,0,0,0,0,0,0,0,0,35,47,0,0,false,0,0,tex-mechanica,,,Precision Frame*,Full Bore*,Polygonal Rifling,Accurized Rounds*,Flared Magwell,Feeding Frenzy*,Eye of the Storm,Multikill Clip*,Rangefinder,Roar of Battle*,Tex Balanced Stock,Kill Tracker,Tier 5: Range*,,,,,,
Suspectum-4fr,3615421669,"""6917530025480258051""",,Legendary,0,Linear Fusion Rifle,engram,Power,Stasis,heavy,10,Precision Frame,Handling,5,Vault,false,false,false,7,24,,67,61,41,44,25,0,0,0,45,0,5,6,37,533,0,0,0,0,0,0,0,10,32,0,0,false,0,0,veist,,,Precision Frame*,Corkscrew Rifling*,Hammer-Forged Rifling,Ionized Battery*,Particle Repeater,No Distractions*,Fourth Time's the Charm*,Veist Stinger*,Kill Tracker,Tier 5: Handling*,,,,,,,,,
Suspectum-4fr,3615421669,"""6917530029626353999""",,Legendary,0,Linear Fusion Rifle,engram,Power,Stasis,heavy,10,Precision Frame,Handling,2,Titan(10),false,false,false,7,24,,97,61,38,39,25,0,0,0,40,0,25,5,39,533,0,0,0,0,0,0,0,10,32,0,0,false,0,0,veist,,,Precision Frame*,Arrowhead Brake*,Corkscrew Rifling,Accelerated Coils*,Projection Fuse,Enlightened Action*,Chill Clip*,Veist Stinger*,Kill Tracker,Tier 2: Handling*,,,,,,,,,
Suspectum-4fr,3615421669,"""6917530064654198722""",,Legendary,0,Linear Fusion Rifle,engram,Power,Stasis,heavy,10,Precision Frame,Reload Speed,4,Hunter(60),false,false,false,7,24,,77,61,41,39,25,0,0,0,60,0,29,5,22,533,0,0,0,0,0,0,0,10,32,0,0,false,0,0,veist,,,Precision Frame*,Chambered Compensator*,Polygonal Rifling,Particle Repeater*,Projection Fuse,Envious Assassin*,Precision Instrument*,Veist Stinger*,Kill Tracker,Tier 4: Reload Speed*,,,,,,,,,
Sweet Business,1345867570,"""6917529895762408745""",,Exotic,0,Auto Rifle,,KineticSlot,Kinetic,primary,400,Payday,,10,Vault,false,false,false,1,1,,100,80,18,35,16,0,0,0,55,360,0,150,5,0,0,0,0,0,0,0,0,32,80,0,0,false,0,24,,,,Payday*,Polygonal Rifling*,Armor-Piercing Rounds*,Business Time*,Composite Stock*,Kill Tracker,Sweet Business Catalyst*,,,,,,,,,,,,
Synanceia,1823308496,"""6917530188844343179""",keep,Legendary,4,Sword,monumentoftriumph,Power,Solar,heavy,415,Wave Sword Frame,Impact,4,Vault,true,false,false,8,27,,0,0,64,0,0,0,0,0,0,0,0,71,0,0,0,0,50,41,43,40,0,0,0,0,0,false,0,0,hakke,,,Wave Sword Frame*,Hungry Edge*,Enduring Blade,Jagged Edge,Balanced Guard*,Heavy Guard,Attrition Orbs*,Wellspring,Eager Edge*,Chain Reaction,Tenacity*,Häkke Breach Armaments,Kill Tracker,Tier 5: Impact*,,,,,
Synanceia,1823308496,"""6917530192912236472""",,Legendary,4,Sword,monumentoftriumph,Power,Solar,heavy,468,Wave Sword Frame,Impact,4,Vault,false,false,false,8,27,,0,0,64,0,0,0,0,0,0,0,0,71,0,0,0,0,50,41,43,40,0,0,0,0,0,false,0,0,hakke,,,Wave Sword Frame*,Hungry Edge*,Enduring Blade,Honed Edge,Balanced Guard*,Enduring Guard,Proximity Power*,Relentless Strikes,Burning Ambition*,Elemental Honing,Tenacity*,Häkke Breach Armaments,Kill Tracker,Tier 5: Impact*,,,,,
Synanceia,1823308496,"""6917530192914791373""",,Legendary,4,Sword,monumentoftriumph,Power,Solar,heavy,468,Wave Sword Frame,Impact,2,Vault,false,false,false,8,27,,0,0,63,0,0,0,0,0,0,0,0,71,0,0,0,0,50,41,43,40,0,0,0,0,0,false,0,0,hakke,,,Wave Sword Frame*,Hungry Edge*,Honed Edge,Tempered Edge,Balanced Guard*,Swordmaster's Guard,Relentless Strikes*,Assassin's Blade,Binary Orbit*,Chain Reaction,Tenacity*,Häkke Breach Armaments,Kill Tracker,Tier 2: Impact*,,,,,
Synchronic Roulette,811403305,"""6917529883152850734""",,Legendary,0,Submachine Gun,neomuna,KineticSlot,Strand,primary,10,Precision Frame,Range,4,Vault,true,false,false,6,20,,100,52,25,67,14,0,0,0,39,600,29,29,12,0,0,0,0,0,0,0,0,18,24,0,0,false,0,0,,,,Precision Frame*,Arrowhead Brake,Extended Barrel*,Alloy Magazine,Light Mag*,Pulse Monitor*,Hatchling*,Nanotech Tracer Missiles*,Kill Tracker,Tier 4: Range*,,,,,,,,,
Syncopation-53,2856514843,"""6917529648603200454""",favorite,Legendary,0,Pulse Rifle,engram,KineticSlot,Stasis,primary,10,Adaptive Frame,,,Hunter(60),false,false,false,5,16,,79,66,29,51,19,0,0,0,69,390,42,36,46,0,0,0,0,0,0,0,0,14,45,0,0,crafted,15,1128,suros,,,Adaptive Frame*,Polygonal Rifling*,High-Caliber Rounds*,Moving Target*,Headstone*,Suros Synergy*,Kill Tracker,,,,,,,,,,,,
Syncopation-53,2856514843,"""6917529811373370705""",,Legendary,0,Pulse Rifle,engram,KineticSlot,Stasis,primary,10,Adaptive Frame,Stability,1,Vault,false,false,false,5,16,,89,66,29,51,19,0,0,0,80,390,42,36,41,0,0,0,0,0,0,0,0,14,45,0,0,false,0,0,suros,,,Adaptive Frame*,Chambered Compensator*,Ricochet Rounds*,Zen Moment*,Frenzy*,Suros Synergy*,Kill Tracker,Tier 1: Stability*,,,,,,,,,,,
TAHOMA 01,1225851434,"""6917530186308144926""",,Legendary,5,Fusion Rifle,monumentoftriumph,KineticSlot,Strand,special,367,Aggressive Frame,Handling,4,Vault,false,false,false,8,28,,89,50,90,35,15,0,0,0,40,0,34,6,44,667,0,0,0,0,0,0,0,8,38,0,0,false,0,0,,,,Aggressive Frame*,Arrowhead Brake*,Smallbore,Accelerated Coils*,Liquid Coils,Overflow*,Demolitionist,Collective Demolition,Aggregate Charge*,Collective Action,Controlled Burst,Carrion Munitions*,Kill Tracker,Tier 4: Handling*,Triumphant Pulse*,,,,
TAHOMA 01,1225851434,"""6917530188304419514""",,Legendary,5,Fusion Rifle,monumentoftriumph,KineticSlot,Strand,special,416,Aggressive Frame,Charge Time,2,Vault,false,false,false,8,28,,89,50,95,35,15,0,0,0,40,0,14,8,40,660,0,0,0,0,0,0,0,8,38,0,0,false,0,0,,,,Aggressive Frame*,Arrowhead Brake*,Extended Barrel,Ionized Battery*,Projection Fuse,Overflow*,Envious Assassin,Lead from Gold,Desperate Measures*,Controlled Burst,Collective Pugilism,Carrion Munitions*,Kill Tracker,Tier 2: Charge Time*,Triumphant Pulse*,,,,
TAHOMA 01,1225851434,"""6917530192927829838""",,Legendary,5,Fusion Rifle,monumentoftriumph,KineticSlot,Strand,special,479,Aggressive Frame,Reload Speed,3,Vault,false,false,false,8,28,,69,50,100,35,15,0,0,0,51,0,35,6,26,667,0,0,0,0,0,0,0,8,38,0,0,false,0,0,,,,Aggressive Frame*,Chambered Compensator*,Fluted Barrel,Liquid Coils*,Projection Fuse,Demolitionist*,Envious Assassin,Lead from Gold,Controlled Burst*,Collective Pugilism,Rampage,Carrion Munitions*,Kill Tracker,Tier 3: Reload Speed*,Triumphant Pulse*,,,,
Taipan-4fr,1911060537,"""6917529883529652489""",,Legendary,0,Linear Fusion Rifle,engram,Power,Void,heavy,10,Precision Frame,Charge Time,3,Vault,false,false,false,5,18,,99,64,41,48,25,0,0,0,43,0,29,6,46,523,0,0,0,0,0,0,0,9,33,0,0,false,0,0,veist,,,Precision Frame*,Arrowhead Brake*,Polygonal Rifling,Enhanced Battery*,Projection Fuse,Triple Tap*,Focused Fury*,Veist Stinger*,Kill Tracker,Tier 3: Charge Time*,,,,,,,,,
Taipan-4fr,1911060537,"""6917529905677497336""",favorite,Legendary,0,Linear Fusion Rifle,engram,Power,Void,heavy,360,Precision Frame,,,Vault,false,false,false,5,18,,69,64,41,48,25,0,0,0,48,0,29,6,51,533,0,0,0,0,0,0,0,9,33,0,0,crafted,18,520,veist,,,Precision Frame*,Fluted Barrel*,Enhanced Battery*,Triple Tap*,Focused Fury*,Veist Stinger*,Kill Tracker,Anti-Flinch*,,,,,,,,,,,
Taipan-4fr,1911060537,"""6917529951129581158""",favorite,Legendary,0,Linear Fusion Rifle,engram,Power,Void,heavy,10,Precision Frame,Range,2,Vault,false,false,false,5,18,,69,64,38,65,25,0,0,0,33,0,29,5,31,533,0,0,0,0,0,0,0,9,33,0,0,false,0,0,veist,,,Precision Frame*,Full Bore*,Smallbore,Accelerated Coils*,Enhanced Battery,Clown Cartridge*,Firing Line*,Veist Stinger*,Kill Tracker,Tier 2: Range*,,,,,,,,,
Taipan-4fr,1911060537,"""6917529957641372439""",,Legendary,0,Linear Fusion Rifle,engram,Power,Void,heavy,10,Precision Frame,Range,3,Vault,false,false,false,5,18,,69,64,41,51,25,0,0,0,48,0,9,7,51,533,0,0,0,0,0,0,0,9,33,0,0,false,0,0,veist,,,Precision Frame*,Fluted Barrel*,Smallbore,Ionized Battery*,Particle Repeater,Clown Cartridge*,Frenzy*,Veist Stinger*,Kill Tracker,Tier 3: Range*,,,,,,,,,
Tarantula,3335343363,"""6917529390792361940""",,Legendary,0,Linear Fusion Rifle,engram,Power,Arc,heavy,10,Precision Frame,Range,4,Vault,false,false,false,4,13,,65,58,44,66,25,0,0,0,44,0,23,6,25,533,0,0,0,0,0,0,0,6,30,0,0,false,0,0,veist,,,Precision Frame*,Full Bore,Smallbore*,Accelerated Coils,Liquid Coils*,Feeding Frenzy*,Dragonfly*,Kill Tracker,Tier 4: Range*,,,,,,,,,,
Taraxippos,1389546626,"""6917529897472238101""",,Legendary,0,Scout Rifle,events,KineticSlot,Strand,primary,10,Lightweight Frame,Handling,10,Vault,false,false,false,6,20,Guardian Games,54,75,60,30,19,0,0,0,47,200,59,17,94,0,0,0,0,0,0,0,0,13,51,0,0,false,0,0,omolon,,,Lightweight Frame*,Fluted Barrel*,Hammer-Forged Rifling,Appended Mag*,Extended Mag,Zen Moment*,Fourth Time's the Charm,Encore*,Focused Fury,Classy Contender*,Omolon Fluid Dynamics,Kill Tracker,Masterworked: Handling*,,,,,,
Taraxippos,1389546626,"""6917529897712389997""",,Legendary,0,Scout Rifle,events,KineticSlot,Strand,primary,10,Lightweight Frame,Handling,10,Titan(10),false,false,false,6,20,Guardian Games,54,75,60,35,19,0,0,0,52,200,69,16,84,0,0,0,0,0,0,0,0,13,51,0,0,false,0,0,omolon,,,Lightweight Frame*,Corkscrew Rifling*,Full Bore,Tactical Mag*,Extended Mag,Outlaw*,Offhand Strike,Focused Fury*,Explosive Payload,Classy Contender*,Omolon Fluid Dynamics,Kill Tracker,Masterworked: Handling*,,,,,,
Taraxippos,1389546626,"""6917529897718926923""",,Legendary,0,Scout Rifle,events,KineticSlot,Strand,primary,10,Lightweight Frame,Handling,10,Vault,false,false,false,6,20,Guardian Games,54,75,60,40,19,0,0,0,47,200,59,15,74,0,0,0,0,0,0,0,0,20,51,0,0,false,0,0,omolon,,,Lightweight Frame*,Full Bore*,Smallbore,Steady Rounds*,Alloy Magazine,Fourth Time's the Charm*,Gutshot Straight,Keep Away*,Kill Clip,Classy Contender*,Omolon Fluid Dynamics,Kill Tracker,Masterworked: Handling*,,,,,,
Taraxippos,4148460558,"""6917530192908289504""",,Legendary,4,Scout Rifle,,KineticSlot,Strand,primary,468,Lightweight Frame,Range,4,Vault,false,false,false,8,28,,54,75,60,34,19,0,0,0,59,200,61,17,69,0,0,0,0,0,0,0,0,13,51,0,0,false,0,0,omolon,,,Lightweight Frame*,Polygonal Rifling*,Smallbore,Appended Mag*,Flared Magwell,Zen Moment*,Enlightened Action,Kill Clip*,Tear,Classy Contender*,Omolon Fluid Dynamics,Kill Tracker,Tier 4: Range*,,,,,,
Targeted Redaction,3890055324,"""6917529957855944468""",,Legendary,0,Hand Cannon,sonar,Energy,Void,primary,10,Aggressive Frame,,,Vault,false,false,false,6,21,,99,60,92,56,14,0,0,0,33,120,25,8,26,0,0,0,0,0,0,0,0,15,49,0,0,crafted,1,0,,,,Aggressive Frame*,Polygonal Rifling*,Alloy Magazine*,Triple Tap*,Keep Away*,Kill Tracker,Unsated Hunger*,,,,,,,,,,,,
Tarnation,2721157927,"""6917529997593202611""",,Legendary,0,Grenade Launcher,wellspring,Power,Arc,heavy,10,Rapid-Fire Frame,Blast Radius,1,Vault,false,false,false,5,16,,63,29,0,0,13,36,48,0,33,150,24,5,16,0,0,0,0,0,0,0,0,7,53,0,0,false,0,0,,,,Rapid-Fire Frame*,Volatile Launch*,Spike Grenades*,High-Explosive Ordnance,Field Prep*,Chain Reaction*,Psychohack*,Kill Tracker,Tier 1: Blast Radius*,,,,,,,,,,
Tarnished Mettle,2218569744,"""6917529811392512962""",,Legendary,0,Scout Rifle,plunder,Energy,Arc,primary,10,Lightweight Frame,Range,1,Vault,false,false,false,5,18,,62,73,60,41,20,0,0,0,33,200,53,17,56,0,0,0,0,0,0,0,0,18,49,0,0,false,0,0,,,,Lightweight Frame*,Extended Barrel*,Polygonal Rifling,Appended Mag*,Extended Mag,Moving Target*,Dragonfly*,Right Hook*,Kill Tracker,Tier 1: Range*,,,,,,,,,
Techeun Force,4094657108,"""6917529130666658005""",favorite,Legendary,0,Fusion Rifle,lastwish,Energy,Arc,special,10,Adaptive Frame,Stability,10,Vault,false,false,false,2,4,,60,44,70,64,15,0,0,0,39,0,34,6,22,667,0,0,0,0,0,0,0,4,29,0,0,false,0,81,,,,Adaptive Frame*,Arrowhead Brake,Corkscrew Rifling,Full Bore*,Particle Repeater,Projection Fuse*,Kill Clip*,Rampage*,Kill Tracker,Masterworked: Stability*,,,,,,,,,
Techeun Force,3591141932,"""6917529975576927900""",,Legendary,0,Fusion Rifle,lastwish,Energy,Arc,special,10,Adaptive Frame,Charge Time,3,Vault,false,false,false,6,21,,70,44,70,39,15,0,0,0,49,0,14,8,22,657,0,0,0,0,0,0,0,4,29,0,0,false,0,0,,,,Adaptive Frame*,Chambered Compensator*,Polygonal Rifling,Ionized Battery*,Projection Fuse,Envious Assassin*,Backup Plan*,Explosive Pact*,Kill Tracker,Tier 3: Charge Time*,,,,,,,,,
Techeun Force,3591141932,"""6917529975579576712""",,Legendary,0,Fusion Rifle,lastwish,Energy,Arc,special,10,Adaptive Frame,Charge Time,4,Vault,false,false,false,6,21,,60,44,70,44,15,0,0,0,44,0,34,7,32,653,0,0,0,0,0,0,0,4,29,0,0,false,0,0,,,,Adaptive Frame*,Corkscrew Rifling*,Smallbore,Enhanced Battery*,Ionized Battery,Kill Clip*,Controlled Burst*,Explosive Pact*,Kill Tracker,Tier 4: Charge Time*,,,,,,,,,
Telesto,2208405142,"""6917529206575574365""",,Exotic,0,Fusion Rifle,,Energy,Void,special,10,Unplanned Reprieve,"Ammo Generation, Magazine",10,Vault,false,false,false,1,2,,66,46,85,35,20,0,0,0,79,0,80,7,62,833,0,0,0,0,0,0,0,9,95,0,0,false,0,357,,,,Unplanned Reprieve*,Projection Fuse*,Harbinger's Pulse*,Polymer Grip*,Kill Tracker,Telesto Catalyst*,Dread from Below*,,,,,,,,,,,,
Tempered Dynamo,2274706510,"""6917530190022785798""",,Legendary,3,Fusion Rifle,monumentoftriumph,Energy,Arc,special,458,Aggressive Frame,Stability,5,Vault,false,false,false,8,28,,90,65,90,62,15,0,0,0,52,0,34,5,28,667,0,0,0,0,0,0,0,8,30,0,0,false,0,0,,,,Aggressive Frame*,Extended Barrel*,Full Bore,Accelerated Coils*,Ionized Battery,Backup Plan*,Opening Shot,Jolting Feedback*,Discord,Forge's Kin*,Kill Tracker,Tier 5: Stability*,,,,,,,
Tempered Dynamo,2274706510,"""6917530190047689411""",,Legendary,3,Fusion Rifle,monumentoftriumph,Energy,Arc,special,458,Aggressive Frame,Stability,5,Vault,false,false,false,8,28,,80,65,100,57,15,0,0,0,57,0,34,5,43,667,0,0,0,0,0,0,0,8,30,0,0,false,0,0,,,,Aggressive Frame*,Corkscrew Rifling*,Full Bore,Liquid Coils*,Projection Fuse,Backup Plan*,Rewind Rounds,Rampage*,Discord,Forge's Kin*,Kill Tracker,Tier 5: Stability*,,,,,,,
Tempered Dynamo,2274706510,"""6917530190053961379""",,Legendary,4,Fusion Rifle,monumentoftriumph,Energy,Arc,special,460,Aggressive Frame,Stability,1,Vault,false,false,false,8,28,,90,65,95,52,15,0,0,0,59,0,36,7,34,667,0,0,0,0,0,0,0,8,30,0,0,false,0,0,,,,Aggressive Frame*,Chambered Compensator*,Fluted Barrel,Enhanced Battery*,Projection Fuse,Supercharged Magazine*,Opening Shot,Discord*,Gear Shift,Forge's Kin*,Kill Tracker,Tier 1: Stability*,,,,,,,
Temporal Clause,3132669561,"""6917530186320101858""",,Legendary,5,Machine Gun,monumentoftriumph,Power,Solar,heavy,367,Aggressive Frame,Handling,4,Vault,false,false,false,8,28,,100,61,33,39,16,0,0,0,43,600,54,58,61,0,0,0,0,0,0,0,0,15,36,0,0,false,0,0,,,,Aggressive Frame*,Arrowhead Brake*,Corkscrew Rifling,Alloy Magazine*,Armor-Piercing Rounds,Perpetual Motion*,Dynamic Sway Reduction,Demolitionist,Rampage*,Target Lock,Adrenaline Junkie,Fail-deadly*,Kill Tracker,Tier 4: Handling*,Triumphant Pulse*,,,,
Temptation's Hook,35794111,"""6917529398223025009""",,Legendary,0,Sword,contact,Power,Arc,heavy,10,Caster Frame,Impact,1,Vault,true,false,false,3,11,,0,0,60,0,0,0,0,0,0,0,0,66,0,0,0,0,50,40,40,40,0,0,0,0,0,false,0,0,,,,Caster Frame*,Hungry Edge*,Honed Edge,Jagged Edge,Balanced Guard*,Heavy Guard,Relentless Strikes*,Whirlwind Blade*,Kill Tracker,Tier 1: Impact*,,,,,,,,,
Temptation's Hook,3977827673,"""6917530188301795863""",,Legendary,3,Sword,heresy,Power,Arc,heavy,405,Caster Frame,Impact,1,Vault,false,false,false,8,28,,0,0,60,0,0,0,0,0,0,0,0,66,0,0,0,0,50,40,40,40,0,0,0,0,0,false,0,0,,,,Caster Frame*,Hungry Edge*,Honed Edge,Balanced Guard*,Burst Guard,Attrition Orbs*,Duelist's Trance,Rolling Storm*,En Garde,Paracausal Fluid*,Kill Tracker,Tier 1: Impact*,,,,,,,
Terminus Horizon,487205709,"""6917529877034282534""",,Legendary,0,Machine Gun,,Power,Arc,heavy,10,High-Impact Frame,Handling,1,Vault,false,false,false,5,19,,74,35,70,64,17,0,0,0,35,360,39,46,54,0,0,0,0,0,0,0,0,17,48,0,0,false,0,0,tex-mechanica,,,High-Impact Frame*,Fluted Barrel*,Full Bore,Alloy Magazine,Flared Magwell*,Demolitionist*,Wellspring*,Tex Balanced Stock*,Kill Tracker,Tier 1: Handling*,,,,,,,,,
Tessellation,3561203890,"""6917530019472406034""",,Exotic,0,Fusion Rifle,deluxe,Energy,Kinetic,special,10,Property: Undecidable,,,Vault,false,false,false,6,22,,75,44,70,51,15,0,0,0,59,0,32,6,33,667,0,0,0,0,0,0,0,9,33,0,0,false,0,0,,,,Property: Undecidable*,Polygonal Rifling*,Projection Fuse*,Property: Irreducible*,Composite Stock*,Kill Tracker,Empty Catalyst Socket*,,,,,,,,,,,,
The Beacon,2161618499,"""6917530192916437309""",,Legendary,4,Fusion Rifle,events,Energy,Solar,special,468,Rapid-Fire Frame,Stability,2,Vault,false,false,false,8,28,Guardian Games,83,38,50,21,15,0,0,0,31,0,49,7,63,533,0,0,0,0,0,0,0,5,54,0,0,false,0,0,,,,Rapid-Fire Frame*,Arrowhead Brake*,Extended Barrel,Accelerated Coils*,Projection Fuse,Demolitionist*,Lead from Gold,Controlled Burst*,Reservoir Burst,Classy Contender*,Kill Tracker,Tier 2: Stability*,,,,,,,
The Call,3947966653,"""6917530019430676647""",,Legendary,0,Sidearm,paleheart,KineticSlot,Strand,special,10,Micro-Missile Frame,Blast Radius,1,Vault,false,false,false,7,24,,75,75,0,0,18,47,55,0,35,100,35,9,35,0,0,0,0,0,0,0,0,14,25,0,0,false,0,139,,,,Micro-Missile Frame*,Volatile Launch*,Linear Compensator,Extended Mag,Alloy Magazine*,Stats for All*,Desperate Measures*,Dealer's Choice*,Kill Tracker,Targeting Adjuster*,Tier 1: Blast Radius*,,,,,,,,
The Call,3947966653,"""6917530021120130363""",,Legendary,0,Sidearm,paleheart,KineticSlot,Strand,special,10,Micro-Missile Frame,Blast Radius,2,Vault,true,false,false,7,24,,75,75,0,0,18,43,50,0,50,100,35,12,40,0,0,0,0,0,0,0,0,14,25,0,0,false,0,425,,,,Micro-Missile Frame*,Confined Launch*,Linear Compensator,Appended Mag*,Implosion Rounds,Subsistence*,One for All*,Dealer's Choice*,Kill Tracker,Targeting Adjuster*,Tier 2: Blast Radius*,,,,,,,,
The Call,3947966653,"""6917530022223696289""",,Legendary,0,Sidearm,paleheart,KineticSlot,Strand,special,10,Micro-Missile Frame,Blast Radius,1,Vault,false,false,false,7,24,,75,70,0,0,18,47,55,0,35,100,15,15,35,0,0,0,0,0,0,0,0,24,25,0,0,false,0,0,,,,Micro-Missile Frame*,Volatile Launch*,Confined Launch,Extended Mag*,Alloy Magazine,Strategist*,Adrenaline Junkie*,Dealer's Choice*,Kill Tracker,Tier 1: Blast Radius*,,,,,,,,,
The Call,3947966653,"""6917530022261547152""",,Legendary,0,Sidearm,paleheart,KineticSlot,Strand,special,10,Micro-Missile Frame,Reload Speed,3,Vault,false,false,false,7,24,,75,70,0,0,18,26,75,0,30,100,48,12,40,0,0,0,0,0,0,0,0,14,25,0,0,false,0,0,,,,Micro-Missile Frame*,Hard Launch*,Linear Compensator,Tactical Mag*,Alloy Magazine,Beacon Rounds*,Hatchling*,Dealer's Choice*,Kill Tracker,Tier 3: Reload Speed*,,,,,,,,,
The Call,3947966653,"""6917530022306533396""",,Legendary,0,Sidearm,paleheart,KineticSlot,Strand,special,10,Micro-Missile Frame,Stability,2,Vault,false,false,false,7,24,,75,70,0,0,18,26,75,0,27,100,35,12,40,0,0,0,0,0,0,0,0,14,25,0,0,false,0,0,,,,Micro-Missile Frame*,Hard Launch*,Linear Compensator,Appended Mag*,Extended Mag,Beacon Rounds*,Multikill Clip*,Dealer's Choice*,Kill Tracker,Tier 2: Stability*,,,,,,,,,
The Call,3947966653,"""6917530025733177647""",,Legendary,0,Sidearm,paleheart,KineticSlot,Strand,special,10,Micro-Missile Frame,Blast Radius,1,Vault,false,false,false,7,24,,75,70,0,0,18,42,50,0,50,100,35,12,40,0,0,0,0,0,0,0,0,14,25,0,0,false,0,0,,,,Micro-Missile Frame*,Confined Launch*,Linear Compensator,Appended Mag*,Extended Mag,Subsistence*,Desperate Measures*,Dealer's Choice*,Kill Tracker,Tier 1: Blast Radius*,,,,,,,,,
The Call,3947966653,"""6917530071959188889""",,Legendary,0,Sidearm,paleheart,KineticSlot,Strand,special,10,Micro-Missile Frame,Blast Radius,2,Vault,false,false,false,7,24,,75,70,0,0,18,38,65,0,45,100,45,12,40,0,0,0,0,0,0,0,0,14,25,0,0,false,0,0,,,,Micro-Missile Frame*,Linear Compensator*,Quick Launch,Tactical Mag*,Implosion Rounds,Demolitionist*,Vorpal Weapon*,Dealer's Choice*,Kill Tracker,Tier 2: Blast Radius*,,,,,,,,,
The Call,3947966653,"""6917530193048945783""",favorite,Legendary,5,Sidearm,paleheart,KineticSlot,Strand,special,481,Micro-Missile Frame,Blast Radius,10,Warlock(482),true,true,false,7,24,,75,70,0,0,18,62,61,0,46,100,56,15,40,0,0,0,0,0,0,0,0,14,25,0,0,crafted,77,3616,,"00005:Arc,Gamma,Solar,Support,Vanguard",,Micro-Missile Frame*,Volatile Launch*,Flared Magwell*,Reconstruction*,Chaos Reshaped*,Dealer's Choice*,Kill Tracker,Backup Mag*,,,,,,,,,,,
The Chaperone,3413860062,"""6917529475029098429""",,Exotic,0,Shotgun,exoticquest,KineticSlot,Kinetic,special,10,Precision Slug,,,Vault,false,false,false,2,4,,50,70,66,100,12,0,0,0,30,87,30,7,80,0,0,0,0,0,0,0,0,1,65,0,0,false,0,0,tex-mechanica,,,Precision Slug*,Hammer-Forged Rifling*,Accurized Rounds*,The Roadborn*,Hand-Laid Stock*,Kill Tracker,Empty Catalyst Socket*,,,,,,,,,,,,
The Colony,3899270607,"""6917529398333989005""",favorite,Exotic,0,Grenade Launcher,,Power,Void,heavy,10,Insectoid Robot Grenades,"Ammo Generation, Magazine",10,Vault,false,false,false,1,2,,80,60,0,0,13,35,35,0,90,140,70,8,85,0,0,0,0,0,0,0,0,24,100,0,0,false,0,0,veist,,,Insectoid Robot Grenades*,Linear Compensator*,High-Velocity Rounds*,Serve the Colony*,Composite Stock*,Kill Tracker,Colony Catalyst*,,,,,,,,,,,,
The Deicide,217140611,"""6917529378085794001""",,Legendary,0,Shotgun,engram,Energy,Void,special,10,Rapid-Fire Frame,Reload Speed,2,Vault,false,false,false,4,14,,62,66,65,34,12,0,0,0,44,140,75,7,38,0,0,0,0,0,0,0,0,2,51,0,0,false,0,0,,,,Rapid-Fire Frame*,Smallbore*,Full Choke,Tactical Mag*,Light Mag,Slideshot*,Vorpal Weapon*,Kill Tracker,Tier 2: Reload Speed*,,,,,,,,,,
The Deicide,217140611,"""6917529884381498051""",,Legendary,0,Shotgun,engram,Energy,Void,special,10,Rapid-Fire Frame,Reload Speed,5,Vault,false,false,false,4,14,,62,66,65,34,12,0,0,0,39,140,68,8,38,0,0,0,0,0,0,0,0,2,51,0,0,false,0,0,,,,Rapid-Fire Frame*,Smallbore*,Corkscrew Rifling,Appended Mag*,Steady Rounds,Surplus*,One-Two Punch*,Kill Tracker,Tier 5: Reload Speed*,,,,,,,,,,
The Deicide,1517780158,"""6917530188572761562""",,Legendary,3,Shotgun,engram,Energy,Arc,special,405,Rapid-Fire Frame,Handling,3,Vault,false,false,false,8,28,,62,66,65,42,12,0,0,0,37,140,73,7,41,0,0,0,0,0,0,0,0,2,51,0,0,false,0,0,,,,Rapid-Fire Frame*,Smoothbore*,Full Choke,Tactical Mag*,Accurized Rounds,Discord*,Threat Detector,One-Two Punch*,Cascade Point,Fail-deadly*,Nadir Focus,Kill Tracker,Tier 3: Handling*,,,,,,
The Domino,2800870005,"""6917530065009389919""",,Legendary,0,Sniper Rifle,engram,Energy,Solar,special,10,Adaptive Frame,Handling,3,Vault,false,false,false,7,24,,74,62,70,53,45,0,0,0,53,90,50,5,49,0,0,0,0,0,0,0,0,2,38,0,0,false,0,0,nadir,,,Adaptive Frame*,Corkscrew Rifling*,Polygonal Rifling,Tactical Mag*,Flared Magwell,Overflow*,Moving Target*,Nadir Focus*,Kill Tracker,Tier 3: Handling*,,,,,,,,,
The Domino,2800870005,"""6917530065027590424""",,Legendary,0,Sniper Rifle,engram,Energy,Solar,special,10,Adaptive Frame,Range,1,Vault,false,false,false,7,24,,84,62,70,59,45,0,0,0,53,90,40,4,36,0,0,0,0,0,0,0,0,2,38,0,0,false,0,0,nadir,,,Adaptive Frame*,Chambered Compensator*,Fluted Barrel,Accurized Rounds*,Alloy Magazine,Overflow*,Harmony*,Nadir Focus*,Kill Tracker,Tier 1: Range*,,,,,,,,,
The Domino,2800870005,"""6917530087025798050""",,Legendary,0,Sniper Rifle,engram,Energy,Solar,special,10,Adaptive Frame,Stability,1,Vault,false,false,false,7,24,,100,62,70,58,45,0,0,0,44,90,40,4,51,0,0,0,0,0,0,0,0,2,38,0,0,false,0,0,nadir,,,Adaptive Frame*,Arrowhead Brake*,Hammer-Forged Rifling,Accurized Rounds*,Alloy Magazine,Subsistence*,Multikill Clip*,Nadir Focus*,Kill Tracker,Tier 1: Stability*,,,,,,,,,
The Domino,2800870005,"""6917530087306075460""",,Legendary,0,Sniper Rifle,engram,Energy,Solar,special,10,Adaptive Frame,Range,1,Vault,false,false,false,7,24,,100,62,70,59,45,0,0,0,43,90,40,4,51,0,0,0,0,0,0,0,0,2,38,0,0,false,0,0,nadir,,,Adaptive Frame*,Arrowhead Brake*,Full Bore,Accurized Rounds*,Appended Mag,Subsistence*,Harmony*,Nadir Focus*,Kill Tracker,Tier 1: Range*,,,,,,,,,
The Enigma,2595497736,"""6917529895449822023""",,Legendary,0,Glaive,campaign,Energy,Void,special,10,Adaptive Glaive,Reload Speed,10,Vault,false,false,false,5,16,,0,61,80,45,0,0,0,0,0,55,55,7,35,0,0,0,0,0,0,0,55,5,45,0,0,crafted,12,609,,,,Adaptive Glaive*,Low-Impedance Windings*,Appended Mag*,Threat Detector*,Unrelenting*,Psychohack*,Kill Tracker,,,,,,,,,,,,
The Epicurean,2263839058,"""6917529879574656515""",,Legendary,0,Fusion Rifle,duality,Energy,Void,special,10,Precision Frame,Handling,2,Vault,false,false,false,5,17,,80,65,85,59,15,0,0,0,54,0,26,6,47,800,0,0,0,0,0,0,0,5,39,0,0,false,0,0,,,,Precision Frame*,Fluted Barrel*,Smallbore,Liquid Coils*,Particle Repeater,Quickdraw*,Backup Plan*,To Excess*,Kill Tracker,Tier 2: Handling*,,,,,,,,,
The Epicurean,2263839058,"""6917529893066133986""",,Legendary,0,Fusion Rifle,duality,Energy,Void,special,10,Precision Frame,Reload Speed,3,Vault,false,false,false,5,17,,80,65,85,64,15,0,0,0,54,0,29,6,35,800,0,0,0,0,0,0,0,5,39,0,0,false,0,0,,,,Precision Frame*,Corkscrew Rifling*,Polygonal Rifling,Liquid Coils*,Projection Fuse,Quickdraw*,Cornered*,To Excess*,Kill Tracker,Tier 3: Reload Speed*,,,,,,,,,
The Eremite,3347946548,"""6917529950326915105""",,Legendary,0,Fusion Rifle,seasonpass,Energy,Solar,special,10,High-Impact Frame,Range,3,Vault,false,false,false,6,22,,75,59,95,64,15,0,0,0,22,0,2,7,26,967,0,0,0,0,0,0,0,8,21,0,0,false,0,0,,,,High-Impact Frame*,Hammer-Forged Rifling*,Smallbore,Ionized Battery*,Liquid Coils,Lead from Gold*,Golden Tricorn*,Head Rush*,Kill Tracker,Tier 3: Range*,,,,,,,,,
The Eremite,3347946548,"""6917529957417392787""",favorite,Legendary,0,Fusion Rifle,seasonpass,Energy,Solar,special,10,High-Impact Frame,Reload Speed,4,Vault,false,false,false,6,22,,100,59,95,51,15,0,0,0,22,0,6,8,36,967,0,0,0,0,0,0,0,8,21,0,0,false,0,0,,,,High-Impact Frame*,Arrowhead Brake*,Chambered Compensator,Accelerated Coils,Ionized Battery*,Envious Assassin*,Reservoir Burst*,Head Rush*,Kill Tracker,Backup Mag*,Tier 4: Reload Speed*,,,,,,,,
The Fourth Horseman,1665952087,"""6917529321193383899""",,Exotic,0,Shotgun,,Energy,Arc,special,10,Thunderer,,,Vault,false,false,false,3,10,,100,39,80,22,12,0,0,0,44,360,36,4,33,0,0,0,0,0,0,0,0,6,0,0,0,false,0,0,,,,Thunderer*,Arrowhead Brake*,Assault Mag*,Broadside*,Fitted Stock*,Kill Tracker,Empty Catalyst Socket*,,,,,,,,,,,,
The Helmsman,2325078119,"""6917530187548023681""",,Legendary,3,Sniper Rifle,monumentoftriumph,Energy,Arc,special,396,High-Impact Frame,Range,1,Vault,false,false,false,8,28,,79,59,90,75,25,0,0,0,17,72,19,9,36,0,0,0,0,0,0,0,0,4,43,0,0,false,0,4,field-forged,,,High-Impact Frame*,Full Bore*,Polygonal Rifling,Appended Mag*,Extended Mag,No Distractions*,Discord,Box Breathing*,Opening Shot,Roar of Battle*,Field-Tested,Kill Tracker,Tier 1: Range*,,,,,,
The Heron,2246386812,"""6917530186057893641""",,Legendary,3,Glaive,events,Energy,Void,special,324,Aggressive Glaive,Range,2,Vault,false,false,false,8,28,,0,76,95,88,0,0,0,0,0,45,27,5,46,0,0,0,0,0,0,0,29,10,52,0,0,false,0,0,,,,Aggressive Glaive*,Ballistic Tuning*,Auxiliary Reserves,Accurized Rounds*,Light Mag,Replenishing Aegis*,Disruption Break,Binary Orbit*,Unstoppable Force,"Nail, Meet Hammer*",Kill Tracker,Tier 2: Range*,,,,,,,
The Hothead,1692372662,"""6917530189375469252""",,Legendary,1,Rocket Launcher,monumentoftriumph,Power,Arc,heavy,422,Adaptive Frame,Reload Speed,1,Vault,false,false,false,8,28,,75,67,0,0,20,60,47,0,45,20,76,1,47,0,0,0,0,0,0,0,0,8,34,0,0,false,0,0,,,,Adaptive Frame*,Confined Launch*,Linear Compensator,Alloy Casing*,Black Powder,Auto-Loading Holster*,Explosive Light*,Problem Solver*,Vanguard Determination,Kill Tracker,Tier 1: Reload Speed*,,,,,,,,
The Hothead,1692372662,"""6917530189382417888""",,Legendary,3,Rocket Launcher,monumentoftriumph,Power,Arc,heavy,424,Adaptive Frame,Handling,1,Vault,false,false,false,8,28,,75,67,0,0,20,65,62,0,40,20,55,1,43,0,0,0,0,0,0,0,0,8,34,0,0,false,0,0,,,,Adaptive Frame*,Volatile Launch*,Countermass,High-Velocity Rounds*,Impact Casing,Reconstruction*,Envious Arsenal,Aggregate Charge*,Clown Cartridge,Problem Solver*,Vanguard Determination,Kill Tracker,Tier 1: Handling*,,,,,,
The Huckleberry,2286143274,"""6917529287672646787""",,Exotic,0,Submachine Gun,,KineticSlot,Kinetic,primary,450,Ride the Bull,,10,Vault,false,false,false,1,3,,100,49,22,53,15,0,0,0,51,750,0,42,86,0,0,0,0,0,0,0,0,33,100,0,0,false,0,192,tex-mechanica,,,Ride the Bull*,Fluted Barrel*,Ricochet Rounds*,Rampage*,Short-Action Stock*,Kill Tracker,Huckleberry Catalyst*,,,,,,,,,,,,
The Jade Rabbit,3844694310,"""6917529895766494694""",,Exotic,0,Scout Rifle,,KineticSlot,Kinetic,primary,10,The Fate of All Fools,,10,Vault,false,false,false,1,2,,100,60,67,85,20,0,0,0,50,150,54,15,21,0,0,0,0,0,0,0,0,29,30,0,0,false,0,0,daito,,,The Fate of All Fools*,Polygonal Rifling*,High-Caliber Rounds*,Shoot to Loot*,Firefly*,Kill Tracker,Jade Rabbit Catalyst*,,,,,,,,,,,,
The Lament,3487253372,"""6917529253485302201""",,Exotic,0,Sword,europa,Power,Solar,heavy,10,Banshee's Wail,,,Vault,false,false,false,4,12,,0,0,78,0,0,0,0,0,0,0,0,65,0,0,0,0,20,50,90,40,0,0,0,0,0,false,0,2,,,,Banshee's Wail*,Jagged Edge*,Enduring Guard*,Tireless Blade*,Revved Consumption*,Kill Tracker,Empty Catalyst Socket*,,,,,,,,,,,,
The Last Dance,2009277538,"""6917529196929356998""",,Legendary,0,Sidearm,strikes,Energy,Arc,primary,10,Adaptive Burst,Reload Speed,10,Vault,true,false,false,2,4,,97,75,75,34,12,0,0,0,100,491,38,36,62,0,0,0,0,0,0,0,0,12,45,0,0,false,0,18,omolon,,,Adaptive Burst*,Control SAS*,Shortspec SAS,Tactic SAS,Extended Mag,Ricochet Rounds*,Full Auto Trigger System*,Kill Clip*,Kill Tracker,Backup Mag*,Masterworked: Reload Speed*,Vanguard Veteran*,,,,,,,
The Last Word,1364093401,"""6917529787179519639""",,Exotic,0,Hand Cannon,,KineticSlot,Kinetic,primary,10,Fan Fire,,,Vault,false,false,false,2,5,,100,40,78,35,11,0,0,0,40,225,80,8,40,0,0,0,0,0,0,0,0,19,40,0,0,false,0,0,tex-mechanica,,,Fan Fire*,Corkscrew Rifling*,Accurized Rounds*,Hip-Fire Grip*,Textured Grip*,Crucible Tracker,Empty Catalyst Socket*,,,,,,,,,,,,
The Long Walk,3326850591,"""6917529967512633669""",,Legendary,0,Sniper Rifle,dungeon,Energy,Solar,special,10,Aggressive Frame,Reload Speed,3,Vault,false,false,false,4,15,,86,48,90,78,50,0,0,0,30,72,37,4,23,0,0,0,0,0,0,0,0,2,41,0,0,false,0,0,,,,Aggressive Frame*,Chambered Compensator*,Corkscrew Rifling,Appended Mag*,Light Mag,Ensemble*,Frenzy*,Kill Tracker,Tier 3: Reload Speed*,,,,,,,,,,
The Manticore,219145368,"""6917529851159774872""",,Exotic,0,Submachine Gun,seasonpass,Energy,Void,primary,10,Soaring Fang,,,Vault,false,false,false,5,19,,100,65,15,46,15,0,0,0,78,900,30,44,73,0,0,0,0,0,0,0,0,30,57,0,0,false,0,0,veist,,,Soaring Fang*,Arrowhead Brake*,Ricochet Rounds*,Swooping Talons*,Fitted Stock*,Kill Tracker,Empty Catalyst Socket*,,,,,,,,,,,,
The Mountaintop,4043921923,"""6917530018804970715""",,Legendary,0,Grenade Launcher,brave,KineticSlot,Kinetic,special,10,Micro-Missile Frame,Reload Speed,10,Vault,false,false,true,6,23,,62,75,0,0,13,95,90,0,23,90,73,1,69,0,0,0,0,0,0,0,0,32,61,0,0,crafted,1,21,,,,Micro-Missile Frame*,Hard Launch*,Spike Grenades*,Lead from Gold*,One for All*,Indomitability*,Kill Tracker,Freehand Grip*,BRAVE The Mountaintop*,,,,,,,,,,
The Number,2492081469,"""6917529398552921288""",favorite,Legendary,0,Auto Rifle,engram,Energy,Arc,primary,10,Precision Frame,Range,2,Vault,true,false,false,4,14,,100,44,29,57,20,0,0,0,40,450,36,33,46,0,0,0,0,0,0,0,0,10,80,0,0,false,0,0,omolon,,,Precision Frame*,Arrowhead Brake*,Full Bore,Armor-Piercing Rounds*,Light Mag,Field Prep*,Multikill Clip*,Kill Tracker,Tier 2: Range*,,,,,,,,,,
The Palindrome,432476743,"""6917529321578495937""",favorite,Legendary,0,Hand Cannon,nightfall,Energy,Void,primary,10,Adaptive Frame,Reload Speed,1,Vault,false,false,false,4,13,,98,79,84,60,14,0,0,0,63,140,43,10,55,0,0,0,0,0,0,0,0,21,50,0,0,false,0,0,,,,Adaptive Frame*,Corkscrew Rifling*,Smallbore,High-Caliber Rounds*,Light Mag,Overflow*,Rangefinder*,Kill Tracker,Tier 1: Reload Speed*,,,,,,,,,,
The Palindrome,739029152,"""6917530188901087442""",,Legendary,4,Hand Cannon,monumentoftriumph,Energy,Arc,primary,431,Adaptive Frame,Stability,1,Vault,false,false,false,8,28,,100,79,84,46,14,0,0,0,75,140,47,14,62,0,0,0,0,0,0,0,0,28,50,0,0,false,0,18,,,,Adaptive Frame*,Arrowhead Brake*,Chambered Compensator,Steady Rounds*,Alloy Magazine,Explosive Payload*,Collective Demolition,Magnificent Howl*,Snapshot Sights,Problem Solver*,Vanguard Determination,Wild Card,Kill Tracker,Backup Mag*,Tier 1: Stability*,,,,
The Recluse,1050806815,"""6917529997611220719""",,Legendary,0,Submachine Gun,brave,Energy,Void,primary,10,Lightweight Frame,Stability,3,Vault,false,false,false,6,23,,100,55,15,40,13,0,0,0,50,900,28,44,73,0,0,0,0,0,0,0,0,19,67,0,0,false,0,0,veist,,,Lightweight Frame*,Arrowhead Brake*,Corkscrew Rifling,Appended Mag*,High-Caliber Rounds,Hip-Fire Grip*,Frenzy*,Indomitability*,Kill Tracker,Tier 3: Stability*,,,,,,,,,
The Ringing Nail,4206550094,"""6917530189614125927""",,Legendary,3,Auto Rifle,,Energy,Solar,primary,444,Precision Frame,Handling,1,Vault,false,false,true,8,28,,69,37,29,61,16,0,0,0,51,450,47,33,62,0,0,0,0,0,0,0,0,10,50,0,0,false,0,0,,,,Precision Frame*,Fluted Barrel*,Polygonal Rifling,Alloy Magazine*,Ricochet Rounds,Impromptu Ammunition*,Keep Away,Burning Ambition*,Target Lock,Forge's Kin*,Kill Tracker,Tier 1: Handling*,,,,,,,
The Ringing Nail,3326135421,"""6917530190050131201""",,Legendary,3,Auto Rifle,monumentoftriumph,Energy,Solar,primary,458,Precision Frame,Handling,3,Vault,false,false,false,8,28,,99,37,29,61,16,0,0,0,46,450,47,33,59,0,0,0,0,0,0,0,0,10,50,0,0,false,0,0,,,,Precision Frame*,Arrowhead Brake*,Hammer-Forged Rifling,Alloy Magazine*,Light Mag,Rewind Rounds*,Keep Away,Burning Ambition*,Disruption Break,Forge's Kin*,Kill Tracker,Tier 3: Handling*,,,,,,,
The Ringing Nail,3326135421,"""6917530190053959673""",,Legendary,4,Auto Rifle,monumentoftriumph,Energy,Solar,primary,460,Precision Frame,Handling,4,Vault,false,false,false,8,28,,69,37,29,67,16,0,0,0,57,450,29,39,55,0,0,0,0,0,0,0,0,20,50,0,0,false,0,0,,,,Precision Frame*,Corkscrew Rifling*,Smallbore,Extended Mag*,Armor-Piercing Rounds,Zen Moment*,Incandescent,Rampage*,Firefly,Forge's Kin*,Kill Tracker,Tier 4: Handling*,,,,,,,
The Ringing Nail,3326135421,"""6917530190053961204""",,Legendary,4,Auto Rifle,monumentoftriumph,Energy,Solar,primary,460,Precision Frame,Range,2,Vault,false,false,false,8,28,,69,37,29,69,16,0,0,0,52,450,47,33,51,0,0,0,0,0,0,0,0,10,50,0,0,false,0,0,,,,Precision Frame*,Corkscrew Rifling*,Smallbore,Alloy Magazine*,Flared Magwell,Dragonfly*,Incandescent,Onslaught*,Rampage,Forge's Kin*,Kill Tracker,Tier 2: Range*,,,,,,,
The Slammer,2466028274,"""6917530188905242927""",,Legendary,4,Sword,monumentoftriumph,Power,Stasis,heavy,431,Vortex Frame,Impact,3,Vault,false,false,false,8,28,,0,0,59,0,0,0,0,0,0,0,0,76,0,0,0,0,20,82,2,40,0,0,0,0,0,false,0,0,omolon,,,Vortex Frame*,Enduring Blade*,Jagged Edge,Tempered Edge,Burst Guard*,Swordmaster's Guard,Relentless Strikes*,Collective Demolition,Cold Steel*,Chaos Reshaped,Problem Solver*,Vanguard Determination,Kill Tracker,Tier 3: Impact*,,,,,
The Slammer,2466028274,"""6917530189373736005""",,Legendary,3,Sword,monumentoftriumph,Power,Stasis,heavy,422,Vortex Frame,Impact,5,Vault,false,false,false,8,28,,0,0,60,0,0,0,0,0,0,0,0,74,0,0,0,0,20,40,40,40,0,0,0,0,0,false,0,0,omolon,,,Vortex Frame*,Enduring Blade*,Honed Edge,Tempered Edge,Balanced Guard*,Burst Guard,Relentless Strikes*,Rimestealer,Bait and Switch*,Sword Logic,Problem Solver*,Vanguard Determination,Kill Tracker,Tier 5: Impact*,,,,,
The Supremacy,686951703,"""6917529095853999683""",favorite,Legendary,0,Sniper Rifle,lastwish,KineticSlot,Kinetic,special,10,Rapid-Fire Frame,Handling,10,Titan(10),true,false,false,2,4,,75,77,55,42,40,0,0,0,43,140,72,6,83,0,0,0,0,0,0,0,0,2,42,0,0,false,0,177,,,,Rapid-Fire Frame*,Corkscrew Rifling*,Extended Barrel,Smallbore,High-Caliber Rounds,Light Mag*,Ambitious Assassin*,Triple Tap*,Kill Tracker,Counterbalance Stock*,Masterworked: Handling*,,,,,,,,
THE SWARM,2759590322,"""6917529973038309613""",,Legendary,0,Machine Gun,nightfall,Power,Arc,heavy,10,High-Impact Frame,Stability,4,Vault,false,false,false,6,20,,79,39,70,84,16,0,0,0,42,360,38,47,40,0,0,0,0,0,0,0,0,16,49,0,0,false,0,0,suros,,,High-Impact Frame*,Corkscrew Rifling*,Fluted Barrel,Accurized Rounds*,Flared Magwell,Dynamic Sway Reduction*,Target Lock*,Stunning Recovery*,Vanguard's Vindication,Kill Tracker,Tier 4: Stability*,,,,,,,,
The Third Axiom,4156253727,"""6917529378225603700""",,Legendary,0,Pulse Rifle,strikes,Energy,Arc,primary,10,Adaptive Frame,Stability,4,Vault,false,false,false,4,13,,84,66,29,54,18,0,0,0,69,390,46,36,42,0,0,0,0,0,0,0,0,10,47,0,0,false,0,0,,,,Adaptive Frame*,Chambered Compensator*,Full Bore,Armor-Piercing Rounds*,Ricochet Rounds,Subsistence*,Unrelenting*,Kill Tracker,Tier 4: Stability*,,,,,,,,,,
The Third Axiom,4156253727,"""6917529397195463862""",,Legendary,0,Pulse Rifle,strikes,Energy,Arc,primary,10,Adaptive Frame,Handling,3,Vault,false,false,false,4,13,,84,66,29,64,18,0,0,0,65,390,46,36,40,0,0,0,0,0,0,0,0,10,47,0,0,false,0,0,,,,Adaptive Frame*,Extended Barrel*,Polygonal Rifling,Ricochet Rounds*,Flared Magwell,Genesis*,Disruption Break*,Kill Tracker,Tier 3: Handling*,,,,,,,,,,
The Third Axiom,4156253727,"""6917529683055967716""",,Legendary,0,Pulse Rifle,strikes,Energy,Arc,primary,10,Adaptive Frame,Handling,1,Vault,true,false,false,4,13,,74,66,29,54,18,0,0,0,70,390,46,36,63,0,0,0,0,0,0,0,0,10,47,0,0,false,0,97,,,,Adaptive Frame*,Chambered Compensator,Fluted Barrel*,Extended Mag,Ricochet Rounds*,Feeding Frenzy*,Dragonfly*,Kill Tracker,Tier 1: Handling*,,,,,,,,,,
The Title,294129361,"""6917529755668180692""",,Legendary,0,Submachine Gun,events,Energy,Void,primary,10,Aggressive Frame,Handling,1,Vault,false,false,false,5,16,Guardian Games,95,32,22,45,15,0,0,0,40,720,23,32,44,0,0,0,0,0,0,0,0,21,34,0,0,false,0,0,hakke,,,Aggressive Frame*,Chambered Compensator*,Hammer-Forged Rifling,Ricochet Rounds*,Light Mag,Dynamic Sway Reduction*,Swashbuckler*,Classy Contender*,Häkke Breach Armaments,Kill Tracker,Tier 1: Handling*,,,,,,,,
The Title,3559361670,"""6917529897104606212""",,Legendary,0,Submachine Gun,events,Energy,Void,primary,10,Aggressive Frame,Range,10,Titan(10),true,true,false,6,20,Guardian Games,100,32,22,55,15,0,0,0,30,720,23,32,58,0,0,0,0,0,0,0,0,21,34,0,0,false,0,4,hakke,,,Aggressive Frame*,Arrowhead Brake*,Smallbore,Ricochet Rounds*,Light Mag,Perpetual Motion,Envious Assassin*,Rangefinder,Repulsor Brace*,Classy Contender*,Häkke Breach Armaments,Kill Tracker,Radar Booster*,Masterworked: Range*,,,,,
The Vision,2414141462,"""6917529387713630218""",keep,Legendary,0,Sidearm,engram,Energy,Arc,primary,10,Adaptive Burst,Stability,1,Vault,true,false,false,4,14,,90,70,75,30,12,0,0,0,86,491,12,42,65,0,0,0,0,0,0,0,0,22,47,0,0,false,0,0,omolon,,,Adaptive Burst*,QuickDot SAS*,Shortspec SAS,Extended Mag*,Steady Rounds,Ambitious Assassin*,Kill Clip*,Kill Tracker,Backup Mag*,Tier 1: Stability*,,,,,,,,,
The Vision,2414141462,"""6917529896444787153""",,Legendary,0,Sidearm,engram,Energy,Arc,primary,10,Adaptive Burst,Stability,2,Vault,false,false,false,4,14,,90,70,75,30,12,0,0,0,92,491,42,30,65,0,0,0,0,0,0,0,0,12,47,0,0,false,0,0,omolon,,,Adaptive Burst*,QuickDot SAS*,Control SAS,Tactical Mag*,Steady Rounds,Surplus*,Swashbuckler*,Kill Tracker,Tier 2: Stability*,,,,,,,,,,
The Wardcliff Coil,1508896098,"""6917529895472593405""",,Exotic,0,Rocket Launcher,,Power,Arc,heavy,10,Mad Scientist,,10,Vault,false,false,false,1,1,,60,80,0,0,15,25,95,0,55,60,30,1,80,0,0,0,0,0,0,0,0,11,0,0,0,false,0,0,,,,Mad Scientist*,Volatile Launch*,Extended Mag*,Mechanized Autoloader*,Composite Stock*,Kill Tracker,Wardcliff Coil Catalyst*,,,,,,,,,,,,
Thermal Erosion,1766088024,"""6917529396680817803""",keep,Legendary,0,Machine Gun,campaign,Power,Solar,heavy,10,Rapid-Fire Frame,Range,3,Vault,true,false,false,4,12,,80,66,25,34,16,0,0,0,41,900,61,58,58,0,0,0,0,0,0,0,0,6,32,0,0,false,0,0,,,,Rapid-Fire Frame*,Arrowhead Brake*,Corkscrew Rifling,Ricochet Rounds*,Flared Magwell,Zen Moment*,Dragonfly*,Kill Tracker,Tier 3: Range*,,,,,,,,,,
Thin Precipice,4066778670,"""6917529905400356459""",,Legendary,0,Sword,sonar,Power,Strand,heavy,10,Vortex Frame,Impact,4,Vault,false,false,false,6,21,,0,0,62,0,0,0,0,0,0,0,0,67,0,0,0,0,20,40,40,40,0,0,0,0,0,false,0,0,,,,Vortex Frame*,Hungry Edge*,Enduring Blade,Tempered Edge,Balanced Guard*,Swordmaster's Guard,Unrelenting*,Chain Reaction*,Kill Tracker,Unsated Hunger*,Tier 5: Impact*,,,,,,,,
Third Iteration,2973900274,"""6917530186057900807""",,Exotic,0,Scout Rifle,seasonpass,Energy,Void,primary,334,Tri-Planar Mass Driver,,,Vault,false,false,false,8,27,,77,72,60,42,19,0,0,0,51,200,59,16,54,0,0,0,0,0,0,0,0,24,51,0,0,false,0,0,,,,Tri-Planar Mass Driver*,Smallbore*,Modified Heatsink*,Amalgamation Rounds*,Composite Stock*,Kill Tracker,Empty Catalyst Socket*,,,,,,,,,,,,
Thorn,3973202132,"""6917529895769417118""",,Exotic,0,Hand Cannon,,KineticSlot,Kinetic,primary,10,Mark of the Devourer,,,Vault,false,false,false,2,6,,100,85,84,49,14,0,0,0,60,140,40,9,85,0,0,0,0,0,0,0,0,21,60,0,0,false,0,0,,,,Mark of the Devourer*,Corkscrew Rifling*,Accurized Rounds*,Soul Devourer*,Textured Grip*,Kill Tracker,Empty Catalyst Socket*,,,,,,,,,,,,
Thoughtless,4067556514,"""6917529680158021691""",,Legendary,0,Sniper Rifle,seasonpass,KineticSlot,Stasis,special,10,Adaptive Frame,Handling,1,Vault,false,false,false,5,16,,79,67,70,51,46,0,0,0,54,90,24,5,61,0,0,0,0,0,0,0,0,12,48,0,0,false,0,0,,,,Adaptive Frame*,Fluted Barrel*,Extended Mag*,Steady Hands*,Headstone*,Land Tank*,Kill Tracker,Tier 1: Handling*,,,,,,,,,,,
Threaded Needle,3075224551,"""6917529341862698657""",,Legendary,0,Linear Fusion Rifle,battlegrounds,Power,Void,heavy,10,Precision Frame,Handling,6,Vault,true,false,false,4,13,,95,62,38,37,25,0,0,0,47,0,20,5,44,533,0,0,0,0,0,0,0,6,35,0,0,false,0,0,,,,Precision Frame*,Arrowhead Brake*,Fluted Barrel,Accelerated Coils*,Projection Fuse,Auto-Loading Holster*,Demolitionist*,Kill Tracker,Tier 6: Handling*,,,,,,,,,,
Thunderlord,3325463374,"""6917529811379493079""",,Exotic,0,Machine Gun,,Power,Arc,heavy,405,Reign Havoc,,,Vault,false,false,false,2,4,Festival of the Lost,70,90,41,65,15,0,0,0,60,450,68,62,60,0,0,0,0,0,0,0,0,26,30,0,0,false,0,206,,,,Reign Havoc*,Polygonal Rifling*,Armor-Piercing Rounds*,Lightning Rounds*,Feeding Frenzy*,Kill Tracker,Empty Catalyst Socket*,,,,,,,,,,,,
Ticuu's Divination,3260753130,"""6917529321199582160""",,Exotic,0,Combat Bow,,Energy,Solar,primary,10,Sacred Flame,,10,Vault,true,false,false,4,13,,60,79,68,0,18,0,0,0,62,0,60,0,66,0,567,47,0,0,0,0,0,23,65,0,0,false,0,0,,,,Sacred Flame*,Tactile String*,Straight Fletching*,Causality Arrows*,Kill Tracker,Hasta Solari*,Ticuu's Divination Catalyst*,,,,,,,,,,,,
Tigerspite,640114618,"""6917529681350877974""",,Legendary,0,Auto Rifle,dreaming,KineticSlot,Kinetic,primary,10,Precision Frame,Handling,2,Vault,false,false,false,2,4,,68,44,29,77,16,0,0,0,41,450,50,33,42,0,0,0,0,0,0,0,0,10,49,0,0,false,0,76,,,,Precision Frame*,Full Bore,Hammer-Forged Rifling*,Extended Mag,Light Mag*,Outlaw*,Swashbuckler*,Kill Tracker,Tier 2: Handling*,,,,,,,,,,
Tigerspite,1709137958,"""6917530187918912670""",,Legendary,4,Auto Rifle,dreaming,KineticSlot,Kinetic,primary,400,Precision Frame,Handling,3,Vault,false,false,false,8,28,,98,44,29,62,16,0,0,0,41,450,22,39,55,0,0,0,0,0,0,0,0,20,49,0,0,false,0,0,,,,Precision Frame*,Arrowhead Brake*,Smallbore,Extended Mag*,Light Mag,Subsistence*,Moving Target,Frenzy*,One for All,Advanced Reflexes*,Kill Tracker,Tier 3: Handling*,,,,,,,
Tigerspite,1709137958,"""6917530193068700180""",,Legendary,3,Auto Rifle,dreaming,KineticSlot,Kinetic,primary,470,Precision Frame,Handling,4,Warlock(482),false,false,false,8,28,,68,44,29,77,16,0,0,0,51,450,40,33,44,0,0,0,0,0,0,0,0,10,49,0,0,false,0,0,,,,Precision Frame*,Hammer-Forged Rifling*,Smallbore,Ricochet Rounds*,Light Mag,Subsistence*,Stopping Power,Kinetic Tremors*,Frenzy,Advanced Reflexes*,Kill Tracker,Tier 4: Handling*,,,,,,,
Timelines' Vertex,3055192515,"""6917529206569566964""",,Legendary,0,Fusion Rifle,engram,Energy,Solar,special,10,Adaptive Frame,Range,2,Vault,false,false,false,3,10,,60,60,75,47,20,0,0,0,40,0,40,6,32,667,0,0,0,0,0,0,0,4,70,0,0,false,0,0,omolon,,,Adaptive Frame*,Signal MS5*,Spark PS,Ionized Battery,Liquid Coils*,Field Prep*,Disruption Break*,Kill Tracker,Tier 2: Range*,,,,,,,,,,
Timelines' Vertex,3055192515,"""6917529321266489229""",favorite,Legendary,0,Fusion Rifle,engram,Energy,Solar,special,10,Adaptive Frame,Handling,1,Vault,false,false,false,3,10,,60,60,70,47,21,0,0,0,40,0,40,7,26,667,0,0,0,0,0,0,0,4,50,0,0,false,0,0,omolon,,,Adaptive Frame*,Impulse MS3*,Jolt PS,Enhanced Battery*,Particle Repeater,Auto-Loading Holster*,Backup Plan*,Kill Tracker,Tier 1: Handling*,,,,,,,,,,
Timeworn Wayfarer,1058098236,"""6917530027761937193""",,Legendary,0,Scout Rifle,echoes,Energy,Solar,primary,10,Aggressive Frame,Range,1,Vault,false,false,false,7,24,,68,51,100,53,18,0,0,0,51,120,44,12,36,0,0,0,0,0,0,0,0,20,54,0,0,false,0,7,,,,Aggressive Frame*,Chambered Compensator*,Steady Rounds*,Dual Loader*,Precision Instrument*,Radiolaria Transposer*,Kill Tracker,Tier 1: Range*,,,,,,,,,,,
Timeworn Wayfarer,1058098236,"""6917530027790164419""",,Legendary,0,Scout Rifle,echoes,Energy,Solar,primary,10,Aggressive Frame,Stability,1,Vault,false,false,false,7,24,,58,51,100,72,18,0,0,0,17,120,44,14,36,0,0,0,0,0,0,0,0,13,54,0,0,false,0,0,,,,Aggressive Frame*,Full Bore*,Hammer-Forged Rifling,Appended Mag*,Steady Rounds,Shoot to Loot*,High Ground*,Radiolaria Transposer*,Kill Tracker,Tier 1: Stability*,,,,,,,,,
Tommy's Matchbook,776191470,"""6917529969474176026""",,Exotic,0,Auto Rifle,,Energy,Solar,primary,10,Ignition Trigger,,,Vault,false,false,false,3,10,,64,81,18,53,16,0,0,0,54,720,0,72,58,0,0,0,0,0,0,0,0,36,56,0,0,false,0,0,,,,Ignition Trigger*,Hammer-Forged Rifling*,Extended Mag*,Heat Sink*,Hand-Laid Stock*,Kill Tracker,Empty Catalyst Socket*,,,,,,,,,,,,
Trachinus,3635232671,"""6917530188834767000""",,Legendary,4,Shotgun,monumentoftriumph,KineticSlot,Stasis,special,415,Rapid Fire Slug,Handling,3,Vault,false,false,false,8,27,,80,72,66,51,12,0,0,0,66,95,67,7,34,0,0,0,0,0,0,0,0,4,50,0,0,false,0,0,veist,,,Rapid Fire Slug*,Extended Barrel*,Fluted Barrel,Assault Mag*,Accurized Rounds,Lead from Gold*,Transcendent Moment,Chill Clip*,Binary Orbit,Tenacity*,Veist Stinger,Kill Tracker,Tier 3: Handling*,,,,,,
Trachinus,3635232671,"""6917530188842416348""",,Legendary,4,Shotgun,monumentoftriumph,KineticSlot,Stasis,special,415,Rapid Fire Slug,Reload Speed,3,Vault,false,false,false,8,27,,100,72,66,40,12,0,0,0,66,95,70,7,52,0,0,0,0,0,0,0,0,4,50,0,0,false,0,0,veist,,,Rapid Fire Slug*,Arrowhead Brake*,Extended Barrel,Assault Mag*,Extended Mag,Rimestealer*,Proximity Power,Headstone*,Precision Instrument,Tenacity*,Veist Stinger,Kill Tracker,Tier 3: Reload Speed*,,,,,,
Trachinus,3635232671,"""6917530188847014094""",,Legendary,4,Shotgun,monumentoftriumph,KineticSlot,Stasis,special,415,Rapid Fire Slug,Reload Speed,1,Vault,false,false,false,8,27,,70,72,66,52,12,0,0,0,50,87,70,8,40,0,0,0,0,0,0,0,0,4,50,0,0,false,0,0,veist,,,Rapid Fire Slug*,Hammer-Forged Rifling*,Smallbore,Appended Mag*,Light Mag,Lead from Gold*,Rapid Hit,Binary Orbit*,Encore,Tenacity*,Veist Stinger,Kill Tracker,Tier 1: Reload Speed*,,,,,,
Tractor Cannon,3580904581,"""6917529322083620864""",,Exotic,0,Shotgun,,Power,Void,heavy,10,Repulsor Force,"Ammo Generation, Magazine",10,Vault,false,false,false,1,1,,70,90,65,20,12,0,0,0,95,80,15,7,35,0,0,0,0,0,0,0,0,8,50,0,0,false,0,55,,,,Repulsor Force*,Extended Barrel*,Particle Repeater*,The Scientific Method*,Composite Stock*,Kill Tracker,Tractor Cannon Catalyst*,,,,,,,,,,,,
Transfiguration,3799980700,"""6917529206304238471""",,Legendary,0,Scout Rifle,lastwish,KineticSlot,Kinetic,primary,10,High-Impact Frame,Handling,2,Vault,true,false,false,2,4,,88,29,67,84,21,0,0,0,27,150,35,15,21,0,0,0,0,0,0,0,0,10,55,0,0,false,0,0,,,,High-Impact Frame*,Extended Barrel*,Fluted Barrel,Smallbore,Tactical Mag*,Alloy Magazine,Zen Moment*,Kill Clip*,Kill Tracker,Tier 2: Handling*,,,,,,,,,
Transfiguration,3885259140,"""6917529974841750391""",,Legendary,0,Scout Rifle,lastwish,KineticSlot,Kinetic,primary,10,High-Impact Frame,Reload Speed,1,Vault,false,false,false,6,21,,100,29,67,74,21,0,0,0,27,150,36,15,39,0,0,0,0,0,0,0,0,10,55,0,0,false,0,0,,,,High-Impact Frame*,Arrowhead Brake*,Full Bore,Tactical Mag*,Extended Mag,Demolitionist*,Explosive Payload*,Explosive Pact*,Kill Tracker,Tier 1: Reload Speed*,,,,,,,,,
Transfiguration,3885259140,"""6917529981919940721""",,Legendary,0,Scout Rifle,lastwish,KineticSlot,Kinetic,primary,10,High-Impact Frame,Range,1,Vault,false,false,false,6,21,,100,29,67,75,21,0,0,0,27,150,35,15,39,0,0,0,0,0,0,0,0,10,55,0,0,false,0,0,,,,High-Impact Frame*,Arrowhead Brake*,Polygonal Rifling,Tactical Mag*,Steady Rounds,Rampage*,Explosive Payload*,Explosive Pact*,Kill Tracker,Tier 1: Range*,,,,,,,,,
Traveler's Chosen,1853180924,"""6917529398338383370""",,Exotic,0,Sidearm,,KineticSlot,Kinetic,primary,10,Gathering Light,,,Vault,false,false,false,3,11,,85,85,49,85,12,0,0,0,70,300,40,15,84,0,0,0,0,0,0,0,0,35,44,0,0,false,0,0,,,,Gathering Light*,QuickDot SAS*,Armor-Piercing Rounds*,Gift of the Traveler*,Short-Action Stock*,Kill Tracker,Empty Catalyst Socket*,,,,,,,,,,,,
Trendsetter,2863808104,"""6917530186056279115""",,Legendary,3,Auto Rifle,dungeon,Energy,Arc,primary,10,Adaptive Frame,Handling,4,Vault,false,false,false,8,28,,92,6,21,54,16,0,0,0,55,600,60,41,78,0,0,0,0,0,0,0,0,17,60,0,0,false,0,0,suros,,,Adaptive Frame*,Arrowhead Brake*,Fluted Barrel,Accurized Rounds*,Tactical Mag,Trickle Charge*,Dynamic Sway Reduction,Zen Moment*,Gear Shift,"Nail, Meet Hammer*",Suros Synergy,Kill Tracker,Tier 4: Handling*,,,,,,
Trendsetter,2863808104,"""6917530186180134739""",,Legendary,3,Auto Rifle,dungeon,Energy,Arc,primary,359,Adaptive Frame,Reload Speed,3,Vault,false,false,false,8,28,,62,6,21,59,16,0,0,0,55,600,63,44,69,0,0,0,0,0,0,0,0,17,60,0,0,false,0,0,suros,,,Adaptive Frame*,Corkscrew Rifling*,Fluted Barrel,Accurized Rounds*,Steady Rounds,Supercharged Magazine*,Ambitious Assassin,Tap the Trigger*,Gear Shift,"Nail, Meet Hammer*",Suros Synergy,Kill Tracker,Tier 3: Reload Speed*,,,,,,
Trendsetter,2863808104,"""6917530187777113266""",,Legendary,5,Auto Rifle,dungeon,Energy,Arc,primary,398,Adaptive Frame,Handling,1,Vault,false,false,false,8,28,,72,6,21,55,16,0,0,0,56,600,71,44,56,0,0,0,0,0,0,0,0,17,60,0,0,false,0,0,suros,,,Adaptive Frame*,Extended Barrel*,Smallbore,Tactical Mag*,Alloy Magazine,Dynamic Sway Reduction*,Ambitious Assassin,Outlaw,Jolting Feedback*,Zen Moment,Gear Shift,"Nail, Meet Hammer*",Suros Synergy,Kill Tracker,Tier 1: Handling*,Triumphant Pulse*,,,
Trendsetter,2863808104,"""6917530187804391276""",,Legendary,3,Auto Rifle,dungeon,Energy,Arc,primary,389,Adaptive Frame,Range,2,Vault,false,false,false,8,28,,92,6,21,41,16,0,0,0,65,600,60,44,74,0,0,0,0,0,0,0,0,24,60,0,0,false,0,0,suros,,,Adaptive Frame*,Arrowhead Brake*,Hammer-Forged Rifling,Steady Rounds*,Alloy Magazine,Supercharged Magazine*,Light Touch,Rolling Storm*,Rampage,"Nail, Meet Hammer*",Suros Synergy,Kill Tracker,Tier 2: Range*,,,,,,
Trendsetter,2863808104,"""6917530188837054796""",,Legendary,3,Auto Rifle,dungeon,Energy,Arc,primary,405,Adaptive Frame,Handling,1,Vault,false,false,false,8,28,,62,6,21,49,16,0,0,0,60,600,75,44,70,0,0,0,0,0,0,0,0,17,60,0,0,false,0,0,suros,,,Adaptive Frame*,Corkscrew Rifling*,Smallbore,Tactical Mag*,Alloy Magazine,Ambitious Assassin*,Light Touch,Tap the Trigger*,Rampage,"Nail, Meet Hammer*",Suros Synergy,Kill Tracker,Tier 1: Handling*,,,,,,
Trespasser,1234150730,"""6917529765435402084""",,Exotic,0,Sidearm,seasonpass,Energy,Arc,primary,10,Unrepentant,,,Vault,false,false,false,5,17,,100,70,75,59,12,0,0,0,90,491,33,30,53,0,0,0,0,0,0,0,0,29,50,0,0,false,0,0,,,,Unrepentant*,Full Bore*,Ricochet Rounds*,Be the Danger*,Smooth Grip*,Kill Tracker,Empty Catalyst Socket*,,,,,,,,,,,,
Trinity Ghoul,814876685,"""6917529205115845879""",,Exotic,0,Combat Bow,,Energy,Arc,primary,478,Split Electron,Draw Time,10,Vault,false,false,false,2,4,,77,74,80,0,18,0,0,0,45,0,60,0,63,0,633,95,0,0,0,0,0,24,52,0,0,false,0,491,,,,Split Electron*,High Tension String*,Compact Arrow Shaft*,Lightning Rod*,Kill Tracker,Trinity Ghoul Catalyst*,,,,,,,,,,,,,
Trophy Hunter,2566169398,"""6917530186320093726""",,Legendary,5,Sniper Rifle,monumentoftriumph,Energy,Void,special,368,Aggressive Frame,Handling,1,Vault,false,false,false,8,28,,80,46,90,93,50,0,0,0,18,72,16,4,20,0,0,0,0,0,0,0,0,12,39,0,0,false,0,0,,,,Aggressive Frame*,Full Bore*,Hammer-Forged Rifling,Extended Mag*,Flared Magwell,Lead from Gold*,Auto-Loading Holster,Lone Wolf,Vorpal Weapon*,Withering Gaze,Aggregate Charge,Fail-deadly*,Kill Tracker,Tier 1: Handling*,Triumphant Pulse*,,,,
Trophy Hunter,2566169398,"""6917530186323490387""",,Legendary,3,Sniper Rifle,monumentoftriumph,Energy,Void,special,367,Aggressive Frame,Range,1,Vault,false,false,false,8,28,,90,46,90,89,50,0,0,0,27,72,14,4,13,0,0,0,0,0,0,0,0,12,39,0,0,false,0,0,,,,Aggressive Frame*,Extended Barrel*,Full Bore,Extended Mag*,Alloy Magazine,Dimensional Shift*,Triple Tap,Snapshot Sights*,Butterfly,Fail-deadly*,Kill Tracker,Tier 1: Range*,,,,,,,
Trophy Hunter,2566169398,"""6917530187989804906""",,Legendary,4,Sniper Rifle,monumentoftriumph,Energy,Void,special,401,Aggressive Frame,Range,4,Vault,false,false,false,8,28,,100,46,90,82,50,0,0,0,27,72,16,4,35,0,0,0,0,0,0,0,0,12,39,0,0,false,0,0,,,,Aggressive Frame*,Arrowhead Brake*,Smallbore,Extended Mag*,Flared Magwell,Pulse Monitor*,Lone Wolf,Snapshot Sights*,Precision Instrument,Fail-deadly*,Kill Tracker,Tier 4: Range*,,,,,,,
Trophy Hunter,2566169398,"""6917530188887231950""",,Legendary,5,Sniper Rifle,monumentoftriumph,Energy,Void,special,417,Aggressive Frame,Reload Speed,1,Vault,false,false,false,8,28,,90,46,90,78,50,0,0,0,44,72,46,4,19,0,0,0,0,0,0,0,0,2,39,0,0,false,0,0,,,,Aggressive Frame*,Chambered Compensator*,Extended Barrel,Tactical Mag*,Alloy Magazine,Pulse Monitor*,Auto-Loading Holster,Lone Wolf,Snapshot Sights*,Butterfly,Withering Gaze,Fail-deadly*,Kill Tracker,Tier 1: Reload Speed*,Triumphant Pulse*,,,,
Trophy Hunter,2566169398,"""6917530188889196211""",,Legendary,4,Sniper Rifle,monumentoftriumph,Energy,Void,special,417,Aggressive Frame,Stability,2,Vault,false,false,false,8,28,,80,46,90,84,50,0,0,0,35,72,36,4,28,0,0,0,0,0,0,0,0,2,39,0,0,false,0,0,,,,Aggressive Frame*,Corkscrew Rifling*,Smallbore,Appended Mag*,Tactical Mag,Lucky Shot*,Triple Tap,Vorpal Weapon*,Precision Instrument,Fail-deadly*,Kill Tracker,Tier 2: Stability*,,,,,,,
True Prophecy,2742838700,"""6917529205115844076""",favorite,Legendary,0,Hand Cannon,engram,KineticSlot,Kinetic,primary,10,Aggressive Frame,Stability,9,Vault,false,false,false,3,10,,95,67,92,58,14,0,0,0,41,120,32,13,45,0,0,0,0,0,0,0,0,20,52,0,0,false,0,0,fotc,,,Aggressive Frame*,Fastdraw HCS*,Sureshot HCS,Tactical Mag*,Alloy Magazine,Rangefinder*,Timed Payload*,Crucible Tracker,Backup Mag*,Tier 9: Stability*,,,,,,,,,
True Prophecy,2742838700,"""6917529356814655909""",,Legendary,0,Hand Cannon,engram,KineticSlot,Kinetic,primary,10,Aggressive Frame,Stability,3,Vault,false,false,false,3,10,,95,67,92,61,14,0,0,0,33,120,32,10,33,0,0,0,0,0,0,0,0,20,52,0,0,false,0,0,fotc,,,Aggressive Frame*,TrueSight HCS*,Sureshot HCS,Tactical Mag*,Steady Rounds,Opening Shot*,Explosive Payload*,Kill Tracker,Tier 3: Stability*,,,,,,,,,,
True Prophecy,960948343,"""6917530186327106225""",,Legendary,4,Hand Cannon,engram,Energy,Arc,primary,367,Aggressive Frame,Handling,3,Vault,false,false,false,8,28,,95,62,92,58,14,0,0,0,34,120,33,10,49,0,0,0,0,0,0,0,0,20,52,0,0,false,0,0,,,,Aggressive Frame*,Fluted Barrel*,Full Bore,Tactical Mag*,Steady Rounds,Trickle Charge*,Light Touch,Jolting Feedback*,Adrenaline Junkie,Fail-deadly*,Nadir Focus,Kill Tracker,Tier 3: Handling*,,,,,,
True Prophecy,960948343,"""6917530186327109608""",,Legendary,5,Hand Cannon,engram,Energy,Arc,primary,366,Aggressive Frame,Stability,1,Vault,false,false,false,8,28,,100,62,92,58,14,0,0,0,23,120,9,12,42,0,0,0,0,0,0,0,0,30,52,0,0,false,0,0,,,,Aggressive Frame*,Arrowhead Brake*,Full Bore,Extended Mag*,Flared Magwell,Lone Wolf*,Trickle Charge,Triple Tap,Explosive Payload*,Jolting Feedback,Dragonfly,Fail-deadly*,Nadir Focus,Kill Tracker,Tier 1: Stability*,Triumphant Pulse*,,,
True Prophecy,960948343,"""6917530188580980001""",,Legendary,4,Hand Cannon,engram,Energy,Arc,primary,405,Aggressive Frame,Reload Speed,2,Vault,false,false,false,8,28,,95,62,92,64,14,0,0,0,34,120,35,10,35,0,0,0,0,0,0,0,0,20,52,0,0,false,0,0,,,,Aggressive Frame*,Corkscrew Rifling*,Polygonal Rifling,Tactical Mag*,Alloy Magazine,Lone Wolf*,Triple Tap,Precision Instrument*,Dragonfly,Fail-deadly*,Nadir Focus,Kill Tracker,Tier 2: Reload Speed*,,,,,,
True Prophecy,960948343,"""6917530188889197339""",,Legendary,4,Hand Cannon,engram,Energy,Arc,primary,417,Aggressive Frame,Handling,1,Vault,false,false,false,8,28,,100,62,92,58,14,0,0,0,33,120,33,10,43,0,0,0,0,0,0,0,0,20,52,0,0,false,0,0,,,"AI v2.3 COULD DELETE — same weapon name, hash/version, and intrinsic frame as the proposed retained copy. Best legal perk combo scores 3.4 below the best copy. Retain True Prophecy ID 6917530186327109608. Still review origin-trait selection, barrels, magazines, Masterwork, stats, source, build role, and personal feel before dismantling.",Aggressive Frame*,Arrowhead Brake*,Smallbore,Tactical Mag*,Flared Magwell,Snapshot Sights*,Light Touch,Adrenaline Junkie*,Dragonfly,Fail-deadly*,Nadir Focus,Kill Tracker,Tier 1: Handling*,,,,,,
True Prophecy,960948343,"""6917530189100898853""",,Legendary,5,Hand Cannon,engram,Energy,Arc,primary,419,Aggressive Frame,Handling,3,Vault,false,false,false,8,28,,100,62,92,58,14,0,0,0,22,120,4,12,45,0,0,0,0,0,0,0,0,30,52,0,0,false,0,0,,,,Aggressive Frame*,Arrowhead Brake*,Fluted Barrel,Extended Mag*,Alloy Magazine,Opening Shot*,Trickle Charge,Snapshot Sights,Rampage*,Jolting Feedback,Precision Instrument,Fail-deadly*,Nadir Focus,Kill Tracker,Tier 3: Handling*,Triumphant Pulse*,,,
Trustee,1392919471,"""6917530009138304735""",,Legendary,0,Scout Rifle,deepstonecrypt,Energy,Solar,primary,10,Rapid-Fire Frame,Handling,2,Vault,false,false,false,4,12,,69,67,45,35,19,0,0,0,53,260,11,20,27,0,0,0,0,0,0,0,0,32,56,0,0,false,0,0,,,,Rapid-Fire Frame*,Chambered Compensator*,Corkscrew Rifling,Extended Mag*,Flared Magwell,Under Pressure*,Swashbuckler*,Bray Inheritance*,Kill Tracker,Tier 2: Handling*,,,,,,,,,
Truth,1201830623,"""6917529207421320030""",,Exotic,0,Rocket Launcher,,Power,Void,heavy,10,Prototype Trueseeker,,,Vault,false,false,false,2,7,,60,73,0,0,20,100,47,0,67,15,49,1,65,0,0,0,0,0,0,0,0,9,40,0,0,false,0,0,,,,Prototype Trueseeker*,Volatile Launch*,High-Velocity Rounds*,Grenades and Horseshoes*,Composite Stock*,Kill Tracker,Empty Catalyst Socket*,,,,,,,,,,,,
Truthteller,1946491241,"""6917529194974636722""",keep,Legendary,0,Grenade Launcher,engram,Energy,Void,special,10,Lightweight Frame,Handling,1,Vault,false,false,false,3,11,,70,79,0,0,13,100,64,0,43,90,71,1,70,0,0,0,0,0,0,0,0,2,65,0,0,false,0,0,field-forged,,,Lightweight Frame*,Confined Launch*,Hard Launch,Spike Grenades*,Concussion Grenades,Auto-Loading Holster*,Swashbuckler*,Kill Tracker,Tier 1: Handling*,,,,,,,,,,
Truthteller,1946491241,"""6917529195219627260""",keep,Legendary,0,Grenade Launcher,engram,Energy,Void,special,10,Lightweight Frame,Reload Speed,1,Vault,false,false,false,3,11,,70,79,0,0,13,0,84,0,18,90,72,1,84,0,0,0,0,0,0,0,0,2,85,0,0,false,0,0,field-forged,,,Lightweight Frame*,Volatile Launch,Quick Launch*,Disorienting Grenades*,Spike Grenades,Field Prep*,Quickdraw*,Kill Tracker,Tier 1: Reload Speed*,,,,,,,,,,
Truthteller,1946491241,"""6917529196940409886""",keep,Legendary,0,Grenade Launcher,engram,Energy,Void,special,10,Lightweight Frame,Reload Speed,10,Vault,true,false,false,3,11,,70,79,0,0,13,85,79,0,23,90,81,1,69,0,0,0,0,0,0,0,0,2,65,0,0,false,0,133,field-forged,,,Lightweight Frame*,Confined Launch,Linear Compensator*,Proximity Grenades*,Concussion Grenades,Auto-Loading Holster*,Demolitionist*,Kill Tracker,Masterworked: Reload Speed*,,,,,,,,,,
Truthteller,1946491241,"""6917529394225770802""",keep,Legendary,0,Grenade Launcher,engram,Energy,Void,special,10,Lightweight Frame,Reload Speed,10,Vault,true,false,false,3,11,,70,79,0,0,13,0,84,0,18,90,81,1,84,0,0,0,0,0,0,0,0,2,65,0,0,false,0,75,field-forged,,,Lightweight Frame*,Confined Launch,Quick Launch*,Disorienting Grenades*,High-Velocity Rounds,Auto-Loading Holster*,Disruption Break*,Kill Tracker,Freehand Grip*,Masterworked: Reload Speed*,,,,,,,,,
Truthteller,1946491241,"""6917529397338626000""",,Legendary,0,Grenade Launcher,engram,Energy,Void,special,10,Lightweight Frame,Reload Speed,2,Vault,false,false,false,3,11,,70,79,0,0,13,0,69,0,18,90,73,1,64,0,0,0,0,0,0,0,0,2,65,0,0,false,0,0,field-forged,,,Lightweight Frame*,Volatile Launch*,Linear Compensator,Disorienting Grenades*,Concussion Grenades,Feeding Frenzy*,Swashbuckler*,Kill Tracker,Tier 2: Reload Speed*,,,,,,,,,,
Truthteller,447296102,"""6917530063067470395""",,Legendary,0,Grenade Launcher,engram,Energy,Void,special,10,Lightweight Frame,Handling,1,Vault,false,false,false,7,24,,70,79,0,0,13,100,79,0,33,90,71,1,70,0,0,0,0,0,0,0,0,2,65,0,0,false,0,0,field-forged,,,Lightweight Frame*,Linear Compensator*,Smart Drift Control,Spike Grenades*,High-Velocity Rounds,Moving Target*,Collective Action*,Field-Tested*,Kill Tracker,Tier 1: Handling*,,,,,,,,,
Truthteller,447296102,"""6917530063382112988""",,Legendary,0,Grenade Launcher,engram,Energy,Void,special,10,Lightweight Frame,Velocity,3,Vault,false,false,false,7,24,,70,79,0,0,13,95,92,0,18,90,71,1,69,0,0,0,0,0,0,0,0,2,65,0,0,false,0,0,field-forged,,,Lightweight Frame*,Hard Launch*,Smart Drift Control,Spike Grenades*,Implosion Rounds,Moving Target*,Harmony*,Field-Tested*,Kill Tracker,Tier 3: Velocity*,,,,,,,,,
Truthteller,447296102,"""6917530063397331206""",,Legendary,0,Grenade Launcher,engram,Energy,Void,special,10,Lightweight Frame,Reload Speed,3,Vault,false,false,false,7,24,,70,79,0,0,13,75,89,0,8,90,74,1,69,0,0,0,0,0,0,0,0,2,65,0,0,false,0,0,field-forged,,,Lightweight Frame*,Hard Launch*,Quick Launch,Proximity Grenades*,Implosion Rounds,Feeding Frenzy*,Harmony*,Field-Tested*,Kill Tracker,Tier 3: Reload Speed*,,,,,,,,,
Truthteller,447296102,"""6917530064654192693""",,Legendary,0,Grenade Launcher,engram,Energy,Void,special,10,Lightweight Frame,Reload Speed,4,Vault,false,false,false,7,24,,70,79,0,0,13,75,89,0,8,90,75,1,69,0,0,0,0,0,0,0,0,2,65,0,0,false,0,0,field-forged,,,Lightweight Frame*,Hard Launch*,Linear Compensator,Proximity Grenades*,Implosion Rounds,Moving Target*,Threat Detector*,Field-Tested*,Kill Tracker,Tier 4: Reload Speed*,,,,,,,,,
Turncoat,253843484,"""6917530192845767434""",,Exotic,0,Hand Cannon,seasonpass,Energy,Void,primary,471,Latent Power,,,Vault,false,false,false,8,28,,97,77,84,62,13,0,0,0,68,140,39,13,42,0,0,0,0,0,0,0,0,22,39,0,0,false,0,0,,,,Latent Power*,Smallbore*,Accurized Rounds*,Power Surge*,Heavy Grip*,Kill Tracker,Empty Catalyst Socket*,,,,,,,,,,,,
Twilight Oath,1874424704,"""6917529967446758461""",,Legendary,0,Sniper Rifle,dreaming,Energy,Solar,special,10,Rapid-Fire Frame,Range,2,Vault,false,false,false,6,23,,59,70,55,29,35,0,0,0,46,140,58,6,65,0,0,0,0,0,0,0,0,2,45,0,0,false,0,0,,,,Rapid-Fire Frame*,Polygonal Rifling*,Smallbore,Alloy Magazine*,Flared Magwell,Envious Assassin*,Snapshot Sights*,Advanced Reflexes*,Kill Tracker,Tier 2: Range*,,,,,,,,,
Twilight Oath,1874424704,"""6917529975897005184""",,Legendary,0,Sniper Rifle,dreaming,Energy,Solar,special,10,Rapid-Fire Frame,Reload Speed,1,Vault,false,false,false,6,23,,59,70,55,32,35,0,0,0,46,140,69,7,70,0,0,0,0,0,0,0,0,2,45,0,0,false,0,0,,,,Rapid-Fire Frame*,Corkscrew Rifling*,Polygonal Rifling,Tactical Mag*,Steady Rounds,Heal Clip*,Kill Clip*,Advanced Reflexes*,Kill Tracker,Tier 1: Reload Speed*,,,,,,,,,
Twilight Oath,268357178,"""6917530187758496207""",,Legendary,5,Sniper Rifle,dreaming,Energy,Solar,special,395,Rapid-Fire Frame,Stability,2,Vault,false,false,false,8,28,,59,70,55,27,35,0,0,0,55,140,69,7,81,0,0,0,0,0,0,0,0,2,45,0,0,false,0,0,,,,Rapid-Fire Frame*,Fluted Barrel*,Hammer-Forged Rifling,Tactical Mag*,Alloy Magazine,Opening Shot*,Heal Clip,Lucky Shot,Vorpal Weapon*,Box Breathing,Bait and Switch,Advanced Reflexes*,Kill Tracker,Tier 2: Stability*,Triumphant Pulse*,,,,
Typhon GL5,3568377122,"""6917529676406036172""",,Legendary,0,Grenade Launcher,engram,Power,Stasis,heavy,10,Adaptive Frame,Blast Radius,3,Vault,true,false,false,5,16,,50,60,0,0,13,43,25,0,57,120,45,5,42,0,0,0,0,0,0,0,0,12,45,0,0,false,0,1,omolon,,,Adaptive Frame*,Confined Launch*,Smart Drift Control,Proximity Grenades*,High-Explosive Ordnance,Demolitionist*,Frenzy*,Omolon Fluid Dynamics*,Kill Tracker,Tier 3: Blast Radius*,,,,,,,,,
Typhon GL5,3568377122,"""6917529894767481238""",,Legendary,0,Grenade Launcher,engram,Power,Stasis,heavy,10,Adaptive Frame,Velocity,3,Vault,false,false,false,5,16,,50,60,0,0,13,45,53,0,22,120,75,5,42,0,0,0,0,0,0,0,0,12,45,0,0,false,0,0,omolon,,,Adaptive Frame*,Hard Launch*,Quick Launch,Alloy Casing*,High-Explosive Ordnance,Unrelenting*,One for All*,Omolon Fluid Dynamics*,Kill Tracker,Tier 3: Velocity*,,,,,,,,,
Tyranny of Heaven,2721249463,"""6917529136885523668""",favorite,Legendary,0,Combat Bow,gardenofsalvation,Energy,Solar,primary,10,Lightweight Frame,Accuracy,10,Vault,false,false,false,2,4,,54,86,68,0,18,0,0,0,59,0,60,0,68,0,533,61,0,0,0,0,0,17,68,0,0,false,0,33,,,,Lightweight Frame*,Agile Bowstring,Elastic String,Polymer String*,Helical Fletching,Straight Fletching*,Moving Target*,Snapshot Sights*,Kill Tracker,Targeting Adjuster*,Masterworked: Target Acquisition*,,,,,,,,
Tyranny of Heaven,3388655311,"""6917529981931011442""",,Legendary,0,Combat Bow,gardenofsalvation,Energy,Solar,primary,10,Lightweight Frame,Handling,3,Vault,false,false,false,6,21,,54,81,68,0,18,0,0,0,79,0,60,0,71,0,567,41,0,0,0,0,0,17,68,0,0,false,0,0,,,,Lightweight Frame*,Tactile String*,Natural String,Carbon Arrow Shaft*,Helical Fletching,Wellspring*,Golden Tricorn*,Explosive Pact*,Kill Tracker,Tier 3: Handling*,,,,,,,,,
Ulterior Observation,1079872540,"""6917530185925069838""",,Legendary,1,Machine Gun,kepler,Power,Stasis,heavy,310,Aggressive Frame,Reload Speed,1,Vault,false,false,false,8,27,,82,54,33,47,16,0,0,0,56,600,40,69,40,0,0,0,0,0,0,0,0,20,42,0,0,false,0,0,,,,Aggressive Frame*,Chambered Compensator*,Extended Barrel,Appended Mag*,Flared Magwell,Demolitionist*,Closing Time*,Exhaustive Research*,Kill Tracker,Tier 1: Reload Speed*,,,,,,,,,
Ulterior Observation,1079872540,"""6917530186025651367""",,Legendary,2,Machine Gun,kepler,Power,Stasis,heavy,314,Aggressive Frame,Reload Speed,1,Vault,false,false,false,8,27,,72,54,33,52,16,0,0,0,51,600,40,58,50,0,0,0,0,0,0,0,0,20,42,0,0,false,0,0,,,,Aggressive Frame*,Corkscrew Rifling*,Hammer-Forged Rifling,Alloy Magazine*,Appended Mag,Demolitionist*,Rimestealer*,Exhaustive Research*,Kill Tracker,Tier 1: Reload Speed*,,,,,,,,,
Ulterior Observation,1079872540,"""6917530186029430952""",,Legendary,1,Machine Gun,kepler,Power,Stasis,heavy,318,Aggressive Frame,Reload Speed,3,Vault,false,false,false,8,27,,82,54,33,47,16,0,0,0,56,600,42,69,40,0,0,0,0,0,0,0,0,20,42,0,0,false,0,0,,,,Aggressive Frame*,Chambered Compensator*,Polygonal Rifling,Appended Mag*,Ricochet Rounds,Feeding Frenzy*,Adagio*,Exhaustive Research*,Kill Tracker,Tier 3: Reload Speed*,,,,,,,,,
Ulterior Observation,1079872540,"""6917530186052478061""",,Legendary,1,Machine Gun,kepler,Power,Stasis,heavy,337,Aggressive Frame,Stability,1,Vault,false,false,false,8,27,,72,54,33,57,16,0,0,0,47,600,39,58,45,0,0,0,0,0,0,0,0,20,42,0,0,false,0,0,,,,Aggressive Frame*,Hammer-Forged Rifling*,Smallbore,Alloy Magazine*,Light Mag,Feeding Frenzy*,Rimestealer*,Exhaustive Research*,Kill Tracker,Tier 1: Stability*,,,,,,,,,
Ulterior Observation,1079872540,"""6917530186073777637""",,Legendary,2,Machine Gun,kepler,Power,Stasis,heavy,350,Aggressive Frame,Reload Speed,2,Vault,false,false,false,8,27,,72,54,33,57,16,0,0,0,51,600,41,58,50,0,0,0,0,0,0,0,0,20,42,0,0,false,0,0,,,"AI v2.3 COULD DELETE — same weapon name, hash/version, and intrinsic frame as the proposed retained copy. Selected main-trait pair is duplicated by a stronger retained copy; legal main-trait options are covered by a stronger copy. Retain Ulterior Observation ID 6917530186029430952. Still review origin-trait selection, barrels, magazines, Masterwork, stats, source, build role, and personal feel before dismantling.",Aggressive Frame*,Corkscrew Rifling*,Polygonal Rifling,High-Caliber Rounds*,Flared Magwell,Feeding Frenzy*,Adagio*,Exhaustive Research*,Kill Tracker,Tier 2: Reload Speed*,,,,,,,,,
Ulterior Observation,1079872540,"""6917530186075189450""",,Legendary,2,Machine Gun,kepler,Power,Stasis,heavy,354,Aggressive Frame,Handling,1,Vault,false,false,false,8,27,,100,54,33,47,16,0,0,0,46,600,21,80,56,0,0,0,0,0,0,0,0,30,42,0,0,false,0,0,,,,Aggressive Frame*,Arrowhead Brake*,Full Bore,Extended Mag*,Alloy Magazine,Moving Target*,Killing Tally*,Exhaustive Research*,Kill Tracker,Tier 1: Handling*,,,,,,,,,
Ulterior Observation,1079872540,"""6917530186094547144""",,Legendary,1,Machine Gun,kepler,Power,Stasis,heavy,352,Aggressive Frame,Range,1,Vault,false,false,false,8,27,,72,54,33,53,16,0,0,0,51,600,21,75,50,0,0,0,0,0,0,0,0,30,42,0,0,false,0,0,,,,Aggressive Frame*,Corkscrew Rifling*,Full Bore,Extended Mag*,High-Caliber Rounds,Demolitionist*,Binary Orbit*,Exhaustive Research*,Kill Tracker,Tier 1: Range*,,,,,,,,,
Ulterior Observation,1079872540,"""6917530186364001121""",,Legendary,1,Machine Gun,kepler,Power,Stasis,heavy,360,Aggressive Frame,Range,4,Vault,false,false,false,8,27,,72,54,33,71,16,0,0,0,46,600,39,58,40,0,0,0,0,0,0,0,0,20,42,0,0,false,0,0,,,,Aggressive Frame*,Full Bore*,Hammer-Forged Rifling,Ricochet Rounds*,Flared Magwell,Feeding Frenzy*,Killing Tally*,Exhaustive Research*,Kill Tracker,Tier 4: Range*,,,,,,,,,
Ulterior Observation,1079872540,"""6917530187931333994""",,Legendary,2,Machine Gun,kepler,Power,Stasis,heavy,409,Aggressive Frame,Stability,1,Vault,false,false,false,8,27,,72,54,33,62,16,0,0,0,37,600,39,69,40,0,0,0,0,0,0,0,0,20,42,0,0,false,0,0,,,,Aggressive Frame*,Full Bore*,Smallbore,Appended Mag*,Flared Magwell,Built to Blast*,Binary Orbit*,Exhaustive Research*,Kill Tracker,Tier 1: Stability*,,,,,,,,,
Ulterior Observation,1079872540,"""6917530187931340048""",,Legendary,1,Machine Gun,kepler,Power,Stasis,heavy,400,Aggressive Frame,Range,1,Vault,false,false,false,8,27,,100,54,33,48,16,0,0,0,46,600,39,58,55,0,0,0,0,0,0,0,0,20,42,0,0,false,0,0,,,"AI v2.3 COULD DELETE — same weapon name, hash/version, and intrinsic frame as the proposed retained copy. Best legal perk combo scores 3.0 below the best copy. Retain Ulterior Observation ID 6917530186025651367. Still review origin-trait selection, barrels, magazines, Masterwork, stats, source, build role, and personal feel before dismantling.",Aggressive Frame*,Arrowhead Brake*,Smallbore,Alloy Magazine*,Armor-Piercing Rounds,Subsistence*,Dynamic Sway Reduction*,Exhaustive Research*,Kill Tracker,Tier 1: Range*,,,,,,,,,
Ulterior Observation,1079872540,"""6917530188024854682""",,Legendary,2,Machine Gun,kepler,Power,Stasis,heavy,416,Aggressive Frame,Range,2,Vault,false,false,false,8,27,,72,54,33,69,16,0,0,0,36,600,39,75,40,0,0,0,0,0,0,0,0,20,42,0,0,false,0,0,,,,Aggressive Frame*,Full Bore*,Polygonal Rifling,High-Caliber Rounds*,Ricochet Rounds,Feeding Frenzy*,Closing Time*,Exhaustive Research*,Kill Tracker,Backup Mag*,Tier 2: Range*,,,,,,,,
Ulterior Observation,1079872540,"""6917530193072666217""",,Legendary,3,Machine Gun,kepler,Power,Stasis,heavy,482,Aggressive Frame,Range,2,Vault,false,false,false,8,27,,82,54,33,49,16,0,0,0,56,600,39,69,40,0,0,0,0,0,0,0,0,20,42,0,0,false,0,0,,,,Aggressive Frame*,Chambered Compensator*,Corkscrew Rifling,Appended Mag*,Flared Magwell,Subsistence*,Headstone,Rimestealer*,Dragonfly,Exhaustive Research*,Kill Tracker,Tier 2: Range*,,,,,,,
Ulterior Observation,1079872540,"""6917530193082640691""",,Legendary,3,Machine Gun,kepler,Power,Stasis,heavy,484,Aggressive Frame,Reload Speed,2,Warlock(482),false,false,false,8,27,,82,54,33,57,16,0,0,0,46,600,41,58,35,0,0,0,0,0,0,0,0,20,42,0,0,false,0,0,,,,Aggressive Frame*,Extended Barrel*,Full Bore,Alloy Magazine*,Ricochet Rounds,Headstone*,Feeding Frenzy,Rimestealer*,Killing Tally,Exhaustive Research*,Kill Tracker,Tier 2: Reload Speed*,,,,,,,
Uncivil Discourse,3146657389,"""6917530187847487643""",,Legendary,5,Hand Cannon,renegades,Energy,Arc,special,407,Dynamic Heat Weapon,Cooling Efficiency,1,Vault,false,false,false,8,28,,100,63,94,87,20,0,0,0,77,180,82,0,79,0,0,0,0,0,0,0,0,30,65,130,101,false,0,59,,,,Dynamic Heat Weapon*,Hammer-Forged Rifling*,Polygonal Rifling,Enhanced Heatsink*,Light Heatsink,Air Trigger,Keep Away,Lone Wolf*,Jolting Feedback*,Desperate Measures,Precision Instrument,Air-Cooled Core*,Kill Tracker,Counterbalance Stock*,Tier 1: Cooling Efficiency*,Infamous Uncivil Discourse*,Roguish Bolts*,,
Uncivil Discourse,3146657389,"""6917530188228390470""",,Legendary,2,Hand Cannon,renegades,Energy,Arc,special,422,Dynamic Heat Weapon,Range,1,Vault,false,false,false,8,28,,95,63,91,76,20,0,0,0,77,180,80,0,89,0,0,0,0,0,0,0,0,30,65,140,125,false,0,0,,,,Dynamic Heat Weapon*,Arrowhead Brake*,Full Bore,Accelerated Heatsink*,Particle Repeater,Keep Away*,Frenzy*,Air-Cooled Core*,Kill Tracker,Tier 1: Range*,,,,,,,,,
Under Your Skin,232928045,"""6917529701946624750""",,Legendary,0,Combat Bow,psiops,Energy,Void,primary,10,Precision Frame,Handling,2,Vault,false,false,false,5,16,,75,70,76,0,18,0,0,0,42,0,40,0,67,0,633,84,0,0,0,0,0,15,51,0,0,false,0,0,,,,Precision Frame*,Flexible String*,Polymer String,Fiberglass Arrow Shaft*,Natural Fletching,Archer's Tempo*,Turnabout*,Land Tank*,Kill Tracker,Tier 2: Handling*,,,,,,,,,
Under Your Skin,232928045,"""6917529702248708458""",,Legendary,0,Combat Bow,psiops,Energy,Void,primary,10,Precision Frame,Reload Speed,2,Vault,false,false,false,5,16,,75,70,76,0,18,0,0,0,42,0,52,0,65,0,700,89,0,0,0,0,0,15,51,0,0,false,0,0,,,,Precision Frame*,High Tension String*,Natural String,Compact Arrow Shaft*,Straight Fletching,Unrelenting*,Adaptive Munitions*,Land Tank*,Kill Tracker,Tier 2: Reload Speed*,,,,,,,,,
Unfall,738446555,"""6917530191245224886""",,Legendary,5,Sidearm,edgeoffate,Energy,Arc,special,461,Together Forever,Stability,1,Vault,true,false,false,8,27,,100,67,0,0,18,35,62,0,54,100,49,15,51,0,0,0,0,0,0,0,0,29,37,0,0,false,0,0,,,,Together Forever*,Quick Launch,Smart Drift Control*,Appended Mag,Tactical Mag*,Reverberation*,Lead from Gold,Beacon Rounds,Rolling Storm,Binary Orbit,Master of Arms*,Vanguard Determination*,Kill Tracker,Backup Mag*,Tier 1: Stability*,Ferrous Unfall*,Sparks Everlasting*,,
Unforgiven,3000847393,"""6917529956498705672""",,Legendary,0,Submachine Gun,,Energy,Void,primary,10,Aggressive Frame,Reload Speed,1,Vault,false,false,false,5,17,,93,33,22,53,14,0,0,0,16,720,22,32,50,0,0,0,0,0,0,0,0,20,34,0,0,false,0,0,,,,Aggressive Frame*,Hammer-Forged Rifling*,Smallbore,Alloy Magazine*,Light Mag,Well-Rounded*,Frenzy*,Bitterspite*,Kill Tracker,Tier 1: Reload Speed*,,,,,,,,,
Unloved,388390591,"""6917530189865062988""",,Legendary,3,Hand Cannon,dungeon,KineticSlot,Strand,primary,458,Heavy Burst,Range,2,Vault,false,false,false,8,28,,85,65,96,72,14,0,0,0,30,257,10,24,30,0,0,0,0,0,0,0,0,34,60,0,0,false,0,0,,,,Heavy Burst*,Corkscrew Rifling*,Fluted Barrel,Extended Mag*,Ricochet Rounds,Outlaw*,Hatchling,Frenzy*,Elemental Honing,Subjugation*,Kill Tracker,Tier 2: Range*,,,,,,,
Until Its Return,2883484461,"""6917529905492692717""",,Legendary,0,Shotgun,sonar,KineticSlot,Strand,special,10,Rapid-Fire Frame,Range,4,Vault,false,false,false,6,21,,70,67,65,32,12,0,0,0,47,140,71,8,46,0,0,0,0,0,0,0,0,3,54,0,0,false,0,0,,,,Rapid-Fire Frame*,Barrel Shroud*,Corkscrew Rifling,Tactical Mag*,Light Mag,Overflow*,Cascade Point*,Kill Tracker,Unsated Hunger*,Tier 4: Range*,,,,,,,,,
Until Its Return,2883484461,"""6917529905508671515""",,Legendary,0,Shotgun,sonar,KineticSlot,Strand,special,10,Rapid-Fire Frame,Stability,2,Vault,false,false,false,6,21,,85,67,65,45,12,0,0,0,41,140,61,7,36,0,0,0,0,0,0,0,0,3,54,0,0,false,0,0,,,,Rapid-Fire Frame*,Smallbore*,Barrel Shroud,Accurized Rounds*,Light Mag,Auto-Loading Holster*,Collective Action*,Kill Tracker,Unsated Hunger*,Counterbalance Stock*,Tier 2: Stability*,,,,,,,,
Unvoiced,2213885190,"""6917530189889728536""",,Legendary,3,Shotgun,dungeon,Energy,Void,special,458,Pinpoint Slug Frame,Range,1,Vault,false,false,false,8,28,,85,45,70,71,12,0,0,0,45,65,29,7,85,0,0,0,0,0,0,0,0,15,46,0,0,false,0,0,,,,Pinpoint Slug Frame*,Arrowhead Brake*,Full Bore,Extended Mag*,Steady Rounds,Redirection*,Destabilizing Rounds,Vorpal Weapon*,Bait and Switch,Subjugation*,Kill Tracker,Tier 1: Range*,,,,,,,
Veiled Threat,3685470415,"""6917530024394153410""",,Legendary,0,Auto Rifle,echoes,KineticSlot,Stasis,primary,10,Rapid-Fire Frame,Stability,2,Vault,false,false,false,7,24,,55,72,18,27,16,0,0,0,64,720,49,56,37,0,0,0,0,0,0,0,0,20,54,0,0,false,0,0,,,,Rapid-Fire Frame*,Chambered Compensator*,Hammer-Forged Rifling,Appended Mag*,Flared Magwell,Attrition Orbs*,Desperate Measures*,Radiolaria Transposer*,Kill Tracker,Tier 2: Stability*,,,,,,,,,
Veleda-F,4200122994,"""6917530064716803552""",,Legendary,0,Sniper Rifle,engram,Energy,Void,special,10,Aggressive Frame,Handling,1,Vault,false,false,false,7,25,,78,42,90,80,47,0,0,0,45,72,27,3,36,0,0,0,0,0,0,0,0,10,33,0,0,false,0,0,hakke,,,Aggressive Frame*,Corkscrew Rifling*,Polygonal Rifling,Steady Rounds*,Alloy Magazine,Lone Wolf*,Destabilizing Rounds*,Häkke Breach Armaments*,Kill Tracker,Tier 1: Handling*,,,,,,,,,
Veles-X,438540299,"""6917530188609846460""",,Legendary,3,Pulse Rifle,monumentoftriumph,Energy,Void,primary,425,Aggressive Burst,Range,2,Vault,false,false,false,8,28,,74,41,35,80,18,0,0,0,67,450,38,36,18,0,0,0,0,0,0,0,0,19,54,0,0,false,0,0,hakke,,,Aggressive Burst*,Chambered Compensator*,Extended Barrel,High-Caliber Rounds*,Flared Magwell,Rapid Hit*,Lone Wolf,Golden Tricorn Enhanced*,Firefly,Vanguard Determination*,Häkke Breach Armaments,Kill Tracker,Tier 2: Range*,,,,,,
Verglas Curve,3659414143,"""6917529878552351427""",,Exotic,0,Combat Bow,seasonpass,KineticSlot,Stasis,primary,466,Hail Barrage,,,Vault,false,false,false,6,20,,60,83,68,0,18,0,0,0,63,0,60,0,72,0,567,53,0,0,0,0,0,20,70,0,0,false,0,127,,,,Hail Barrage*,Natural String*,Straight Fletching*,Hail Storm*,Kill Tracker,Heritance of the Thaw*,Empty Catalyst Socket*,,,,,,,,,,,,
Vexcalibur,3118061005,"""6917529873727644874""",,Exotic,0,Glaive,avalon,Energy,Void,special,481,M1R Distribution Matrix,,10,Hunter(60),false,false,false,6,20,,0,74,80,95,0,0,0,0,0,80,62,7,82,0,0,0,0,0,0,0,0,10,55,0,0,crafted,8,858,,,,M1R Distribution Matrix*,Ballistic Tuning*,Extended Mag*,Perpetual Loophole*,Hand-Laid Stock*,Kill Tracker,Expert Authorization Override*,,,,,,,,,,,,
Vigilance Wing,3628991659,"""6917529796688031143""",,Exotic,0,Pulse Rifle,,KineticSlot,Kinetic,primary,10,Harsh Truths,,10,Vault,false,false,false,1,1,,79,60,33,65,17,0,0,0,70,530,40,30,43,0,0,0,0,0,0,0,0,21,55,0,0,false,0,1,,,,Harsh Truths*,Corkscrew Rifling*,Alloy Magazine*,Last Stand*,Composite Stock*,Crucible Tracker,Vigilance Wing Catalyst*,,,,,,,,,,,,
Volta Bracket,3920310144,"""6917529875322235559""",keep,Legendary,0,Sniper Rifle,campaign,KineticSlot,Strand,special,10,Aggressive Frame,Reload Speed,1,Vault,true,false,false,6,20,,76,43,90,77,50,0,0,0,28,72,29,4,29,0,0,0,0,0,0,0,0,3,28,0,0,false,0,0,,,,Aggressive Frame*,Corkscrew Rifling*,Smallbore,Appended Mag*,Flared Magwell,Firmly Planted*,Hatchling*,Nanotech Tracer Missiles*,Kill Tracker,Tier 1: Reload Speed*,,,,,,,,,
Vouchsafe,3242168339,"""6917529767904495040""",,Legendary,0,Scout Rifle,dreaming,Energy,Void,primary,10,Lightweight Frame,Stability,1,Vault,false,false,false,2,4,,57,73,60,43,20,0,0,0,43,200,55,15,58,0,0,0,0,0,0,0,0,10,51,0,0,false,0,0,,,,Lightweight Frame*,Chambered Compensator*,Full Bore,Accurized Rounds*,Flared Magwell,Fourth Time's the Charm*,Vorpal Weapon*,Kill Tracker,Tier 1: Stability*,,,,,,,,,,
Vouchsafe,3242168339,"""6917529866071736407""",,Legendary,0,Scout Rifle,dreaming,Energy,Void,primary,10,Lightweight Frame,Handling,4,Vault,false,false,false,2,4,,47,73,60,53,20,0,0,0,32,200,55,15,67,0,0,0,0,0,0,0,0,10,51,0,0,false,0,0,,,,Lightweight Frame*,Hammer-Forged Rifling*,Polygonal Rifling,Accurized Rounds*,Extended Mag,Outlaw*,Explosive Payload*,Kill Tracker,Tier 4: Handling*,,,,,,,,,,
Vouchsafe,355922321,"""6917529961362650243""",,Legendary,0,Scout Rifle,dreaming,Energy,Void,primary,10,Lightweight Frame,Stability,2,Vault,false,false,false,6,23,,57,73,60,43,20,0,0,0,34,200,35,18,53,0,0,0,0,0,0,0,0,20,51,0,0,false,0,0,,,,Lightweight Frame*,Extended Barrel*,Polygonal Rifling,Extended Mag*,Steady Rounds,Fourth Time's the Charm*,Golden Tricorn*,Advanced Reflexes*,Kill Tracker,Tier 2: Stability*,,,,,,,,,
Vouchsafe,355922321,"""6917529961894155892""",,Legendary,0,Scout Rifle,dreaming,Energy,Void,primary,10,Lightweight Frame,Stability,1,Vault,true,false,false,6,23,,57,73,60,43,20,0,0,0,43,200,55,15,58,0,0,0,0,0,0,0,0,10,51,0,0,false,0,0,,,,Lightweight Frame*,Chambered Compensator*,Polygonal Rifling,Accurized Rounds*,Flared Magwell,Repulsor Brace*,Destabilizing Rounds*,Advanced Reflexes*,Kill Tracker,Tier 1: Stability*,,,,,,,,,
Vouchsafe,355922321,"""6917529970119003473""",,Legendary,0,Scout Rifle,dreaming,Energy,Void,primary,10,Lightweight Frame,Range,3,Vault,false,false,false,6,23,,77,73,60,46,20,0,0,0,32,200,55,15,73,0,0,0,0,0,0,0,0,10,51,0,0,false,0,0,,,"AI v2.3 COULD DELETE — same weapon name, hash/version, and intrinsic frame as the proposed retained copy. Best legal perk combo scores 4.8 below the best copy. Retain Vouchsafe ID 6917529961894155892. Still review origin-trait selection, barrels, magazines, Masterwork, stats, source, build role, and personal feel before dismantling.",Lightweight Frame*,Arrowhead Brake*,Polygonal Rifling,Accurized Rounds*,Extended Mag,Outlaw*,Golden Tricorn*,Advanced Reflexes*,Kill Tracker,Tier 3: Range*,,,,,,,,,
VS Chill Inhibitor,1762785662,"""6917530188838788683""",,Legendary,0,Grenade Launcher,dungeon,Power,Stasis,heavy,415,Rapid-Fire Frame,Reload Speed,1,Vault,false,false,false,7,25,,100,32,0,0,13,20,59,0,45,150,30,6,35,0,0,0,0,0,0,0,0,18,50,0,0,false,0,0,,,,Rapid-Fire Frame*,Countermass*,Spike Grenades*,Envious Arsenal*,Bait and Switch*,Bray Legacy*,Kill Tracker,Tier 1: Reload Speed*,,,,,,,,,,,
VS Gravitic Arrest,93061497,"""6917530064714714192""",,Legendary,0,Fusion Rifle,dungeon,Energy,Void,special,10,Adaptive Frame,Reload Speed,1,Vault,false,false,false,7,25,,55,50,70,44,15,0,0,0,53,0,32,7,45,667,0,0,0,0,0,0,0,9,36,0,0,false,0,0,,,,Adaptive Frame*,Fluted Barrel*,Polygonal Rifling,Accelerated Coils,Projection Fuse*,Heating Up*,Successful Warm-Up*,Bray Legacy*,Kill Tracker,Backup Mag*,Tier 1: Reload Speed*,,,,,,,,
VS Gravitic Arrest,93061497,"""6917530065012110930""",,Legendary,0,Fusion Rifle,dungeon,Energy,Void,special,10,Adaptive Frame,Handling,1,Vault,false,false,false,7,25,,65,50,70,44,15,0,0,0,58,0,31,6,21,667,0,0,0,0,0,0,0,9,36,0,0,false,0,0,,,,Adaptive Frame*,Extended Barrel*,Full Bore,Particle Repeater*,Projection Fuse,Demolitionist*,Fragile Focus*,Bray Legacy*,Kill Tracker,Tier 1: Handling*,,,,,,,,,
VS Velocity Baton,1762785663,"""6917530063080243643""",,Legendary,0,Grenade Launcher,dungeon,Energy,Void,special,10,Area Denial Frame,Velocity,3,Vault,false,false,false,7,25,,69,71,0,0,13,100,77,0,44,72,80,1,70,0,0,0,0,0,0,0,0,4,69,0,0,false,0,0,,,,Area Denial Frame*,Confined Launch*,Quick Launch,High-Velocity Rounds*,Implosion Rounds,Under-Over*,Destabilizing Rounds*,Bray Legacy*,Kill Tracker,Tier 3: Velocity*,,,,,,,,,
Vulpecula,1622998472,"""6917529461253983809""",,Legendary,0,Hand Cannon,lost,KineticSlot,Stasis,primary,10,Precision Frame,Stability,1,Vault,false,false,false,4,15,,100,69,78,42,14,0,0,0,64,180,52,12,24,0,0,0,0,0,0,0,0,35,52,0,0,false,0,0,,,,Precision Frame*,Chambered Compensator*,Hammer-Forged Rifling,Accurized Rounds*,Steady Rounds,Killing Wind*,Headstone*,Kill Tracker,Tier 1: Stability*,,,,,,,,,,
Waking Vigil,3723679465,"""6917529958680349336""",,Legendary,0,Hand Cannon,dreaming,Energy,Arc,primary,10,Adaptive Frame,Handling,3,Vault,false,false,false,6,23,,100,82,84,47,14,0,0,0,48,140,71,12,56,0,0,0,0,0,0,0,0,10,46,0,0,false,0,0,,,,Adaptive Frame*,Extended Barrel*,Polygonal Rifling,Alloy Magazine,Flared Magwell*,Outlaw*,Kill Clip*,Advanced Reflexes*,Kill Tracker,Tier 3: Handling*,,,,,,,,,
Waking Vigil,3723679465,"""6917529958683800696""",,Legendary,0,Hand Cannon,dreaming,Energy,Arc,primary,10,Adaptive Frame,Handling,2,Vault,false,false,false,6,23,,98,82,84,42,14,0,0,0,48,140,56,12,70,0,0,0,0,0,0,0,0,10,46,0,0,false,0,0,,,,Adaptive Frame*,Corkscrew Rifling*,Extended Barrel,Alloy Magazine*,Appended Mag,Perpetual Motion*,Voltshot*,Advanced Reflexes*,Kill Tracker,Tier 2: Handling*,,,,,,,,,
Waking Vigil,3723679465,"""6917529961894156131""",,Legendary,0,Hand Cannon,dreaming,Energy,Arc,primary,10,Adaptive Frame,Stability,1,Vault,false,false,false,6,23,,100,82,84,42,14,0,0,0,64,140,56,14,58,0,0,0,0,0,0,0,0,10,46,0,0,false,0,0,,,,Adaptive Frame*,Chambered Compensator*,Full Bore,Ricochet Rounds*,Light Mag,Envious Assassin*,Dragonfly*,Advanced Reflexes*,Kill Tracker,Backup Mag*,Tier 1: Stability*,,,,,,,,
Waking Vigil,3723679465,"""6917529971510809382""",,Legendary,0,Hand Cannon,dreaming,Energy,Arc,primary,10,Adaptive Frame,Stability,3,Vault,false,false,false,6,23,,98,82,84,47,14,0,0,0,61,140,56,12,68,0,0,0,0,0,0,0,0,10,46,0,0,false,0,0,,,,Adaptive Frame*,Corkscrew Rifling*,Fluted Barrel,Ricochet Rounds*,Light Mag,Outlaw*,Attrition Orbs*,Advanced Reflexes*,Kill Tracker,Tier 3: Stability*,,,,,,,,,
Waking Vigil,1727550459,"""6917530187774865863""",,Legendary,3,Hand Cannon,dreaming,Energy,Arc,primary,398,Lightweight Frame,Reload Speed,2,Vault,false,false,false,8,28,,98,82,84,47,14,0,0,0,48,140,58,12,68,0,0,0,0,0,0,0,0,10,46,0,0,false,0,0,,,,Lightweight Frame*,Corkscrew Rifling*,Fluted Barrel,Armor-Piercing Rounds*,High-Caliber Rounds,Perpetual Motion*,Keep Away,Dragonfly*,Meganeura,Advanced Reflexes*,Kill Tracker,Tier 2: Reload Speed*,,,,,,,
Waking Vigil,1727550459,"""6917530193066928799""",,Legendary,3,Hand Cannon,dreaming,Energy,Arc,primary,470,Lightweight Frame,Stability,4,Vault,false,false,false,8,28,,100,82,84,42,14,0,0,0,47,140,56,12,73,0,0,0,0,0,0,0,0,10,46,0,0,false,0,0,,,,Lightweight Frame*,Arrowhead Brake*,Hammer-Forged Rifling,Armor-Piercing Rounds*,Light Mag,Light Touch*,Keep Away,Opening Shot*,Kill Clip,Advanced Reflexes*,Kill Tracker,Tier 4: Stability*,,,,,,,
Warden's Law,1821529912,"""6917529973022070246""",,Legendary,0,Hand Cannon,nightfall,KineticSlot,Kinetic,primary,10,Heavy Burst,Handling,4,Vault,false,false,false,6,22,,100,68,92,51,14,0,0,0,54,257,27,16,23,0,0,0,0,0,0,0,0,17,52,0,0,false,0,0,,,,Heavy Burst*,Chambered Compensator*,Smallbore,Steady Rounds*,Alloy Magazine,Fourth Time's the Charm*,Kill Clip*,Stunning Recovery*,Vanguard's Vindication,Kill Tracker,Tier 4: Handling*,,,,,,,,
Wastelander M5,1679868061,"""6917529683155077698""",,Legendary,0,Shotgun,30th,KineticSlot,Kinetic,special,10,Lightweight Frame,Reload Speed,3,Vault,false,false,false,4,15,,51,49,65,54,12,0,0,0,40,80,62,6,66,0,0,0,0,0,0,0,0,2,26,0,0,false,0,0,tex-mechanica,,,Lightweight Frame*,Smoothbore,Full Choke*,Accurized Rounds*,Light Mag,Lead from Gold*,Trench Barrel*,Hot Swap*,Kill Tracker,Tier 3: Reload Speed*,,,,,,,,,
Wastelander M5,1679868061,"""6917529891767278652""",,Legendary,0,Shotgun,30th,KineticSlot,Kinetic,special,10,Lightweight Frame,Handling,5,Vault,false,false,false,4,15,,51,49,65,59,12,0,0,0,40,80,69,6,56,0,0,0,0,0,0,0,0,2,26,0,0,false,0,0,tex-mechanica,,,Lightweight Frame*,Rifled Barrel*,Corkscrew Rifling,Extended Mag,Light Mag*,Lead from Gold*,One-Two Punch*,Hot Swap*,Kill Tracker,Tier 5: Handling*,,,,,,,,,
Wavesplitter,1852863732,"""6917529895762411409""",,Exotic,0,Trace Rifle,,Energy,Void,special,426,Harmonic Laser,,,Vault,false,false,false,2,4,,100,100,6,67,16,0,0,0,96,1000,45,100,46,0,0,0,0,0,0,0,0,14,50,0,0,false,0,0,omolon,,,Harmonic Laser*,Polygonal Rifling*,Enhanced Battery*,Supercharged Battery*,Fitted Stock*,Kill Tracker,Empty Catalyst Socket*,,,,,,,,,,,,
Wendigo GL3 (Adept),3915197957,"""6917529895507177486""",,Legendary,0,Grenade Launcher,nightfall,Power,Arc,heavy,10,Adaptive Frame,Velocity,1,Vault,true,false,false,6,20,,78,66,0,0,13,75,30,0,38,120,46,6,36,0,0,0,0,0,0,0,0,16,43,0,0,false,0,0,omolon,,,Adaptive Frame*,Volatile Launch*,Confined Launch,High-Explosive Ordnance*,Mini Frags,Auto-Loading Holster*,Clown Cartridge,Golden Tricorn*,Stunning Recovery*,Vanguard's Vindication,Omolon Fluid Dynamics,Kill Tracker,Backup Mag*,Tier 1: Velocity*,Carminica*,,,,
Whatchamacallit,357669417,"""6917530188901089200""",,Legendary,1,Submachine Gun,monumentoftriumph,Energy,Arc,primary,417,Aggressive Burst,Stability,2,Vault,false,false,false,8,28,,81,29,24,52,15,0,0,0,33,600,24,56,46,0,0,0,0,0,0,0,0,25,42,0,0,false,0,0,hakke,,,Aggressive Burst*,Hammer-Forged Rifling*,Polygonal Rifling,Appended Mag*,Extended Mag,Stats for All*,Gear Shift*,Problem Solver*,Vanguard Determination,Häkke Breach Armaments,Kill Tracker,Tier 2: Stability*,,,,,,,
Whatchamacallit,357669417,"""6917530188902819496""",,Legendary,1,Submachine Gun,monumentoftriumph,Energy,Arc,primary,417,Aggressive Burst,Handling,4,Vault,false,false,false,8,28,,81,29,24,37,15,0,0,0,51,600,24,56,65,0,0,0,0,0,0,0,0,32,42,0,0,false,0,0,hakke,,,Aggressive Burst*,Fluted Barrel*,Polygonal Rifling,Steady Rounds*,Alloy Magazine,Collective Pugilism*,Gear Shift*,Problem Solver*,Vanguard Determination,Häkke Breach Armaments,Kill Tracker,Tier 4: Handling*,,,,,,,
Whisper of the Worm,1983149589,"""6917529997616595154""",,Exotic,0,Sniper Rifle,,Power,Solar,heavy,10,White Nail,,10,Vault,false,false,false,1,3,,94,39,100,85,40,0,0,0,35,72,36,3,23,0,0,0,0,0,0,0,0,80,50,0,0,crafted,1,0,,,,White Nail*,Polygonal Rifling*,Accurized Rounds*,Mulligan*,Fitted Stock*,Kill Tracker,,,,,,,,,,,,,
Whisper of the Worm,1983149589,"""6917529997642907065""",,Exotic,0,Sniper Rifle,,Power,Solar,heavy,10,White Nail,,10,Vault,false,false,false,1,3,,94,39,100,85,40,0,0,0,35,72,66,3,23,0,0,0,0,0,0,0,0,80,50,0,0,crafted,18,0,,,,White Nail*,Polygonal Rifling*,Accurized Rounds*,Mulligan*,Fitted Stock*,Whispered Breathing*,Kill Tracker,,,,,,,,,,,,
Whispering Slab,211938782,"""6917529203770156139""",keep,Legendary,0,Combat Bow,contact,KineticSlot,Kinetic,primary,10,Lightweight Frame,Draw Time,3,Vault,false,false,false,3,11,,55,75,68,0,18,0,0,0,53,0,60,0,65,0,523,37,0,0,0,0,0,10,59,0,0,false,0,0,,,,Lightweight Frame*,Agile Bowstring,Polymer String*,Carbon Arrow Shaft,Straight Fletching*,Quickdraw*,Opening Shot,Demolitionist*,Kill Tracker,Tier 3: Draw Time*,,,,,,,,,
Wicked Implement,940371471,"""6917530187950788942""",,Exotic,0,Scout Rifle,seasonpass,KineticSlot,Stasis,primary,407,Creeping Attrition,,,Vault,false,false,false,6,21,,95,65,45,62,20,0,0,0,70,260,41,20,44,0,0,0,0,0,0,0,0,18,51,0,0,false,0,0,,,,Creeping Attrition*,Corkscrew Rifling*,Accurized Rounds*,Tithing Harvest*,Fitted Stock*,Kill Tracker,Empty Catalyst Socket*,,,,,,,,,,,,
Wilderflight,2306182339,"""6917529994919627383""",,Legendary,0,Grenade Launcher,,Energy,Void,special,10,Double Fire,Blast Radius,3,Vault,false,false,false,5,19,,25,67,0,0,13,73,93,0,35,100,42,1,43,0,0,0,0,0,0,0,0,4,10,0,0,false,0,0,tex-mechanica,,,Double Fire*,Confined Launch*,Quick Launch,High-Velocity Rounds*,Implosion Rounds,Auto-Loading Holster*,Pugilist*,Tex Balanced Stock*,Kill Tracker,Tier 3: Blast Radius*,,,,,,,,,
Winterbite,3118061004,"""6917529891321701522""",,Exotic,0,Glaive,exoticquest,Power,Stasis,heavy,10,Big Frigid Glaive,,,Vault,false,false,false,6,20,,0,81,95,85,0,0,0,0,0,45,5,4,0,0,0,0,0,0,0,0,39,10,0,0,0,false,0,0,,,,Big Frigid Glaive*,Supercooled Accelerator*,Alloy Magazine*,Weighted Edge*,Tilting at Windmills*,Kill Tracker,Empty Catalyst Socket*,,,,,,,,,,,,
Wish-Ender,814876684,"""6917529210580774747""",favorite,Exotic,0,Combat Bow,dungeon,KineticSlot,Kinetic,primary,468,Queen's Wrath,,,Warlock(482),true,false,false,2,4,,60,51,92,0,18,0,0,0,85,0,30,0,40,0,766,85,0,0,0,0,0,19,50,0,0,false,0,2762,,00001:Solar,,Queen's Wrath*,High Tension String*,Anti-Taken Fletching*,Broadhead*,Kill Tracker,Empty Catalyst Socket*,,,,,,,,,,,,,
Wish-Keeper,2910326942,"""6917529972913608348""",,Exotic,0,Combat Bow,rivenslair,KineticSlot,Strand,primary,10,Snareweaver IV,"Stability, Handling, Reload Speed",10,Vault,false,false,false,6,23,,80,70,76,0,18,0,0,0,87,0,50,0,69,0,667,67,0,0,0,0,0,14,54,0,0,crafted,15,69,,,,Snareweaver IV*,Tactile String*,Natural Fletching*,Silkbound Slayer*,Smooth Grip*,Kill Tracker,Empty Catalyst Socket*,,,,,,,,,,,,
Wishbringer,3356526253,"""6917529399175678310""",,Legendary,0,Shotgun,crucible,Energy,Solar,special,10,Rapid-Fire Frame,Range,1,Vault,false,false,false,2,5,,43,68,65,31,12,0,0,0,46,140,58,7,42,0,0,0,0,0,0,0,0,2,64,0,0,false,0,0,fotc,,,Rapid-Fire Frame*,Barrel Shroud*,Corkscrew Rifling,Tactical Mag*,Accurized Rounds,Slideshot*,Auto-Loading Holster*,Kill Tracker,Tier 1: Range*,Crucible Legacy*,,,,,,,,,
Witherhoard,2357297366,"""6917529202138752733""",favorite,Exotic,0,Grenade Launcher,,KineticSlot,Kinetic,special,418,Primeval's Torment,Handling,10,Hunter(60),true,false,false,3,11,,100,84,0,0,12,5,12,0,68,90,33,6,100,0,0,0,0,0,0,0,0,6,46,0,0,false,0,11992,,,,Primeval's Torment*,Countermass*,Black Powder*,Break the Bank*,Composite Stock*,Kill Tracker,White Collar Crime*,Witherhoard Catalyst*,,,,,,,,,,,
Worldline Zero,1864563948,"""6917529703958900400""",,Exotic,0,Sword,,Power,Arc,heavy,10,Tesseract,,10,Vault,false,false,false,1,3,,0,0,61,0,0,0,0,0,0,0,0,69,0,0,0,0,20,40,100,40,0,0,0,0,0,false,0,307,,,,Tesseract*,Tempered Edge*,Infinite Guard*,Assassin's Blade*,Tireless Blade*,Kill Tracker,Worldline Catalyst*,,,,,,,,,,,,
Xenoclast IV,2891672170,"""6917529397588316779""",,Legendary,0,Shotgun,strikes,Energy,Arc,special,10,Lightweight Frame,Reload Speed,4,Vault,false,false,false,4,12,,57,44,65,62,12,0,0,0,40,80,58,6,66,0,0,0,0,0,0,0,0,2,23,0,0,false,0,0,cassoid,,,Lightweight Frame*,Smallbore*,Full Choke,Accurized Rounds*,Light Mag,Grave Robber*,Swashbuckler*,Kill Tracker,Tier 4: Reload Speed*,,,,,,,,,,
Xenophage,1395261499,"""6917529265046853707""",,Exotic,0,Machine Gun,exoticquest,Power,Solar,heavy,10,Pyrotoxin Rounds,,,Vault,false,false,false,3,8,,85,33,100,88,16,0,0,0,27,120,31,20,30,0,0,0,0,0,0,0,0,12,3,0,0,false,0,14,,,,Pyrotoxin Rounds*,Full Bore*,High-Caliber Rounds*,Rangefinder*,Composite Stock*,Kill Tracker,Empty Catalyst Socket*,,,,,,,,,,,,
Yarovit MG4,3959549446,"""6917530019475704019""",,Legendary,0,Submachine Gun,engram,KineticSlot,Stasis,primary,10,Lightweight Frame,Stability,2,Vault,false,false,false,7,24,,100,49,15,27,14,0,0,0,54,900,25,41,44,0,0,0,0,0,0,0,0,18,49,0,0,false,0,0,omolon,,,Lightweight Frame*,Chambered Compensator*,Fluted Barrel,Armor-Piercing Rounds*,Flared Magwell,Rewind Rounds*,Zen Moment*,Omolon Fluid Dynamics*,Kill Tracker,Tier 2: Stability*,,,,,,,,,
Yarovit MG4,3959549446,"""6917530025490362321""",,Legendary,0,Submachine Gun,engram,KineticSlot,Stasis,primary,10,Lightweight Frame,Range,1,Vault,false,false,false,7,24,,100,49,15,23,14,0,0,0,52,900,25,44,44,0,0,0,0,0,0,0,0,18,49,0,0,false,0,0,omolon,,,Lightweight Frame*,Chambered Compensator*,Corkscrew Rifling,Appended Mag*,Armor-Piercing Rounds,Rewind Rounds*,Headstone*,Omolon Fluid Dynamics*,Kill Tracker,Tier 1: Range*,,,,,,,,,
Yarovit MG4,3959549446,"""6917530026419026212""",,Legendary,0,Submachine Gun,engram,KineticSlot,Stasis,primary,10,Lightweight Frame,Reload Speed,3,Vault,false,false,false,7,24,,100,49,15,22,14,0,0,0,42,900,28,44,59,0,0,0,0,0,0,0,0,18,69,0,0,false,0,0,omolon,,,Lightweight Frame*,Arrowhead Brake*,Smallbore,Appended Mag*,Light Mag,Air Trigger*,Desperate Measures*,Omolon Fluid Dynamics*,Kill Tracker,Tier 3: Reload Speed*,,,,,,,,,
Yarovit MG4,3959549446,"""6917530029192268017""",,Legendary,0,Submachine Gun,engram,KineticSlot,Stasis,primary,10,Lightweight Frame,Range,3,Vault,false,false,false,7,24,,100,49,15,25,14,0,0,0,42,900,5,45,59,0,0,0,0,0,0,0,0,28,49,0,0,false,0,0,omolon,,,Lightweight Frame*,Arrowhead Brake*,Polygonal Rifling,Extended Mag*,Alloy Magazine,Encore*,Headstone*,Omolon Fluid Dynamics*,Kill Tracker,Tier 3: Range*,,,,,,,,,
Yarovit MG4,3959549446,"""6917530071961944704""",,Legendary,0,Submachine Gun,engram,KineticSlot,Stasis,primary,10,Lightweight Frame,Range,2,Vault,false,false,false,7,24,,98,49,15,29,14,0,0,0,47,900,25,44,54,0,0,0,0,0,0,0,0,18,49,0,0,false,0,0,omolon,,"AI v2.3 COULD DELETE — same weapon name, hash/version, and intrinsic frame as the proposed retained copy. Best legal perk combo scores 3.2 below the best copy. Retain Yarovit MG4 ID 6917530025490362321. Still review origin-trait selection, barrels, magazines, Masterwork, stats, source, build role, and personal feel before dismantling.",Lightweight Frame*,Corkscrew Rifling*,Full Bore,Appended Mag*,Light Mag,Encore*,Collective Action*,Omolon Fluid Dynamics*,Kill Tracker,Tier 2: Range*,,,,,,,,,
Yeartide Apex,3293207827,"""6917530192912235109""",,Legendary,4,Submachine Gun,events,Energy,Solar,primary,468,Lightweight Frame,Reload Speed,2,Vault,false,false,false,8,27,Solstice,100,54,15,44,14,0,0,0,31,900,29,41,60,0,0,0,0,0,0,0,0,25,69,0,0,false,0,0,tex-mechanica,,,Lightweight Frame*,Full Bore*,Hammer-Forged Rifling,Alloy Magazine*,Ricochet Rounds,Transcendent Moment*,Feeding Frenzy,Burning Ambition*,Chaos Reshaped,Dream Work*,Tex Balanced Stock,Kill Tracker,Tier 2: Reload Speed*,,,,,,
Zaouli's Bane,431721920,"""6917530009120755674""",favorite,Legendary,0,Hand Cannon,kingsfall,Energy,Solar,primary,479,Adaptive Frame,Reload Speed,10,Warlock(482),false,false,false,5,18,,89,77,84,43,14,0,0,0,62,140,68,13,61,0,0,0,0,0,0,0,0,19,50,0,0,false,0,457,,00001:Beta,,Adaptive Frame*,Arrowhead Brake,Fluted Barrel*,Accurized Rounds,Flared Magwell*,Opening Shot*,Demolitionist*,Runneth Over*,Kill Tracker,Backup Mag*,Masterworked: Reload Speed*,,,,,,,,